INFO 2026-01-14 18:35:07,302 utils 5796 3316 Processing notification send request
INFO 2026-01-14 18:35:07,306 views 5796 3316 Sending to all users: 4 users
INFO 2026-01-14 18:35:07,689 utils 5796 3316 Created notification 5 for p.mugabe@admin_btsl_mentorship.com
INFO 2026-01-14 18:35:11,054 utils 5796 3316 Email sent to princemugabe568@gmail.com
INFO 2026-01-14 18:35:11,062 utils 5796 3316 Created notification 6 for p.mugabe@mentee_btsl_mentorship.com
INFO 2026-01-14 18:35:14,019 utils 5796 3316 Email sent to princemugabe561@gmail.com
INFO 2026-01-14 18:35:14,027 utils 5796 3316 Created notification 7 for i.iribagiza@mentor_btsl_mentorship.com
INFO 2026-01-14 18:35:17,089 utils 5796 3316 Email sent to iribagizaisimbi568@gmail.com
INFO 2026-01-14 18:35:17,102 utils 5796 3316 Created notification 8 for m.prince@mentor_btsl_mentorship.com
INFO 2026-01-14 18:35:20,133 utils 5796 3316 Email sent to mugemajames2000@gmail.com
INFO 2026-01-14 18:35:20,272 utils 5796 3316 Notification send completed
INFO 2026-02-10 13:02:28,374 autoreload 292 9500 Watching for file changes with StatReloader
INFO 2026-02-10 14:58:24,725 basehttp 292 3704 "OPTIONS /auth/password-reset/request-otp/ HTTP/1.1" 200 0
INFO 2026-02-10 14:58:24,914 views 292 3704 
==================================================
INFO 2026-02-10 14:58:24,914 views 292 3704 PASSWORD RESET OTP REQUEST
INFO 2026-02-10 14:58:24,915 views 292 3704 ==================================================
INFO 2026-02-10 14:58:24,984 views 292 3704 User found: Prince MUGABE
INFO 2026-02-10 14:58:24,985 views 292 3704 Generated OTP: 738820 for user: p.mugabe@admin_codepulse_africa_ltd.com
INFO 2026-02-10 14:58:25,024 utils 292 3704 OTP stored in cache with key: reset_otp_p.mugabe@admin_codepulse_africa_ltd.com
INFO 2026-02-10 14:58:25,025 views 292 3704 OTP stored with cache key: reset_otp_p.mugabe@admin_codepulse_africa_ltd.com
INFO 2026-02-10 14:58:25,025 views 292 3704 Attempting to send OTP email to princemugabe568@gmail.com...
INFO 2026-02-10 14:58:29,789 utils 292 3704 OTP email sent successfully to princemugabe568@gmail.com
INFO 2026-02-10 14:58:30,601 views 292 3704 SUCCESS: OTP sent to princemugabe568@gmail.com
INFO 2026-02-10 14:58:30,605 views 292 3704 ==================================================

INFO 2026-02-10 14:58:30,621 basehttp 292 3704 "POST /auth/password-reset/request-otp/ HTTP/1.1" 200 189
INFO 2026-02-10 14:58:59,359 basehttp 292 3704 "OPTIONS /auth/password-reset/verify-otp/ HTTP/1.1" 200 0
INFO 2026-02-10 14:58:59,365 views 292 3704 
==================================================
INFO 2026-02-10 14:58:59,366 views 292 3704 VERIFY RESET OTP
INFO 2026-02-10 14:58:59,366 views 292 3704 ==================================================
INFO 2026-02-10 14:58:59,367 views 292 3704 Verifying OTP for: p.mugabe@admin_codepulse_africa_ltd.com
ERROR 2026-02-10 14:58:59,368 views 292 3704 ERROR: OTP verification failed - OTP has expired or was not found. Please request a new OTP.
WARNING 2026-02-10 14:58:59,546 basehttp 292 3704 "POST /auth/password-reset/verify-otp/ HTTP/1.1" 400 71
INFO 2026-02-10 14:59:03,288 views 292 3704 
==================================================
INFO 2026-02-10 14:59:03,290 views 292 3704 PASSWORD RESET OTP REQUEST
INFO 2026-02-10 14:59:03,291 views 292 3704 ==================================================
INFO 2026-02-10 14:59:03,307 views 292 3704 User found: Prince MUGABE
INFO 2026-02-10 14:59:03,308 views 292 3704 Generated OTP: 920357 for user: p.mugabe@admin_codepulse_africa_ltd.com
INFO 2026-02-10 14:59:03,309 utils 292 3704 OTP stored in cache with key: reset_otp_p.mugabe@admin_codepulse_africa_ltd.com
INFO 2026-02-10 14:59:03,309 views 292 3704 OTP stored with cache key: reset_otp_p.mugabe@admin_codepulse_africa_ltd.com
INFO 2026-02-10 14:59:03,310 views 292 3704 Attempting to send OTP email to princemugabe568@gmail.com...
INFO 2026-02-10 14:59:06,577 utils 292 3704 OTP email sent successfully to princemugabe568@gmail.com
INFO 2026-02-10 14:59:06,668 views 292 3704 SUCCESS: OTP sent to princemugabe568@gmail.com
INFO 2026-02-10 14:59:06,669 views 292 3704 ==================================================

INFO 2026-02-10 14:59:06,670 basehttp 292 3704 "POST /auth/password-reset/request-otp/ HTTP/1.1" 200 189
INFO 2026-02-10 14:59:37,185 views 292 7068 
==================================================
INFO 2026-02-10 14:59:37,186 views 292 7068 VERIFY RESET OTP
INFO 2026-02-10 14:59:37,187 views 292 7068 ==================================================
INFO 2026-02-10 14:59:37,188 views 292 7068 Verifying OTP for: p.mugabe@admin_codepulse_africa_ltd.com
ERROR 2026-02-10 14:59:37,189 views 292 7068 ERROR: OTP verification failed - OTP has expired or was not found. Please request a new OTP.
WARNING 2026-02-10 14:59:37,483 basehttp 292 7068 "POST /auth/password-reset/verify-otp/ HTTP/1.1" 400 71
INFO 2026-02-10 14:59:44,452 views 292 7068 
==================================================
INFO 2026-02-10 14:59:44,453 views 292 7068 PASSWORD RESET OTP REQUEST
INFO 2026-02-10 14:59:44,454 views 292 7068 ==================================================
INFO 2026-02-10 14:59:44,469 views 292 7068 User found: Prince MUGABE
INFO 2026-02-10 14:59:44,470 views 292 7068 Generated OTP: 363688 for user: p.mugabe@admin_codepulse_africa_ltd.com
INFO 2026-02-10 14:59:44,471 utils 292 7068 OTP stored in cache with key: reset_otp_p.mugabe@admin_codepulse_africa_ltd.com
INFO 2026-02-10 14:59:44,471 views 292 7068 OTP stored with cache key: reset_otp_p.mugabe@admin_codepulse_africa_ltd.com
INFO 2026-02-10 14:59:44,472 views 292 7068 Attempting to send OTP email to princemugabe568@gmail.com...
INFO 2026-02-10 14:59:47,545 utils 292 7068 OTP email sent successfully to princemugabe568@gmail.com
INFO 2026-02-10 14:59:47,644 views 292 7068 SUCCESS: OTP sent to princemugabe568@gmail.com
INFO 2026-02-10 14:59:47,647 views 292 7068 ==================================================

INFO 2026-02-10 14:59:47,650 basehttp 292 7068 "POST /auth/password-reset/request-otp/ HTTP/1.1" 200 189
INFO 2026-02-10 15:00:01,808 views 292 7068 
==================================================
INFO 2026-02-10 15:00:01,812 views 292 7068 VERIFY RESET OTP
INFO 2026-02-10 15:00:01,813 views 292 7068 ==================================================
INFO 2026-02-10 15:00:01,816 views 292 7068 Verifying OTP for: p.mugabe@admin_codepulse_africa_ltd.com
INFO 2026-02-10 15:00:01,938 views 292 7068 SUCCESS: OTP verified for p.mugabe@admin_codepulse_africa_ltd.com
INFO 2026-02-10 15:00:01,939 views 292 7068 ==================================================

INFO 2026-02-10 15:00:01,940 basehttp 292 7068 "POST /auth/password-reset/verify-otp/ HTTP/1.1" 200 151
INFO 2026-02-10 15:00:16,890 basehttp 292 7068 "OPTIONS /auth/password-reset/confirm/ HTTP/1.1" 200 0
INFO 2026-02-10 15:00:16,896 views 292 7068 
==================================================
INFO 2026-02-10 15:00:16,897 views 292 7068 PASSWORD RESET WITH OTP
INFO 2026-02-10 15:00:16,898 views 292 7068 ==================================================
INFO 2026-02-10 15:00:16,912 views 292 7068 User found: Prince MUGABE
INFO 2026-02-10 15:00:18,952 views 292 7068 SUCCESS: Password updated for user: p.mugabe@admin_codepulse_africa_ltd.com
INFO 2026-02-10 15:00:22,313 views 292 7068 SUCCESS: Confirmation email sent to princemugabe568@gmail.com
INFO 2026-02-10 15:00:22,439 views 292 7068 ==================================================

INFO 2026-02-10 15:00:22,440 basehttp 292 7068 "POST /auth/password-reset/confirm/ HTTP/1.1" 200 117
INFO 2026-02-10 15:03:15,118 basehttp 292 7068 "OPTIONS /auth/login/ HTTP/1.1" 200 0
ERROR 2026-02-10 15:03:23,234 basehttp 292 7068 "POST /auth/login/ HTTP/1.1" 500 72
INFO 2026-02-10 19:33:20,801 autoreload 292 9500 D:\DJANGO\FINAL YEAR PROJECTS\Gatete Bertrand\backend\userApp\serializers.py changed, reloading.
INFO 2026-02-10 19:33:38,140 autoreload 16100 12696 Watching for file changes with StatReloader
INFO 2026-02-10 19:33:45,186 autoreload 16100 12696 D:\DJANGO\FINAL YEAR PROJECTS\Gatete Bertrand\backend\userApp\serializers.py changed, reloading.
INFO 2026-02-10 19:33:47,005 autoreload 4408 5396 Watching for file changes with StatReloader
INFO 2026-02-10 19:34:05,014 autoreload 4408 5396 D:\DJANGO\FINAL YEAR PROJECTS\Gatete Bertrand\backend\userApp\serializers.py changed, reloading.
INFO 2026-02-10 19:34:06,919 autoreload 10888 16392 Watching for file changes with StatReloader
INFO 2026-02-10 19:34:27,080 autoreload 10888 16392 D:\DJANGO\FINAL YEAR PROJECTS\Gatete Bertrand\backend\userApp\serializers.py changed, reloading.
INFO 2026-02-10 19:34:29,135 autoreload 9432 16604 Watching for file changes with StatReloader
INFO 2026-02-10 19:34:35,628 autoreload 9432 16604 D:\DJANGO\FINAL YEAR PROJECTS\Gatete Bertrand\backend\userApp\serializers.py changed, reloading.
INFO 2026-02-10 19:34:38,815 autoreload 6424 16660 Watching for file changes with StatReloader
INFO 2026-02-10 19:34:45,307 autoreload 6424 16660 D:\DJANGO\FINAL YEAR PROJECTS\Gatete Bertrand\backend\userApp\serializers.py changed, reloading.
INFO 2026-02-10 19:34:47,458 autoreload 12696 6084 Watching for file changes with StatReloader
INFO 2026-02-10 19:35:04,849 autoreload 12696 6084 D:\DJANGO\FINAL YEAR PROJECTS\Gatete Bertrand\backend\userApp\serializers.py changed, reloading.
INFO 2026-02-10 19:35:08,309 autoreload 3124 14588 Watching for file changes with StatReloader
INFO 2026-02-10 19:35:38,496 autoreload 3124 14588 D:\DJANGO\FINAL YEAR PROJECTS\Gatete Bertrand\backend\userApp\serializers.py changed, reloading.
INFO 2026-02-10 19:35:40,130 autoreload 13560 8316 Watching for file changes with StatReloader
INFO 2026-02-10 19:35:56,830 basehttp 13560 3140 "OPTIONS /auth/login/ HTTP/1.1" 200 0
ERROR 2026-02-10 19:36:01,302 basehttp 13560 3140 "POST /auth/login/ HTTP/1.1" 500 72
INFO 2026-02-10 19:37:02,595 autoreload 13560 8316 D:\DJANGO\FINAL YEAR PROJECTS\Gatete Bertrand\backend\userApp\serializers.py changed, reloading.
INFO 2026-02-10 19:37:05,376 autoreload 14064 15244 Watching for file changes with StatReloader
INFO 2026-02-10 19:37:19,182 basehttp 14064 9892 "POST /auth/login/ HTTP/1.1" 200 887
INFO 2026-02-10 19:48:58,482 basehttp 14064 15276 "OPTIONS /departments/all/ HTTP/1.1" 200 0
INFO 2026-02-10 19:49:02,189 basehttp 14064 15276 "GET /departments/all/ HTTP/1.1" 200 84
INFO 2026-02-10 19:49:11,711 basehttp 14064 15276 "GET /departments/all/ HTTP/1.1" 200 84
INFO 2026-02-10 19:49:28,237 basehttp 14064 15276 "OPTIONS /departments/create/ HTTP/1.1" 200 0
INFO 2026-02-10 19:49:28,448 basehttp 14064 15276 "POST /departments/create/ HTTP/1.1" 201 477
INFO 2026-02-10 19:49:28,570 basehttp 14064 15276 "GET /departments/all/ HTTP/1.1" 200 492
INFO 2026-02-10 19:49:49,503 basehttp 14064 15276 "OPTIONS /departments/1/update/ HTTP/1.1" 200 0
INFO 2026-02-10 19:49:49,828 basehttp 14064 15276 "PUT /departments/1/update/ HTTP/1.1" 200 488
INFO 2026-02-10 19:49:49,998 basehttp 14064 15276 "GET /departments/all/ HTTP/1.1" 200 503
INFO 2026-02-10 19:50:41,897 basehttp 14064 15276 "GET /departments/all/ HTTP/1.1" 200 503
INFO 2026-02-10 19:50:42,041 basehttp 14064 13192 "GET /departments/all/ HTTP/1.1" 200 503
INFO 2026-02-10 19:59:10,135 basehttp 14064 7808 "OPTIONS /users/ HTTP/1.1" 200 0
INFO 2026-02-10 19:59:10,136 basehttp 14064 15588 "OPTIONS /users/ HTTP/1.1" 200 0
INFO 2026-02-10 19:59:10,304 basehttp 14064 15588 "GET /users/ HTTP/1.1" 200 371
INFO 2026-02-10 19:59:10,413 basehttp 14064 14704 "GET /departments/all/ HTTP/1.1" 200 503
INFO 2026-02-10 19:59:10,488 basehttp 14064 7808 "GET /users/ HTTP/1.1" 200 371
INFO 2026-02-10 19:59:10,677 basehttp 14064 15588 "GET /departments/all/ HTTP/1.1" 200 503
INFO 2026-02-10 19:59:27,104 basehttp 14064 15588 "GET /users/ HTTP/1.1" 200 371
INFO 2026-02-10 20:00:21,409 autoreload 14064 15244 D:\DJANGO\FINAL YEAR PROJECTS\Gatete Bertrand\backend\backend\settings.py changed, reloading.
INFO 2026-02-10 20:00:25,123 autoreload 3512 8592 Watching for file changes with StatReloader
INFO 2026-02-10 20:00:29,480 autoreload 3512 8592 D:\DJANGO\FINAL YEAR PROJECTS\Gatete Bertrand\backend\backend\settings.py changed, reloading.
INFO 2026-02-10 20:00:34,418 autoreload 16628 5612 Watching for file changes with StatReloader
INFO 2026-02-10 20:00:51,425 autoreload 16628 5612 D:\DJANGO\FINAL YEAR PROJECTS\Gatete Bertrand\backend\userApp\views.py changed, reloading.
INFO 2026-02-10 20:01:04,247 autoreload 15124 6744 Watching for file changes with StatReloader
INFO 2026-02-10 20:15:35,593 basehttp 15124 15048 "OPTIONS /auth/verify-token/ HTTP/1.1" 200 0
INFO 2026-02-10 20:15:35,599 basehttp 15124 15020 "OPTIONS /auth/verify-token/ HTTP/1.1" 200 0
INFO 2026-02-10 20:15:36,365 basehttp 15124 15048 "GET /auth/verify-token/ HTTP/1.1" 200 381
INFO 2026-02-10 20:15:36,471 basehttp 15124 15020 "GET /auth/verify-token/ HTTP/1.1" 200 381
INFO 2026-02-10 20:15:41,002 basehttp 15124 15048 "GET /departments/all/ HTTP/1.1" 200 503
INFO 2026-02-10 20:15:41,073 basehttp 15124 15020 "GET /users/ HTTP/1.1" 200 371
INFO 2026-02-10 20:15:41,199 basehttp 15124 11016 "GET /departments/all/ HTTP/1.1" 200 503
INFO 2026-02-10 20:15:41,306 basehttp 15124 15048 "GET /users/ HTTP/1.1" 200 371
ERROR 2026-02-10 20:17:27,643 basehttp 15124 15048 "POST /users/ HTTP/1.1" 500 98
INFO 2026-02-10 20:19:52,197 autoreload 15124 6744 D:\DJANGO\FINAL YEAR PROJECTS\Gatete Bertrand\backend\userApp\views.py changed, reloading.
INFO 2026-02-10 20:19:55,343 autoreload 6080 11008 Watching for file changes with StatReloader
INFO 2026-02-10 20:20:03,188 autoreload 6080 11008 D:\DJANGO\FINAL YEAR PROJECTS\Gatete Bertrand\backend\userApp\views.py changed, reloading.
INFO 2026-02-10 20:20:06,949 autoreload 8064 17172 Watching for file changes with StatReloader
INFO 2026-02-10 20:21:46,286 autoreload 8064 17172 D:\DJANGO\FINAL YEAR PROJECTS\Gatete Bertrand\backend\userApp\views.py changed, reloading.
INFO 2026-02-10 20:21:49,127 autoreload 14688 15100 Watching for file changes with StatReloader
INFO 2026-02-11 06:48:23,240 basehttp 14688 14604 "OPTIONS /auth/logout/ HTTP/1.1" 200 0
INFO 2026-02-11 06:48:23,241 basehttp 14688 16992 "OPTIONS /auth/logout/ HTTP/1.1" 200 0
INFO 2026-02-11 06:48:38,067 basehttp 14688 16992 - Broken pipe from ('127.0.0.1', 62104)
INFO 2026-02-11 06:48:38,166 basehttp 14688 14604 - Broken pipe from ('127.0.0.1', 62105)
INFO 2026-02-11 06:53:37,559 basehttp 14688 13408 "OPTIONS /auth/login/ HTTP/1.1" 200 0
INFO 2026-02-11 06:53:39,478 basehttp 14688 13408 "POST /auth/login/ HTTP/1.1" 200 887
INFO 2026-02-11 06:53:42,434 basehttp 14688 13408 "OPTIONS /users/ HTTP/1.1" 200 0
INFO 2026-02-11 06:53:42,439 basehttp 14688 13408 "OPTIONS /users/ HTTP/1.1" 200 0
INFO 2026-02-11 06:53:42,454 basehttp 14688 14356 "OPTIONS /departments/all/ HTTP/1.1" 200 0
INFO 2026-02-11 06:53:42,488 basehttp 14688 12528 "OPTIONS /departments/all/ HTTP/1.1" 200 0
INFO 2026-02-11 06:53:42,655 basehttp 14688 16924 "GET /users/ HTTP/1.1" 200 371
INFO 2026-02-11 06:53:42,751 basehttp 14688 14356 "GET /departments/all/ HTTP/1.1" 200 503
INFO 2026-02-11 06:53:42,949 basehttp 14688 12528 "GET /users/ HTTP/1.1" 200 371
INFO 2026-02-11 06:53:42,968 basehttp 14688 16924 "GET /departments/all/ HTTP/1.1" 200 503
ERROR 2026-02-11 06:54:51,083 basehttp 14688 16924 "POST /users/ HTTP/1.1" 500 98
INFO 2026-02-11 06:55:43,672 autoreload 14688 15100 D:\DJANGO\FINAL YEAR PROJECTS\Gatete Bertrand\backend\userApp\views.py changed, reloading.
INFO 2026-02-11 06:55:52,802 autoreload 16500 15488 Watching for file changes with StatReloader
ERROR 2026-02-11 06:56:04,502 basehttp 16500 17204 "POST /users/ HTTP/1.1" 500 98
INFO 2026-02-11 06:56:30,810 autoreload 16500 15488 D:\DJANGO\FINAL YEAR PROJECTS\Gatete Bertrand\backend\userApp\views.py changed, reloading.
INFO 2026-02-11 06:56:33,089 autoreload 17112 8408 Watching for file changes with StatReloader
ERROR 2026-02-11 06:56:39,404 basehttp 17112 12852 "POST /users/ HTTP/1.1" 500 60
INFO 2026-02-11 06:57:49,978 autoreload 17112 8408 D:\DJANGO\FINAL YEAR PROJECTS\Gatete Bertrand\backend\userApp\models.py changed, reloading.
INFO 2026-02-11 06:58:01,274 autoreload 9340 12936 Watching for file changes with StatReloader
INFO 2026-02-11 06:58:06,142 autoreload 9340 12936 D:\DJANGO\FINAL YEAR PROJECTS\Gatete Bertrand\backend\userApp\models.py changed, reloading.
INFO 2026-02-11 06:58:10,169 autoreload 5516 14744 Watching for file changes with StatReloader
INFO 2026-02-11 06:58:22,644 autoreload 5516 14744 D:\DJANGO\FINAL YEAR PROJECTS\Gatete Bertrand\backend\userApp\models.py changed, reloading.
INFO 2026-02-11 06:58:32,422 autoreload 16528 6424 Watching for file changes with StatReloader
INFO 2026-02-11 06:58:51,194 autoreload 16528 6424 D:\DJANGO\FINAL YEAR PROJECTS\Gatete Bertrand\backend\userApp\models.py changed, reloading.
INFO 2026-02-11 06:58:53,509 autoreload 16716 6824 Watching for file changes with StatReloader
INFO 2026-02-11 06:59:07,310 autoreload 16716 6824 D:\DJANGO\FINAL YEAR PROJECTS\Gatete Bertrand\backend\userApp\models.py changed, reloading.
INFO 2026-02-11 06:59:09,442 autoreload 4924 7036 Watching for file changes with StatReloader
ERROR 2026-02-11 06:59:16,848 basehttp 4924 17376 "POST /users/ HTTP/1.1" 500 60
INFO 2026-02-11 06:59:53,888 autoreload 4924 7036 D:\DJANGO\FINAL YEAR PROJECTS\Gatete Bertrand\backend\userApp\models.py changed, reloading.
INFO 2026-02-11 06:59:55,678 autoreload 7604 16016 Watching for file changes with StatReloader
INFO 2026-02-11 07:00:13,269 basehttp 7604 6404 - Broken pipe from ('127.0.0.1', 62505)
WARNING 2026-02-11 07:00:33,666 basehttp 7604 16772 "POST /users/ HTTP/1.1" 400 57
INFO 2026-02-11 07:00:39,688 basehttp 7604 16772 "OPTIONS /auth/verify-token/ HTTP/1.1" 200 0
INFO 2026-02-11 07:00:39,739 basehttp 7604 668 "OPTIONS /auth/verify-token/ HTTP/1.1" 200 0
INFO 2026-02-11 07:00:39,835 basehttp 7604 16772 "GET /auth/verify-token/ HTTP/1.1" 200 381
INFO 2026-02-11 07:00:39,986 basehttp 7604 668 "GET /auth/verify-token/ HTTP/1.1" 200 381
INFO 2026-02-11 07:00:42,491 basehttp 7604 668 "GET /users/ HTTP/1.1" 200 748
INFO 2026-02-11 07:00:42,688 basehttp 7604 16772 "GET /departments/all/ HTTP/1.1" 200 503
INFO 2026-02-11 07:00:42,751 basehttp 7604 16868 "GET /users/ HTTP/1.1" 200 748
INFO 2026-02-11 07:00:43,277 basehttp 7604 668 "GET /departments/all/ HTTP/1.1" 200 503
INFO 2026-02-11 07:01:52,263 basehttp 7604 5460 "OPTIONS /auth/verify-token/ HTTP/1.1" 200 0
WARNING 2026-02-11 07:01:52,328 basehttp 7604 5460 "GET /auth/verify-token/ HTTP/1.1" 401 172
WARNING 2026-02-11 07:01:52,362 basehttp 7604 5460 "GET /auth/verify-token/ HTTP/1.1" 401 172
INFO 2026-02-11 07:01:52,487 basehttp 7604 5460 "OPTIONS /auth/token/refresh/ HTTP/1.1" 200 0
WARNING 2026-02-11 07:01:52,557 basehttp 7604 5460 "POST /auth/token/refresh/ HTTP/1.1" 401 54
WARNING 2026-02-11 07:01:52,673 basehttp 7604 5460 "POST /auth/token/refresh/ HTTP/1.1" 401 54
INFO 2026-02-11 07:03:10,342 basehttp 7604 5460 "OPTIONS /auth/login/ HTTP/1.1" 200 0
INFO 2026-02-11 07:03:12,204 basehttp 7604 5460 "POST /auth/login/ HTTP/1.1" 200 904
ERROR 2026-02-11 07:05:16,965 basehttp 7604 668 "POST /users/ HTTP/1.1" 500 60
INFO 2026-02-11 07:08:44,213 autoreload 7604 16016 D:\DJANGO\FINAL YEAR PROJECTS\Gatete Bertrand\backend\userApp\models.py changed, reloading.
INFO 2026-02-11 07:08:47,827 autoreload 16596 12868 Watching for file changes with StatReloader
INFO 2026-02-11 07:09:00,906 autoreload 16596 12868 D:\DJANGO\FINAL YEAR PROJECTS\Gatete Bertrand\backend\userApp\models.py changed, reloading.
INFO 2026-02-11 07:09:03,051 autoreload 15908 5516 Watching for file changes with StatReloader
INFO 2026-02-11 07:09:12,659 autoreload 15908 5516 D:\DJANGO\FINAL YEAR PROJECTS\Gatete Bertrand\backend\userApp\models.py changed, reloading.
INFO 2026-02-11 07:09:15,070 autoreload 11420 5784 Watching for file changes with StatReloader
INFO 2026-02-11 07:09:50,211 basehttp 11420 4800 "POST /users/ HTTP/1.1" 201 193
INFO 2026-02-11 07:09:50,378 basehttp 11420 4800 "GET /users/ HTTP/1.1" 200 1169
INFO 2026-02-11 07:10:12,315 basehttp 11420 4800 "OPTIONS /users/2/delete/ HTTP/1.1" 200 0
INFO 2026-02-11 07:10:12,648 basehttp 11420 4800 "DELETE /users/2/delete/ HTTP/1.1" 200 40
INFO 2026-02-11 07:10:12,780 basehttp 11420 4800 "GET /users/ HTTP/1.1" 200 792
INFO 2026-02-11 07:10:30,767 basehttp 11420 4800 "OPTIONS /users/3/update/ HTTP/1.1" 200 0
ERROR 2026-02-11 07:10:30,973 basehttp 11420 4800 "PUT /users/3/update/ HTTP/1.1" 500 92
INFO 2026-02-11 07:11:14,599 autoreload 11420 5784 D:\DJANGO\FINAL YEAR PROJECTS\Gatete Bertrand\backend\userApp\views.py changed, reloading.
INFO 2026-02-11 07:11:17,000 autoreload 16188 17176 Watching for file changes with StatReloader
INFO 2026-02-11 07:11:46,865 autoreload 16188 17176 D:\DJANGO\FINAL YEAR PROJECTS\Gatete Bertrand\backend\userApp\views.py changed, reloading.
INFO 2026-02-11 07:11:50,157 autoreload 696 10420 Watching for file changes with StatReloader
INFO 2026-02-11 07:11:53,335 autoreload 696 10420 D:\DJANGO\FINAL YEAR PROJECTS\Gatete Bertrand\backend\userApp\views.py changed, reloading.
INFO 2026-02-11 07:11:55,994 autoreload 16408 14360 Watching for file changes with StatReloader
INFO 2026-02-11 07:12:13,228 autoreload 16408 14360 D:\DJANGO\FINAL YEAR PROJECTS\Gatete Bertrand\backend\userApp\views.py changed, reloading.
INFO 2026-02-11 07:12:15,672 autoreload 15016 16480 Watching for file changes with StatReloader
INFO 2026-02-11 07:12:20,554 autoreload 15016 16480 D:\DJANGO\FINAL YEAR PROJECTS\Gatete Bertrand\backend\userApp\views.py changed, reloading.
INFO 2026-02-11 07:12:26,811 autoreload 6984 6428 Watching for file changes with StatReloader
ERROR 2026-02-11 07:15:47,963 basehttp 6984 10008 "PUT /users/3/update/ HTTP/1.1" 500 92
INFO 2026-02-11 07:16:50,136 autoreload 6984 6428 D:\DJANGO\FINAL YEAR PROJECTS\Gatete Bertrand\backend\userApp\views.py changed, reloading.
INFO 2026-02-11 07:16:53,669 autoreload 6372 12228 Watching for file changes with StatReloader
ERROR 2026-02-11 07:17:00,523 basehttp 6372 8052 "PUT /users/3/update/ HTTP/1.1" 500 84
INFO 2026-02-11 07:17:30,233 autoreload 6372 12228 D:\DJANGO\FINAL YEAR PROJECTS\Gatete Bertrand\backend\userApp\views.py changed, reloading.
INFO 2026-02-11 07:17:35,062 autoreload 7560 11308 Watching for file changes with StatReloader
ERROR 2026-02-11 07:18:22,755 basehttp 7560 15592 "PUT /users/3/update/ HTTP/1.1" 500 84
INFO 2026-02-11 07:18:42,158 autoreload 7560 11308 D:\DJANGO\FINAL YEAR PROJECTS\Gatete Bertrand\backend\userApp\views.py changed, reloading.
INFO 2026-02-11 07:18:49,953 autoreload 16320 15840 Watching for file changes with StatReloader
ERROR 2026-02-11 07:18:57,939 basehttp 16320 9964 "PUT /users/3/update/ HTTP/1.1" 500 84
INFO 2026-02-11 07:19:06,283 autoreload 16320 15840 D:\DJANGO\FINAL YEAR PROJECTS\Gatete Bertrand\backend\userApp\views.py changed, reloading.
INFO 2026-02-11 07:19:11,913 autoreload 15676 2292 Watching for file changes with StatReloader
INFO 2026-02-11 07:19:24,768 autoreload 15676 2292 D:\DJANGO\FINAL YEAR PROJECTS\Gatete Bertrand\backend\userApp\views.py changed, reloading.
INFO 2026-02-11 07:19:38,598 autoreload 8 16072 Watching for file changes with StatReloader
INFO 2026-02-11 07:19:49,989 autoreload 8 16072 D:\DJANGO\FINAL YEAR PROJECTS\Gatete Bertrand\backend\userApp\views.py changed, reloading.
INFO 2026-02-11 07:19:53,431 autoreload 16700 11344 Watching for file changes with StatReloader
ERROR 2026-02-11 07:20:04,548 basehttp 16700 17372 "PUT /users/3/update/ HTTP/1.1" 500 84
INFO 2026-02-11 07:20:24,074 autoreload 16700 11344 D:\DJANGO\FINAL YEAR PROJECTS\Gatete Bertrand\backend\userApp\views.py changed, reloading.
INFO 2026-02-11 07:20:26,146 autoreload 15364 12672 Watching for file changes with StatReloader
INFO 2026-02-11 07:25:49,221 autoreload 15364 12672 D:\DJANGO\FINAL YEAR PROJECTS\Gatete Bertrand\backend\userApp\views.py changed, reloading.
INFO 2026-02-11 07:25:55,121 autoreload 10800 6272 Watching for file changes with StatReloader
INFO 2026-02-11 07:26:03,537 basehttp 10800 4136 "PUT /users/3/update/ HTTP/1.1" 200 442
INFO 2026-02-11 07:26:03,780 basehttp 10800 4136 "GET /users/ HTTP/1.1" 200 747
INFO 2026-02-11 07:27:05,756 basehttp 10800 4136 "POST /users/ HTTP/1.1" 201 193
INFO 2026-02-11 07:27:05,883 basehttp 10800 4136 "GET /users/ HTTP/1.1" 200 1124
INFO 2026-02-11 07:27:53,283 basehttp 10800 4136 "GET /departments/all/ HTTP/1.1" 200 503
INFO 2026-02-11 07:27:53,542 basehttp 10800 6380 "GET /departments/all/ HTTP/1.1" 200 503
INFO 2026-02-11 07:28:07,477 basehttp 10800 6380 "OPTIONS /departments/1/update/ HTTP/1.1" 200 0
INFO 2026-02-11 07:28:07,835 basehttp 10800 6380 "PUT /departments/1/update/ HTTP/1.1" 200 490
INFO 2026-02-11 07:28:07,963 basehttp 10800 6380 "GET /departments/all/ HTTP/1.1" 200 505
INFO 2026-02-11 07:28:13,513 basehttp 10800 6380 "PUT /departments/1/update/ HTTP/1.1" 200 488
INFO 2026-02-11 07:28:13,741 basehttp 10800 6380 "GET /departments/all/ HTTP/1.1" 200 503
INFO 2026-02-11 07:28:27,396 basehttp 10800 6380 "GET /users/ HTTP/1.1" 200 1124
INFO 2026-02-11 07:28:27,494 basehttp 10800 4136 "GET /departments/all/ HTTP/1.1" 200 503
INFO 2026-02-11 07:28:27,676 basehttp 10800 6380 "GET /users/ HTTP/1.1" 200 1124
INFO 2026-02-11 07:28:27,735 basehttp 10800 8380 "GET /departments/all/ HTTP/1.1" 200 503
INFO 2026-02-11 07:28:42,823 basehttp 10800 8380 "PUT /users/3/update/ HTTP/1.1" 200 442
INFO 2026-02-11 07:28:43,167 basehttp 10800 8380 "GET /users/ HTTP/1.1" 200 1124
INFO 2026-02-11 07:30:53,673 autoreload 10800 6272 D:\DJANGO\FINAL YEAR PROJECTS\Gatete Bertrand\backend\userApp\views.py changed, reloading.
INFO 2026-02-11 07:30:58,560 autoreload 16368 12920 Watching for file changes with StatReloader
INFO 2026-02-11 07:32:33,244 autoreload 16368 12920 D:\DJANGO\FINAL YEAR PROJECTS\Gatete Bertrand\backend\userApp\views.py changed, reloading.
INFO 2026-02-11 07:32:35,536 autoreload 14996 13964 Watching for file changes with StatReloader
INFO 2026-02-11 07:33:22,078 autoreload 14996 13964 D:\DJANGO\FINAL YEAR PROJECTS\Gatete Bertrand\backend\userApp\views.py changed, reloading.
INFO 2026-02-11 07:33:25,121 autoreload 14924 11340 Watching for file changes with StatReloader
INFO 2026-02-11 07:33:30,430 autoreload 14924 11340 D:\DJANGO\FINAL YEAR PROJECTS\Gatete Bertrand\backend\userApp\views.py changed, reloading.
INFO 2026-02-11 07:33:31,808 autoreload 17140 11956 Watching for file changes with StatReloader
INFO 2026-02-11 07:34:52,833 autoreload 17140 11956 D:\DJANGO\FINAL YEAR PROJECTS\Gatete Bertrand\backend\userApp\views.py changed, reloading.
INFO 2026-02-11 07:34:54,568 autoreload 16196 12376 Watching for file changes with StatReloader
INFO 2026-02-11 07:35:21,437 basehttp 16196 15604 "PUT /users/3/update/ HTTP/1.1" 200 487
INFO 2026-02-11 07:35:21,649 basehttp 16196 15604 "GET /users/ HTTP/1.1" 200 1169
INFO 2026-02-11 07:35:42,703 basehttp 16196 15604 "GET /departments/all/ HTTP/1.1" 200 503
INFO 2026-02-11 07:35:43,003 basehttp 16196 7292 "GET /departments/all/ HTTP/1.1" 200 503
INFO 2026-02-11 07:37:12,057 basehttp 16196 7292 "OPTIONS /departments/1/delete/ HTTP/1.1" 200 0
INFO 2026-02-11 07:37:12,390 basehttp 16196 7292 "DELETE /departments/1/delete/ HTTP/1.1" 200 91
INFO 2026-02-11 07:37:12,610 basehttp 16196 7292 "GET /departments/all/ HTTP/1.1" 200 84
INFO 2026-02-11 07:37:14,845 basehttp 16196 7292 "GET /users/ HTTP/1.1" 200 1124
INFO 2026-02-11 07:37:14,910 basehttp 16196 15604 "GET /departments/all/ HTTP/1.1" 200 84
INFO 2026-02-11 07:37:15,017 basehttp 16196 7292 "GET /users/ HTTP/1.1" 200 1124
INFO 2026-02-11 07:37:15,090 basehttp 16196 14180 "GET /departments/all/ HTTP/1.1" 200 84
INFO 2026-02-11 07:37:26,481 basehttp 16196 14180 "GET /departments/all/ HTTP/1.1" 200 84
INFO 2026-02-11 07:37:26,611 basehttp 16196 7292 "GET /departments/all/ HTTP/1.1" 200 84
INFO 2026-02-11 07:37:33,810 basehttp 16196 7292 "OPTIONS /departments/create/ HTTP/1.1" 200 0
INFO 2026-02-11 07:37:34,116 basehttp 16196 7292 "POST /departments/create/ HTTP/1.1" 201 459
INFO 2026-02-11 07:37:34,224 basehttp 16196 7292 "GET /departments/all/ HTTP/1.1" 200 474
INFO 2026-02-11 07:55:03,416 basehttp 16196 15632 "GET /departments/all/ HTTP/1.1" 200 474
INFO 2026-02-11 07:55:32,970 autoreload 16196 12376 D:\DJANGO\FINAL YEAR PROJECTS\Gatete Bertrand\backend\departmentApp\views.py changed, reloading.
INFO 2026-02-11 07:55:37,508 autoreload 15980 7920 Watching for file changes with StatReloader
INFO 2026-02-11 07:55:41,985 autoreload 15980 7920 D:\DJANGO\FINAL YEAR PROJECTS\Gatete Bertrand\backend\departmentApp\views.py changed, reloading.
INFO 2026-02-11 07:55:46,855 autoreload 15836 9724 Watching for file changes with StatReloader
INFO 2026-02-11 07:56:06,209 autoreload 15836 9724 D:\DJANGO\FINAL YEAR PROJECTS\Gatete Bertrand\backend\departmentApp\views.py changed, reloading.
INFO 2026-02-11 07:56:08,485 autoreload 14528 14808 Watching for file changes with StatReloader
INFO 2026-02-11 07:57:06,356 autoreload 14528 14808 D:\DJANGO\FINAL YEAR PROJECTS\Gatete Bertrand\backend\activityApp\models.py changed, reloading.
INFO 2026-02-11 07:57:08,103 autoreload 7748 13524 Watching for file changes with StatReloader
INFO 2026-02-11 07:57:09,925 autoreload 7748 13524 D:\DJANGO\FINAL YEAR PROJECTS\Gatete Bertrand\backend\activityApp\models.py changed, reloading.
INFO 2026-02-11 07:57:11,889 autoreload 15836 10140 Watching for file changes with StatReloader
INFO 2026-02-11 07:58:02,257 autoreload 15836 10140 D:\DJANGO\FINAL YEAR PROJECTS\Gatete Bertrand\backend\departmentApp\urls.py changed, reloading.
INFO 2026-02-11 07:58:03,637 autoreload 16852 3084 Watching for file changes with StatReloader
INFO 2026-02-11 07:58:12,977 basehttp 16852 17332 "GET /departments/all/ HTTP/1.1" 200 474
INFO 2026-02-11 07:58:22,042 basehttp 16852 17332 "OPTIONS /users/employees/ HTTP/1.1" 200 0
INFO 2026-02-11 07:58:22,203 basehttp 16852 17332 "GET /users/employees/ HTTP/1.1" 200 387
WARNING 2026-02-11 07:59:09,287 basehttp 16852 17332 "POST /departments/create/ HTTP/1.1" 400 137
INFO 2026-02-11 07:59:23,543 basehttp 16852 17332 "GET /users/ HTTP/1.1" 200 1124
INFO 2026-02-11 07:59:23,544 basehttp 16852 8508 "GET /departments/all/ HTTP/1.1" 200 474
INFO 2026-02-11 07:59:23,721 basehttp 16852 17332 "GET /users/ HTTP/1.1" 200 1124
INFO 2026-02-11 07:59:23,746 basehttp 16852 8508 "GET /departments/all/ HTTP/1.1" 200 474
INFO 2026-02-11 07:59:33,041 basehttp 16852 8508 "PUT /users/3/update/ HTTP/1.1" 200 487
INFO 2026-02-11 07:59:33,169 basehttp 16852 8508 "GET /users/ HTTP/1.1" 200 1169
INFO 2026-02-11 07:59:36,460 basehttp 16852 8508 "GET /departments/all/ HTTP/1.1" 200 474
INFO 2026-02-11 07:59:36,605 basehttp 16852 17332 "GET /departments/all/ HTTP/1.1" 200 474
INFO 2026-02-11 07:59:44,927 basehttp 16852 8508 "GET /departments/all/ HTTP/1.1" 200 474
INFO 2026-02-11 07:59:45,007 basehttp 16852 17332 "GET /users/ HTTP/1.1" 200 1169
INFO 2026-02-11 07:59:45,087 basehttp 16852 15780 "GET /departments/all/ HTTP/1.1" 200 474
INFO 2026-02-11 07:59:45,232 basehttp 16852 8508 "GET /users/ HTTP/1.1" 200 1169
INFO 2026-02-11 07:59:49,107 basehttp 16852 8508 "GET /departments/all/ HTTP/1.1" 200 474
INFO 2026-02-11 07:59:49,276 basehttp 16852 15780 "GET /departments/all/ HTTP/1.1" 200 474
INFO 2026-02-11 07:59:51,686 basehttp 16852 15780 "GET /users/employees/ HTTP/1.1" 200 432
INFO 2026-02-11 08:00:53,700 basehttp 16852 15780 "GET /users/employees/ HTTP/1.1" 200 432
INFO 2026-02-11 08:01:37,706 basehttp 16852 15780 "OPTIONS /departments/2/update/ HTTP/1.1" 200 0
INFO 2026-02-11 08:01:37,947 basehttp 16852 15780 "PUT /departments/2/update/ HTTP/1.1" 200 485
INFO 2026-02-11 08:01:38,098 basehttp 16852 15780 "GET /departments/all/ HTTP/1.1" 200 500
INFO 2026-02-11 08:01:43,739 basehttp 16852 15780 "PUT /departments/2/update/ HTTP/1.1" 200 485
INFO 2026-02-11 08:01:43,884 basehttp 16852 15780 "GET /departments/all/ HTTP/1.1" 200 500
INFO 2026-02-11 08:01:47,204 basehttp 16852 15780 "GET /users/employees/ HTTP/1.1" 200 432
INFO 2026-02-11 08:08:07,763 basehttp 16852 15580 "GET /auth/verify-token/ HTTP/1.1" 200 381
INFO 2026-02-11 08:08:07,873 basehttp 16852 11436 "GET /auth/verify-token/ HTTP/1.1" 200 381
INFO 2026-02-11 08:08:10,302 basehttp 16852 11436 "GET /departments/all/ HTTP/1.1" 200 500
INFO 2026-02-11 08:08:10,358 basehttp 16852 15580 "GET /users/employees/ HTTP/1.1" 200 432
INFO 2026-02-11 08:08:10,485 basehttp 16852 11436 "GET /departments/all/ HTTP/1.1" 200 500
INFO 2026-02-11 08:08:10,530 basehttp 16852 15212 "GET /users/employees/ HTTP/1.1" 200 432
INFO 2026-02-11 08:08:16,926 basehttp 16852 15212 "GET /users/employees/ HTTP/1.1" 200 432
INFO 2026-02-11 08:08:32,410 basehttp 16852 15212 "POST /departments/create/ HTTP/1.1" 201 445
INFO 2026-02-11 08:08:32,565 basehttp 16852 11436 "GET /users/employees/ HTTP/1.1" 200 432
INFO 2026-02-11 08:08:32,630 basehttp 16852 15212 "GET /departments/all/ HTTP/1.1" 200 877
INFO 2026-02-11 08:43:40,166 basehttp 16852 13964 "OPTIONS /auth/verify-token/ HTTP/1.1" 200 0
INFO 2026-02-11 08:43:40,172 basehttp 16852 8060 "OPTIONS /auth/verify-token/ HTTP/1.1" 200 0
WARNING 2026-02-11 08:43:40,196 basehttp 16852 8060 "GET /auth/verify-token/ HTTP/1.1" 401 172
INFO 2026-02-11 08:43:40,203 basehttp 16852 13964 "OPTIONS /auth/token/refresh/ HTTP/1.1" 200 0
WARNING 2026-02-11 08:43:40,214 basehttp 16852 8060 "GET /auth/verify-token/ HTTP/1.1" 401 172
WARNING 2026-02-11 08:43:40,238 basehttp 16852 13964 "POST /auth/token/refresh/ HTTP/1.1" 401 54
WARNING 2026-02-11 08:43:40,255 basehttp 16852 8060 "POST /auth/token/refresh/ HTTP/1.1" 401 54
INFO 2026-02-11 08:57:30,144 autoreload 16852 3084 D:\DJANGO\FINAL YEAR PROJECTS\Gatete Bertrand\backend\activityApp\models.py changed, reloading.
INFO 2026-02-11 08:57:32,369 autoreload 16756 15400 Watching for file changes with StatReloader
INFO 2026-02-11 08:57:47,408 autoreload 16756 15400 D:\DJANGO\FINAL YEAR PROJECTS\Gatete Bertrand\backend\activityApp\models.py changed, reloading.
INFO 2026-02-11 08:57:49,059 autoreload 1560 16940 Watching for file changes with StatReloader
INFO 2026-02-11 08:58:32,148 autoreload 1560 16940 D:\DJANGO\FINAL YEAR PROJECTS\Gatete Bertrand\backend\activityApp\models.py changed, reloading.
INFO 2026-02-11 08:58:33,565 autoreload 13696 3784 Watching for file changes with StatReloader
INFO 2026-02-11 08:59:04,598 autoreload 13696 3784 D:\DJANGO\FINAL YEAR PROJECTS\Gatete Bertrand\backend\activityApp\models.py changed, reloading.
INFO 2026-02-11 08:59:06,252 autoreload 9448 17104 Watching for file changes with StatReloader
INFO 2026-02-11 09:00:53,543 autoreload 9448 17104 D:\DJANGO\FINAL YEAR PROJECTS\Gatete Bertrand\backend\backend\settings.py changed, reloading.
INFO 2026-02-11 09:00:55,571 autoreload 16756 4768 Watching for file changes with StatReloader
INFO 2026-02-11 09:02:17,311 autoreload 16756 4768 D:\DJANGO\FINAL YEAR PROJECTS\Gatete Bertrand\backend\backend\settings.py changed, reloading.
INFO 2026-02-11 09:02:20,213 autoreload 8716 716 Watching for file changes with StatReloader
INFO 2026-02-11 09:02:23,045 autoreload 8716 716 D:\DJANGO\FINAL YEAR PROJECTS\Gatete Bertrand\backend\backend\settings.py changed, reloading.
INFO 2026-02-11 09:02:27,146 autoreload 8820 10844 Watching for file changes with StatReloader
INFO 2026-02-11 09:02:31,755 autoreload 8820 10844 D:\DJANGO\FINAL YEAR PROJECTS\Gatete Bertrand\backend\backend\urls.py changed, reloading.
INFO 2026-02-11 09:02:36,051 autoreload 5988 6424 Watching for file changes with StatReloader
INFO 2026-02-11 09:02:40,661 autoreload 5988 6424 D:\DJANGO\FINAL YEAR PROJECTS\Gatete Bertrand\backend\backend\urls.py changed, reloading.
INFO 2026-02-11 09:02:43,273 autoreload 9920 9204 Watching for file changes with StatReloader
INFO 2026-02-11 09:03:02,660 autoreload 9920 9204 D:\DJANGO\FINAL YEAR PROJECTS\Gatete Bertrand\backend\backend\urls.py changed, reloading.
INFO 2026-02-11 09:03:04,122 autoreload 14408 15344 Watching for file changes with StatReloader
INFO 2026-02-11 09:03:14,938 autoreload 14408 15344 D:\DJANGO\FINAL YEAR PROJECTS\Gatete Bertrand\backend\backend\settings.py changed, reloading.
INFO 2026-02-11 09:03:17,468 autoreload 13156 14832 Watching for file changes with StatReloader
INFO 2026-02-11 09:26:40,436 autoreload 13156 14832 D:\DJANGO\FINAL YEAR PROJECTS\Gatete Bertrand\backend\activityApp\models.py changed, reloading.
INFO 2026-02-11 09:26:42,285 autoreload 15108 16740 Watching for file changes with StatReloader
INFO 2026-02-11 09:26:45,627 autoreload 15108 16740 D:\DJANGO\FINAL YEAR PROJECTS\Gatete Bertrand\backend\activityApp\models.py changed, reloading.
INFO 2026-02-11 09:26:48,189 autoreload 4496 1628 Watching for file changes with StatReloader
INFO 2026-02-11 09:27:17,881 autoreload 4496 1628 D:\DJANGO\FINAL YEAR PROJECTS\Gatete Bertrand\backend\activityApp\models.py changed, reloading.
INFO 2026-02-11 09:27:21,645 autoreload 16308 15272 Watching for file changes with StatReloader
INFO 2026-02-11 09:27:43,697 autoreload 16308 15272 D:\DJANGO\FINAL YEAR PROJECTS\Gatete Bertrand\backend\activityApp\models.py changed, reloading.
INFO 2026-02-11 09:27:45,658 autoreload 15260 16844 Watching for file changes with StatReloader
INFO 2026-02-11 09:34:04,487 autoreload 15260 16844 D:\DJANGO\FINAL YEAR PROJECTS\Gatete Bertrand\backend\backend\settings.py changed, reloading.
INFO 2026-02-11 09:34:08,446 autoreload 12364 17060 Watching for file changes with StatReloader
INFO 2026-02-11 09:34:10,198 autoreload 12364 17060 D:\DJANGO\FINAL YEAR PROJECTS\Gatete Bertrand\backend\backend\settings.py changed, reloading.
INFO 2026-02-11 09:34:13,359 autoreload 8508 4568 Watching for file changes with StatReloader
INFO 2026-02-11 09:34:20,192 autoreload 8508 4568 D:\DJANGO\FINAL YEAR PROJECTS\Gatete Bertrand\backend\backend\urls.py changed, reloading.
INFO 2026-02-11 09:34:26,368 autoreload 17340 15412 Watching for file changes with StatReloader
INFO 2026-02-11 09:34:31,899 autoreload 17340 15412 D:\DJANGO\FINAL YEAR PROJECTS\Gatete Bertrand\backend\backend\urls.py changed, reloading.
INFO 2026-02-11 09:34:38,442 autoreload 5460 14956 Watching for file changes with StatReloader
INFO 2026-02-11 09:34:45,275 autoreload 5460 14956 D:\DJANGO\FINAL YEAR PROJECTS\Gatete Bertrand\backend\backend\urls.py changed, reloading.
INFO 2026-02-11 09:34:46,850 autoreload 7096 6504 Watching for file changes with StatReloader
INFO 2026-02-11 09:36:22,916 autoreload 7096 6504 D:\DJANGO\FINAL YEAR PROJECTS\Gatete Bertrand\backend\backend\urls.py changed, reloading.
INFO 2026-02-11 09:36:27,096 autoreload 13788 16956 Watching for file changes with StatReloader
INFO 2026-02-11 09:52:33,312 autoreload 16656 5296 Watching for file changes with StatReloader
INFO 2026-02-11 10:17:21,966 basehttp 16656 15836 "OPTIONS /departments/all/ HTTP/1.1" 200 0
WARNING 2026-02-11 10:17:22,132 basehttp 16656 15836 "GET /departments/all/ HTTP/1.1" 401 51
INFO 2026-02-11 10:17:22,149 basehttp 16656 15836 "OPTIONS /auth/token/refresh/ HTTP/1.1" 200 0
INFO 2026-02-11 10:17:22,316 basehttp 16656 14472 "OPTIONS /auth/verify-token/ HTTP/1.1" 200 0
INFO 2026-02-11 10:17:22,319 basehttp 16656 11376 "OPTIONS /auth/verify-token/ HTTP/1.1" 200 0
ERROR 2026-02-11 10:17:24,641 basehttp 16656 15836 "POST /auth/token/refresh/ HTTP/1.1" 500 127140
INFO 2026-02-11 10:17:32,323 basehttp 16656 14472 "OPTIONS /auth/logout/ HTTP/1.1" 200 0
INFO 2026-02-11 10:17:32,326 basehttp 16656 14472 "OPTIONS /auth/logout/ HTTP/1.1" 200 0
INFO 2026-02-11 10:18:38,336 basehttp 16656 15604 "OPTIONS /auth/login/ HTTP/1.1" 200 0
INFO 2026-02-11 10:20:05,611 autoreload 15496 17144 Watching for file changes with StatReloader
INFO 2026-02-11 10:21:24,277 basehttp 15496 3400 "OPTIONS /auth/login/ HTTP/1.1" 200 0
INFO 2026-02-11 13:52:36,666 basehttp 15496 12284 "OPTIONS /auth/login/ HTTP/1.1" 200 0
INFO 2026-02-11 13:58:33,495 autoreload 7376 1348 Watching for file changes with StatReloader
INFO 2026-02-11 14:36:44,752 basehttp 7376 12484 "OPTIONS /auth/password-reset/request-otp/ HTTP/1.1" 200 0
INFO 2026-02-11 14:44:49,700 autoreload 7376 1348 D:\DJANGO\FINAL YEAR PROJECTS\Gatete Bertrand\backend\backend\settings.py changed, reloading.
INFO 2026-02-11 14:44:52,609 autoreload 1372 16696 Watching for file changes with StatReloader
INFO 2026-02-11 14:44:55,350 autoreload 1372 16696 D:\DJANGO\FINAL YEAR PROJECTS\Gatete Bertrand\backend\backend\settings.py changed, reloading.
INFO 2026-02-11 14:44:56,785 autoreload 1236 7096 Watching for file changes with StatReloader
INFO 2026-02-11 14:45:59,424 autoreload 15032 5008 Watching for file changes with StatReloader
INFO 2026-02-11 14:46:20,544 views 15032 15188 
==================================================
INFO 2026-02-11 14:46:20,546 views 15032 15188 PASSWORD RESET OTP REQUEST
INFO 2026-02-11 14:46:20,546 views 15032 15188 ==================================================
INFO 2026-02-11 14:46:20,567 views 15032 15188 User found: Prince MUGABE
INFO 2026-02-11 14:46:20,567 views 15032 15188 Generated OTP: 468887 for user: p.mugabe@admin_codepulse_africa_ltd.com
INFO 2026-02-11 14:46:20,569 utils 15032 15188 OTP stored in cache with key: reset_otp_p.mugabe@admin_codepulse_africa_ltd.com
INFO 2026-02-11 14:46:20,569 views 15032 15188 OTP stored with cache key: reset_otp_p.mugabe@admin_codepulse_africa_ltd.com
INFO 2026-02-11 14:46:20,570 views 15032 15188 Attempting to send OTP email to princemugabe568@gmail.com...
INFO 2026-02-11 14:46:23,835 utils 15032 15188 OTP email sent successfully to princemugabe568@gmail.com
INFO 2026-02-11 14:46:24,351 views 15032 15188 SUCCESS: OTP sent to princemugabe568@gmail.com
INFO 2026-02-11 14:46:24,351 views 15032 15188 ==================================================

INFO 2026-02-11 14:46:24,353 basehttp 15032 15188 "POST /auth/password-reset/request-otp/ HTTP/1.1" 200 189
INFO 2026-02-11 14:47:04,741 views 15032 15476 
==================================================
INFO 2026-02-11 14:47:04,742 views 15032 15476 PASSWORD RESET OTP REQUEST
INFO 2026-02-11 14:47:04,742 views 15032 15476 ==================================================
INFO 2026-02-11 14:47:04,764 views 15032 15476 User found: Prince MUGABE
INFO 2026-02-11 14:47:04,765 views 15032 15476 Generated OTP: 335125 for user: p.mugabe@admin_codepulse_africa_ltd.com
INFO 2026-02-11 14:47:04,768 utils 15032 15476 OTP stored in cache with key: reset_otp_p.mugabe@admin_codepulse_africa_ltd.com
INFO 2026-02-11 14:47:04,768 views 15032 15476 OTP stored with cache key: reset_otp_p.mugabe@admin_codepulse_africa_ltd.com
INFO 2026-02-11 14:47:04,769 views 15032 15476 Attempting to send OTP email to princemugabe568@gmail.com...
INFO 2026-02-11 14:47:07,698 utils 15032 15476 OTP email sent successfully to princemugabe568@gmail.com
INFO 2026-02-11 14:47:07,790 views 15032 15476 SUCCESS: OTP sent to princemugabe568@gmail.com
INFO 2026-02-11 14:47:07,790 views 15032 15476 ==================================================

INFO 2026-02-11 14:47:07,792 basehttp 15032 15476 "POST /auth/password-reset/request-otp/ HTTP/1.1" 200 189
INFO 2026-02-11 14:47:18,288 basehttp 15032 15476 "OPTIONS /auth/password-reset/verify-otp/ HTTP/1.1" 200 0
INFO 2026-02-11 14:47:18,297 views 15032 15476 
==================================================
INFO 2026-02-11 14:47:18,298 views 15032 15476 VERIFY RESET OTP
INFO 2026-02-11 14:47:18,299 views 15032 15476 ==================================================
INFO 2026-02-11 14:47:18,301 views 15032 15476 Verifying OTP for: p.mugabe@admin_codepulse_africa_ltd.com
INFO 2026-02-11 14:47:18,420 views 15032 15476 SUCCESS: OTP verified for p.mugabe@admin_codepulse_africa_ltd.com
INFO 2026-02-11 14:47:18,421 views 15032 15476 ==================================================

INFO 2026-02-11 14:47:18,422 basehttp 15032 15476 "POST /auth/password-reset/verify-otp/ HTTP/1.1" 200 151
INFO 2026-02-11 14:47:30,924 basehttp 15032 15476 "OPTIONS /auth/password-reset/confirm/ HTTP/1.1" 200 0
INFO 2026-02-11 14:47:30,933 views 15032 15476 
==================================================
INFO 2026-02-11 14:47:30,934 views 15032 15476 PASSWORD RESET WITH OTP
INFO 2026-02-11 14:47:30,934 views 15032 15476 ==================================================
INFO 2026-02-11 14:47:30,952 views 15032 15476 User found: Prince MUGABE
INFO 2026-02-11 14:47:32,902 views 15032 15476 SUCCESS: Password updated for user: p.mugabe@admin_codepulse_africa_ltd.com
INFO 2026-02-11 14:47:35,754 views 15032 15476 SUCCESS: Confirmation email sent to princemugabe568@gmail.com
INFO 2026-02-11 14:47:35,869 views 15032 15476 ==================================================

INFO 2026-02-11 14:47:35,871 basehttp 15032 15476 "POST /auth/password-reset/confirm/ HTTP/1.1" 200 117
INFO 2026-02-11 14:47:45,102 basehttp 15032 15476 "POST /auth/login/ HTTP/1.1" 200 887
INFO 2026-02-11 14:47:48,045 basehttp 15032 15476 "OPTIONS /users/ HTTP/1.1" 200 0
INFO 2026-02-11 14:47:48,056 basehttp 15032 16960 "OPTIONS /users/ HTTP/1.1" 200 0
INFO 2026-02-11 14:47:48,057 basehttp 15032 14676 "OPTIONS /departments/all/ HTTP/1.1" 200 0
INFO 2026-02-11 14:47:48,079 basehttp 15032 3664 "OPTIONS /departments/all/ HTTP/1.1" 200 0
INFO 2026-02-11 14:47:48,217 basehttp 15032 15476 "GET /users/ HTTP/1.1" 200 1169
INFO 2026-02-11 14:47:48,304 basehttp 15032 14676 "GET /departments/all/ HTTP/1.1" 200 877
INFO 2026-02-11 14:47:48,375 basehttp 15032 3664 "GET /users/ HTTP/1.1" 200 1169
INFO 2026-02-11 14:47:48,443 basehttp 15032 15476 "GET /departments/all/ HTTP/1.1" 200 877
INFO 2026-02-11 14:47:49,703 basehttp 15032 3664 "OPTIONS /users/employees/ HTTP/1.1" 200 0
INFO 2026-02-11 14:47:49,703 basehttp 15032 15476 "OPTIONS /users/employees/ HTTP/1.1" 200 0
INFO 2026-02-11 14:47:49,817 basehttp 15032 3664 "GET /departments/all/ HTTP/1.1" 200 877
INFO 2026-02-11 14:47:49,897 basehttp 15032 15476 "GET /users/employees/ HTTP/1.1" 200 432
INFO 2026-02-11 14:47:50,020 basehttp 15032 14676 "GET /departments/all/ HTTP/1.1" 200 877
INFO 2026-02-11 14:47:50,037 basehttp 15032 3664 "GET /users/employees/ HTTP/1.1" 200 432
INFO 2026-02-11 14:47:52,906 basehttp 15032 3664 "GET /departments/all/ HTTP/1.1" 200 877
INFO 2026-02-11 14:47:52,916 basehttp 15032 3664 "OPTIONS /user/all/?role=employee HTTP/1.1" 200 0
INFO 2026-02-11 14:47:53,133 basehttp 15032 14676 "GET /departments/all/ HTTP/1.1" 200 877
WARNING 2026-02-11 14:47:53,180 basehttp 15032 3664 "GET /user/all/?role=employee HTTP/1.1" 404 9296
WARNING 2026-02-11 14:47:53,201 basehttp 15032 14676 "GET /user/all/?role=employee HTTP/1.1" 404 9296
INFO 2026-02-11 14:48:46,565 autoreload 15032 5008 D:\DJANGO\FINAL YEAR PROJECTS\Gatete Bertrand\backend\notificationApp\admin.py changed, reloading.
INFO 2026-02-11 14:48:49,835 autoreload 2172 14572 Watching for file changes with StatReloader
INFO 2026-02-11 14:49:04,743 autoreload 2172 14572 D:\DJANGO\FINAL YEAR PROJECTS\Gatete Bertrand\backend\notificationApp\models.py changed, reloading.
INFO 2026-02-11 14:49:07,956 autoreload 12820 5728 Watching for file changes with StatReloader
INFO 2026-02-11 14:50:17,412 autoreload 13428 1064 Watching for file changes with StatReloader
INFO 2026-02-11 14:50:24,193 basehttp 13428 12068 "OPTIONS /task-assignments/all/?page=1&limit=10 HTTP/1.1" 200 0
WARNING 2026-02-11 14:50:24,226 basehttp 13428 12068 "GET /task-assignments/all/?page=1&limit=10 HTTP/1.1" 404 9338
INFO 2026-02-11 14:50:28,070 basehttp 13428 12068 "OPTIONS /task/all/?page=1&limit=10 HTTP/1.1" 200 0
ERROR 2026-02-11 14:50:35,814 basehttp 13428 12068 "GET /task/all/?page=1&limit=10 HTTP/1.1" 500 160
INFO 2026-02-11 14:50:53,559 basehttp 13428 12068 "OPTIONS /task/create/ HTTP/1.1" 200 0
ERROR 2026-02-11 14:50:57,554 basehttp 13428 12068 "POST /task/create/ HTTP/1.1" 500 161
INFO 2026-02-11 15:13:52,286 autoreload 772 9968 Watching for file changes with StatReloader
ERROR 2026-02-11 15:13:59,367 basehttp 772 12256 "POST /task/create/ HTTP/1.1" 500 131
INFO 2026-02-11 15:14:42,916 autoreload 772 9968 D:\DJANGO\FINAL YEAR PROJECTS\Gatete Bertrand\backend\taskApp\serializers.py changed, reloading.
INFO 2026-02-11 15:14:44,518 autoreload 14904 15792 Watching for file changes with StatReloader
INFO 2026-02-11 15:14:48,378 autoreload 14904 15792 D:\DJANGO\FINAL YEAR PROJECTS\Gatete Bertrand\backend\taskApp\serializers.py changed, reloading.
INFO 2026-02-11 15:14:50,024 autoreload 10776 15060 Watching for file changes with StatReloader
INFO 2026-02-11 15:15:32,005 autoreload 10776 15060 D:\DJANGO\FINAL YEAR PROJECTS\Gatete Bertrand\backend\taskAssignmentApp\admin.py changed, reloading.
INFO 2026-02-11 15:15:33,762 autoreload 4600 3944 Watching for file changes with StatReloader
INFO 2026-02-11 15:15:54,857 autoreload 4600 3944 D:\DJANGO\FINAL YEAR PROJECTS\Gatete Bertrand\backend\taskAssignmentApp\admin.py changed, reloading.
INFO 2026-02-11 15:15:56,652 autoreload 5452 3084 Watching for file changes with StatReloader
ERROR 2026-02-11 15:16:12,242 basehttp 5452 8940 "POST /task/create/ HTTP/1.1" 500 126
INFO 2026-02-11 15:20:15,626 autoreload 5452 3084 D:\DJANGO\FINAL YEAR PROJECTS\Gatete Bertrand\backend\taskApp\admin.py changed, reloading.
INFO 2026-02-11 15:20:18,041 autoreload 11600 10780 Watching for file changes with StatReloader
INFO 2026-02-11 15:20:21,229 autoreload 11600 10780 D:\DJANGO\FINAL YEAR PROJECTS\Gatete Bertrand\backend\taskApp\admin.py changed, reloading.
INFO 2026-02-11 15:20:25,223 autoreload 16292 5588 Watching for file changes with StatReloader
INFO 2026-02-11 15:20:38,518 autoreload 16292 5588 D:\DJANGO\FINAL YEAR PROJECTS\Gatete Bertrand\backend\taskApp\serializers.py changed, reloading.
INFO 2026-02-11 15:20:42,257 autoreload 13396 3796 Watching for file changes with StatReloader
INFO 2026-02-11 15:21:09,629 autoreload 13396 3796 D:\DJANGO\FINAL YEAR PROJECTS\Gatete Bertrand\backend\taskAssignmentApp\admin.py changed, reloading.
INFO 2026-02-11 15:21:12,891 autoreload 16520 11144 Watching for file changes with StatReloader
INFO 2026-02-11 15:21:32,189 basehttp 16520 15968 "POST /task/create/ HTTP/1.1" 201 373
INFO 2026-02-11 15:21:32,316 basehttp 16520 15968 "GET /task/all/?page=1&limit=10 HTTP/1.1" 200 1012
INFO 2026-02-11 15:27:24,998 basehttp 16520 6552 "GET /task-assignments/all/?page=1&limit=10 HTTP/1.1" 200 54
INFO 2026-02-12 07:50:46,826 basehttp 16520 1820 "OPTIONS /auth/verify-token/ HTTP/1.1" 200 0
INFO 2026-02-12 07:50:46,834 basehttp 16520 1820 "OPTIONS /auth/verify-token/ HTTP/1.1" 200 0
INFO 2026-02-12 07:50:47,478 basehttp 16520 1820 "GET /auth/verify-token/ HTTP/1.1" 200 381
INFO 2026-02-12 07:50:48,399 basehttp 16520 13744 "GET /auth/verify-token/ HTTP/1.1" 200 381
INFO 2026-02-12 07:50:51,752 basehttp 16520 13744 "OPTIONS /departments/all/ HTTP/1.1" 200 0
INFO 2026-02-12 07:50:51,752 basehttp 16520 1820 "OPTIONS /departments/all/ HTTP/1.1" 200 0
INFO 2026-02-12 07:50:53,023 basehttp 16520 1820 "GET /departments/all/ HTTP/1.1" 200 877
INFO 2026-02-12 07:50:53,034 basehttp 16520 1820 "OPTIONS /user/all/?role=employee HTTP/1.1" 200 0
WARNING 2026-02-12 07:50:53,357 basehttp 16520 1820 "GET /user/all/?role=employee HTTP/1.1" 404 9456
INFO 2026-02-12 07:50:53,436 basehttp 16520 13744 "GET /departments/all/ HTTP/1.1" 200 877
WARNING 2026-02-12 07:50:53,596 basehttp 16520 1820 "GET /user/all/?role=employee HTTP/1.1" 404 9456
INFO 2026-02-12 07:51:17,405 basehttp 16520 1820 "GET /auth/verify-token/ HTTP/1.1" 200 381
INFO 2026-02-12 07:51:17,729 basehttp 16520 13744 "GET /auth/verify-token/ HTTP/1.1" 200 381
INFO 2026-02-12 07:51:21,268 basehttp 16520 13744 "GET /departments/all/ HTTP/1.1" 200 877
WARNING 2026-02-12 07:51:21,299 basehttp 16520 13744 "GET /user/all/?role=employee HTTP/1.1" 404 9456
INFO 2026-02-12 07:51:21,514 basehttp 16520 1820 "GET /departments/all/ HTTP/1.1" 200 877
WARNING 2026-02-12 07:51:21,567 basehttp 16520 1820 "GET /user/all/?role=employee HTTP/1.1" 404 9456
INFO 2026-02-12 07:51:46,051 basehttp 16520 1820 "OPTIONS /task/create/ HTTP/1.1" 200 0
INFO 2026-02-12 07:51:46,930 basehttp 16520 1820 "POST /task/create/ HTTP/1.1" 201 365
INFO 2026-02-12 07:51:46,938 basehttp 16520 1820 "OPTIONS /task/all/?page=1&limit=10 HTTP/1.1" 200 0
INFO 2026-02-12 07:51:48,475 basehttp 16520 1820 "GET /task/all/?page=1&limit=10 HTTP/1.1" 200 1316
INFO 2026-02-12 07:52:07,997 basehttp 16520 1820 "OPTIONS /task-assignments/all/?page=1&limit=10 HTTP/1.1" 200 0
INFO 2026-02-12 07:52:08,344 basehttp 16520 1820 "GET /task-assignments/all/?page=1&limit=10 HTTP/1.1" 200 54
INFO 2026-02-12 08:18:37,500 basehttp 16520 7864 "OPTIONS /department/all/ HTTP/1.1" 200 0
WARNING 2026-02-12 08:18:37,574 basehttp 16520 7864 "GET /department/all/ HTTP/1.1" 404 9460
WARNING 2026-02-12 08:18:37,596 basehttp 16520 7864 "GET /user/all/?role=employee HTTP/1.1" 404 9456
INFO 2026-02-12 08:18:38,019 basehttp 16520 7864 "GET /task/all/?page=1&limit=10 HTTP/1.1" 200 1316
INFO 2026-02-12 08:18:54,134 basehttp 16520 7864 "GET /task-assignments/all/?page=1&limit=10 HTTP/1.1" 200 54
INFO 2026-02-12 08:21:30,326 basehttp 16520 7864 "GET /auth/verify-token/ HTTP/1.1" 200 381
INFO 2026-02-12 08:21:30,446 basehttp 16520 7864 "GET /auth/verify-token/ HTTP/1.1" 200 381
INFO 2026-02-12 08:21:39,112 basehttp 16520 7864 "GET /departments/all/ HTTP/1.1" 200 877
WARNING 2026-02-12 08:21:39,140 basehttp 16520 7864 "GET /user/all/?role=employee HTTP/1.1" 404 9456
INFO 2026-02-12 08:21:39,801 basehttp 16520 16596 "GET /departments/all/ HTTP/1.1" 200 877
INFO 2026-02-12 08:21:39,877 basehttp 16520 7864 "GET /task/all/?page=1&limit=10 HTTP/1.1" 200 1316
WARNING 2026-02-12 08:21:39,932 basehttp 16520 16596 "GET /user/all/?role=employee HTTP/1.1" 404 9456
INFO 2026-02-12 08:21:40,296 basehttp 16520 16596 "GET /task/all/?page=1&limit=10 HTTP/1.1" 200 1316
INFO 2026-02-12 08:21:44,867 basehttp 16520 16596 "GET /task-assignments/all/?page=1&limit=10 HTTP/1.1" 200 54
INFO 2026-02-12 08:23:30,722 basehttp 16520 16596 "GET /task/all/?page=1&limit=10 HTTP/1.1" 200 1316
INFO 2026-02-12 08:23:49,463 basehttp 16520 16596 "GET /task-assignments/all/?page=1&limit=10 HTTP/1.1" 200 54
INFO 2026-02-12 08:24:02,178 basehttp 16520 16596 "OPTIONS /departments/3/employees/ HTTP/1.1" 200 0
INFO 2026-02-12 08:24:02,364 basehttp 16520 16596 "GET /departments/3/employees/ HTTP/1.1" 200 151
INFO 2026-02-12 08:24:05,628 basehttp 16520 16596 "OPTIONS /departments/2/employees/ HTTP/1.1" 200 0
INFO 2026-02-12 08:24:08,819 basehttp 16520 16596 "GET /departments/2/employees/ HTTP/1.1" 200 517
INFO 2026-02-12 08:24:33,006 basehttp 16520 16596 "OPTIONS /task-assignments/create/ HTTP/1.1" 200 0
WARNING 2026-02-12 08:24:33,100 basehttp 16520 16596 "POST /task-assignments/create/ HTTP/1.1" 400 118
INFO 2026-02-12 08:41:47,051 autoreload 16520 11144 D:\DJANGO\FINAL YEAR PROJECTS\Gatete Bertrand\backend\taskAssignmentApp\views.py changed, reloading.
INFO 2026-02-12 08:41:52,956 autoreload 8092 14072 Watching for file changes with StatReloader
WARNING 2026-02-12 08:42:08,268 basehttp 8092 12484 "POST /task-assignments/create/ HTTP/1.1" 400 80
INFO 2026-02-12 08:45:39,966 autoreload 8092 14072 D:\DJANGO\FINAL YEAR PROJECTS\Gatete Bertrand\backend\taskAssignmentApp\views.py changed, reloading.
INFO 2026-02-12 08:45:43,562 autoreload 14840 3588 Watching for file changes with StatReloader
WARNING 2026-02-12 08:48:39,550 basehttp 14840 15672 "POST /task-assignments/create/ HTTP/1.1" 400 98
INFO 2026-02-12 08:49:16,590 basehttp 14840 15672 "GET /auth/verify-token/ HTTP/1.1" 200 381
INFO 2026-02-12 08:49:16,767 basehttp 14840 13912 "GET /auth/verify-token/ HTTP/1.1" 200 381
INFO 2026-02-12 08:49:21,480 basehttp 14840 13912 "GET /auth/verify-token/ HTTP/1.1" 200 381
INFO 2026-02-12 08:49:21,625 basehttp 14840 15672 "GET /auth/verify-token/ HTTP/1.1" 200 381
INFO 2026-02-12 08:49:27,804 basehttp 14840 15672 "GET /auth/verify-token/ HTTP/1.1" 200 381
INFO 2026-02-12 08:49:28,004 basehttp 14840 13912 "GET /auth/verify-token/ HTTP/1.1" 200 381
INFO 2026-02-12 08:49:34,648 basehttp 14840 13912 "GET /departments/all/ HTTP/1.1" 200 877
INFO 2026-02-12 08:49:34,671 basehttp 14840 13912 "OPTIONS /users/?role=employee HTTP/1.1" 200 0
INFO 2026-02-12 08:49:35,163 basehttp 14840 15672 "GET /departments/all/ HTTP/1.1" 200 877
INFO 2026-02-12 08:49:35,193 basehttp 14840 13912 "GET /users/?role=employee HTTP/1.1" 200 1169
INFO 2026-02-12 08:49:35,445 basehttp 14840 15672 "GET /users/?role=employee HTTP/1.1" 200 1169
INFO 2026-02-12 08:49:35,645 basehttp 14840 13912 "GET /task/all/?page=1&limit=10 HTTP/1.1" 200 1316
INFO 2026-02-12 08:49:35,816 basehttp 14840 15672 "GET /task/all/?page=1&limit=10 HTTP/1.1" 200 1316
INFO 2026-02-12 08:49:48,884 basehttp 14840 15672 "GET /task-assignments/all/?page=1&limit=10 HTTP/1.1" 200 69
INFO 2026-02-12 08:49:54,505 basehttp 14840 15672 "GET /departments/2/employees/ HTTP/1.1" 200 517
WARNING 2026-02-12 08:50:12,489 basehttp 14840 15672 "POST /task-assignments/create/ HTTP/1.1" 400 96
INFO 2026-02-12 09:00:11,944 autoreload 14840 3588 D:\DJANGO\FINAL YEAR PROJECTS\Gatete Bertrand\backend\taskAssignmentApp\models.py changed, reloading.
INFO 2026-02-12 09:00:16,395 autoreload 12020 14924 Watching for file changes with StatReloader
INFO 2026-02-12 09:00:37,163 autoreload 12020 14924 D:\DJANGO\FINAL YEAR PROJECTS\Gatete Bertrand\backend\taskAssignmentApp\views.py changed, reloading.
INFO 2026-02-12 09:00:39,081 autoreload 16296 2484 Watching for file changes with StatReloader
INFO 2026-02-12 09:00:52,301 autoreload 16296 2484 D:\DJANGO\FINAL YEAR PROJECTS\Gatete Bertrand\backend\taskAssignmentApp\views.py changed, reloading.
INFO 2026-02-12 09:00:56,655 autoreload 12072 17112 Watching for file changes with StatReloader
INFO 2026-02-12 09:01:04,536 autoreload 12072 17112 D:\DJANGO\FINAL YEAR PROJECTS\Gatete Bertrand\backend\taskAssignmentApp\views.py changed, reloading.
INFO 2026-02-12 09:01:06,529 autoreload 17052 16096 Watching for file changes with StatReloader
INFO 2026-02-12 09:03:19,995 autoreload 17052 16096 D:\DJANGO\FINAL YEAR PROJECTS\Gatete Bertrand\backend\taskAssignmentApp\views.py changed, reloading.
INFO 2026-02-12 09:03:22,933 autoreload 4340 3316 Watching for file changes with StatReloader
INFO 2026-02-12 09:04:55,932 basehttp 4340 17240 "POST /task-assignments/create/ HTTP/1.1" 201 2334
INFO 2026-02-12 09:04:56,048 basehttp 4340 17240 "GET /task-assignments/all/?page=1&limit=10 HTTP/1.1" 200 2329
INFO 2026-02-12 09:14:39,326 autoreload 1544 5416 Watching for file changes with StatReloader
INFO 2026-02-12 09:14:45,731 basehttp 1544 1348 "GET /auth/verify-token/ HTTP/1.1" 200 381
INFO 2026-02-12 09:14:46,156 basehttp 1544 3336 "GET /auth/verify-token/ HTTP/1.1" 200 381
INFO 2026-02-12 09:14:47,894 basehttp 1544 3336 "GET /departments/all/ HTTP/1.1" 200 877
INFO 2026-02-12 09:14:48,104 basehttp 1544 3336 "GET /users/?role=employee HTTP/1.1" 200 1169
INFO 2026-02-12 09:14:48,143 basehttp 1544 1348 "GET /departments/all/ HTTP/1.1" 200 877
INFO 2026-02-12 09:14:48,367 basehttp 1544 3336 "GET /task/all/?page=1&limit=10 HTTP/1.1" 200 1316
INFO 2026-02-12 09:14:48,426 basehttp 1544 1348 "GET /users/?role=employee HTTP/1.1" 200 1169
INFO 2026-02-12 09:14:48,635 basehttp 1544 1348 "GET /task/all/?page=1&limit=10 HTTP/1.1" 200 1316
INFO 2026-02-12 09:14:51,026 basehttp 1544 1348 "GET /task-assignments/all/?page=1&limit=10 HTTP/1.1" 200 2329
INFO 2026-02-12 09:22:37,121 autoreload 1544 5416 D:\DJANGO\FINAL YEAR PROJECTS\Gatete Bertrand\backend\taskAssignmentApp\views.py changed, reloading.
INFO 2026-02-12 09:22:40,249 autoreload 11696 9368 Watching for file changes with StatReloader
INFO 2026-02-12 09:23:05,913 autoreload 11696 9368 D:\DJANGO\FINAL YEAR PROJECTS\Gatete Bertrand\backend\taskAssignmentApp\views.py changed, reloading.
INFO 2026-02-12 09:23:08,794 autoreload 3560 6544 Watching for file changes with StatReloader
INFO 2026-02-12 09:23:17,336 autoreload 3560 6544 D:\DJANGO\FINAL YEAR PROJECTS\Gatete Bertrand\backend\taskAssignmentApp\views.py changed, reloading.
INFO 2026-02-12 09:23:22,178 autoreload 16260 16280 Watching for file changes with StatReloader
INFO 2026-02-12 09:23:46,501 autoreload 16260 16280 D:\DJANGO\FINAL YEAR PROJECTS\Gatete Bertrand\backend\taskAssignmentApp\serializers.py changed, reloading.
INFO 2026-02-12 09:23:49,192 autoreload 11488 11828 Watching for file changes with StatReloader
INFO 2026-02-12 09:24:03,393 autoreload 11488 11828 D:\DJANGO\FINAL YEAR PROJECTS\Gatete Bertrand\backend\taskAssignmentApp\serializers.py changed, reloading.
INFO 2026-02-12 09:24:07,711 autoreload 14096 2568 Watching for file changes with StatReloader
INFO 2026-02-12 09:24:13,195 autoreload 14096 2568 D:\DJANGO\FINAL YEAR PROJECTS\Gatete Bertrand\backend\taskAssignmentApp\serializers.py changed, reloading.
INFO 2026-02-12 09:24:18,090 autoreload 6852 16936 Watching for file changes with StatReloader
INFO 2026-02-12 09:24:48,272 autoreload 6852 16936 D:\DJANGO\FINAL YEAR PROJECTS\Gatete Bertrand\backend\taskAssignmentApp\serializers.py changed, reloading.
INFO 2026-02-12 09:24:52,108 autoreload 7056 16524 Watching for file changes with StatReloader
INFO 2026-02-12 09:25:03,368 autoreload 7056 16524 D:\DJANGO\FINAL YEAR PROJECTS\Gatete Bertrand\backend\taskAssignmentApp\views.py changed, reloading.
INFO 2026-02-12 09:25:06,402 autoreload 2044 6304 Watching for file changes with StatReloader
INFO 2026-02-12 09:27:54,901 autoreload 2044 6304 D:\DJANGO\FINAL YEAR PROJECTS\Gatete Bertrand\backend\taskAssignmentApp\views.py changed, reloading.
INFO 2026-02-12 09:28:10,984 autoreload 15584 196 Watching for file changes with StatReloader
INFO 2026-02-12 09:28:27,276 autoreload 15584 196 D:\DJANGO\FINAL YEAR PROJECTS\Gatete Bertrand\backend\taskAssignmentApp\views.py changed, reloading.
INFO 2026-02-12 09:28:29,242 autoreload 11944 14424 Watching for file changes with StatReloader
INFO 2026-02-12 09:32:15,664 autoreload 11944 14424 D:\DJANGO\FINAL YEAR PROJECTS\Gatete Bertrand\backend\taskAssignmentApp\views.py changed, reloading.
INFO 2026-02-12 09:32:19,244 autoreload 2452 6544 Watching for file changes with StatReloader
INFO 2026-02-12 09:32:32,274 basehttp 2452 13280 "OPTIONS /auth/login/ HTTP/1.1" 200 0
INFO 2026-02-12 09:32:33,184 basehttp 2452 2180 "GET /auth/verify-token/ HTTP/1.1" 200 381
INFO 2026-02-12 09:32:33,409 basehttp 2452 2180 "GET /auth/verify-token/ HTTP/1.1" 200 381
INFO 2026-02-12 09:32:36,023 basehttp 2452 13280 "POST /auth/login/ HTTP/1.1" 200 887
INFO 2026-02-12 09:32:54,763 basehttp 2452 13280 "GET /departments/all/ HTTP/1.1" 200 877
INFO 2026-02-12 09:32:54,939 basehttp 2452 2180 "GET /departments/all/ HTTP/1.1" 200 877
INFO 2026-02-12 09:32:55,012 basehttp 2452 13280 "GET /users/?role=employee HTTP/1.1" 200 1169
INFO 2026-02-12 09:32:55,129 basehttp 2452 2180 "GET /users/?role=employee HTTP/1.1" 200 1169
INFO 2026-02-12 09:32:55,484 basehttp 2452 13280 "GET /task/all/?page=1&limit=10 HTTP/1.1" 200 1316
INFO 2026-02-12 09:32:55,605 basehttp 2452 2180 "GET /task/all/?page=1&limit=10 HTTP/1.1" 200 1316
INFO 2026-02-12 09:32:57,685 basehttp 2452 2180 "GET /task-assignments/all/?page=1&limit=10 HTTP/1.1" 200 1555
INFO 2026-02-12 09:34:44,136 basehttp 2452 2180 "GET /auth/verify-token/ HTTP/1.1" 200 381
INFO 2026-02-12 09:34:44,380 basehttp 2452 13280 "GET /auth/verify-token/ HTTP/1.1" 200 381
INFO 2026-02-12 09:34:51,976 basehttp 2452 13280 "GET /departments/all/ HTTP/1.1" 200 877
INFO 2026-02-12 09:34:52,178 basehttp 2452 2180 "GET /departments/all/ HTTP/1.1" 200 877
INFO 2026-02-12 09:34:52,271 basehttp 2452 13280 "GET /users/?role=employee HTTP/1.1" 200 1169
INFO 2026-02-12 09:34:52,767 basehttp 2452 2180 "GET /users/?role=employee HTTP/1.1" 200 1169
INFO 2026-02-12 09:34:52,779 basehttp 2452 13280 "GET /task/all/?page=1&limit=10 HTTP/1.1" 200 1316
INFO 2026-02-12 09:34:52,899 basehttp 2452 2180 "GET /task/all/?page=1&limit=10 HTTP/1.1" 200 1316
INFO 2026-02-12 09:34:54,580 basehttp 2452 2180 "GET /task-assignments/all/?page=1&limit=10 HTTP/1.1" 200 1560
INFO 2026-02-12 09:35:49,058 basehttp 2452 2180 "OPTIONS /auth/logout/ HTTP/1.1" 200 0
INFO 2026-02-12 09:35:49,441 basehttp 2452 2180 "POST /auth/logout/ HTTP/1.1" 200 37
INFO 2026-02-12 09:36:02,585 basehttp 2452 15336 "OPTIONS /auth/login/ HTTP/1.1" 200 0
INFO 2026-02-12 09:36:04,806 basehttp 2452 15336 "POST /auth/login/ HTTP/1.1" 200 887
INFO 2026-02-12 09:36:09,477 basehttp 2452 15336 "OPTIONS /departments/all/ HTTP/1.1" 200 0
INFO 2026-02-12 09:36:09,484 basehttp 2452 13500 "OPTIONS /departments/all/ HTTP/1.1" 200 0
INFO 2026-02-12 09:36:09,660 basehttp 2452 15336 "GET /departments/all/ HTTP/1.1" 200 877
INFO 2026-02-12 09:36:09,670 basehttp 2452 13500 "OPTIONS /users/?role=employee HTTP/1.1" 200 0
INFO 2026-02-12 09:36:09,774 basehttp 2452 15336 "GET /departments/all/ HTTP/1.1" 200 877
INFO 2026-02-12 09:36:09,843 basehttp 2452 13500 "GET /users/?role=employee HTTP/1.1" 200 1169
INFO 2026-02-12 09:36:09,852 basehttp 2452 15336 "OPTIONS /task/all/?page=1&limit=10 HTTP/1.1" 200 0
INFO 2026-02-12 09:36:09,983 basehttp 2452 13500 "GET /users/?role=employee HTTP/1.1" 200 1169
INFO 2026-02-12 09:36:10,031 basehttp 2452 15336 "GET /task/all/?page=1&limit=10 HTTP/1.1" 200 1316
INFO 2026-02-12 09:36:10,524 basehttp 2452 15336 "GET /task/all/?page=1&limit=10 HTTP/1.1" 200 1316
INFO 2026-02-12 09:36:16,821 basehttp 2452 15336 "OPTIONS /task-assignments/all/?page=1&limit=10 HTTP/1.1" 200 0
INFO 2026-02-12 09:36:17,029 basehttp 2452 15336 "GET /task-assignments/all/?page=1&limit=10 HTTP/1.1" 200 1560
INFO 2026-02-12 09:57:33,734 basehttp 2452 16260 "GET /departments/all/ HTTP/1.1" 200 877
INFO 2026-02-12 09:57:33,912 basehttp 2452 16260 "GET /users/?role=employee HTTP/1.1" 200 1169
INFO 2026-02-12 09:57:34,132 basehttp 2452 16260 "GET /task-assignments/all/?page=1&limit=10 HTTP/1.1" 200 1555
INFO 2026-02-12 10:15:42,811 basehttp 2452 16944 "GET /task/all/?page=1&limit=10 HTTP/1.1" 200 1316
INFO 2026-02-12 10:15:46,974 basehttp 2452 16944 "GET /task-assignments/all/?page=1&limit=10 HTTP/1.1" 200 1553
INFO 2026-02-12 10:57:32,342 basehttp 2452 12992 "OPTIONS /departments/2/employees/ HTTP/1.1" 200 0
INFO 2026-02-12 10:57:33,380 basehttp 2452 12992 "GET /departments/2/employees/ HTTP/1.1" 200 517
INFO 2026-02-12 10:57:52,206 basehttp 2452 12992 "OPTIONS /auth/verify-token/ HTTP/1.1" 200 0
INFO 2026-02-12 10:57:52,771 basehttp 2452 12992 "GET /auth/verify-token/ HTTP/1.1" 200 381
INFO 2026-02-12 10:57:53,342 basehttp 2452 12992 "GET /auth/verify-token/ HTTP/1.1" 200 381
INFO 2026-02-12 10:57:55,931 basehttp 2452 12992 "GET /departments/all/ HTTP/1.1" 200 877
INFO 2026-02-12 10:57:56,507 basehttp 2452 12992 "GET /departments/all/ HTTP/1.1" 200 877
INFO 2026-02-12 10:57:56,806 basehttp 2452 1752 "GET /users/?role=employee HTTP/1.1" 200 1169
INFO 2026-02-12 10:57:57,348 basehttp 2452 12992 "GET /task-assignments/all/?page=1&limit=10 HTTP/1.1" 200 1560
INFO 2026-02-12 10:57:57,525 basehttp 2452 1752 "GET /users/?role=employee HTTP/1.1" 200 1169
INFO 2026-02-12 10:57:57,820 basehttp 2452 1752 "GET /task-assignments/all/?page=1&limit=10 HTTP/1.1" 200 1560
INFO 2026-02-12 10:58:04,084 basehttp 2452 1752 "GET /departments/2/employees/ HTTP/1.1" 200 517
INFO 2026-02-12 10:58:23,788 basehttp 2452 1752 "GET /auth/verify-token/ HTTP/1.1" 200 381
INFO 2026-02-12 10:58:24,080 basehttp 2452 1752 "GET /auth/verify-token/ HTTP/1.1" 200 381
INFO 2026-02-12 10:58:26,165 basehttp 2452 1752 "GET /departments/all/ HTTP/1.1" 200 877
INFO 2026-02-12 10:58:26,429 basehttp 2452 1752 "GET /departments/all/ HTTP/1.1" 200 877
INFO 2026-02-12 10:58:26,456 basehttp 2452 12992 "GET /users/?role=employee HTTP/1.1" 200 1169
INFO 2026-02-12 10:58:26,862 basehttp 2452 12992 "GET /users/?role=employee HTTP/1.1" 200 1169
INFO 2026-02-12 10:58:27,083 basehttp 2452 1752 "GET /task-assignments/all/?page=1&limit=10 HTTP/1.1" 200 1560
INFO 2026-02-12 10:58:27,599 basehttp 2452 1752 "GET /task-assignments/all/?page=1&limit=10 HTTP/1.1" 200 1560
INFO 2026-02-12 10:58:28,729 basehttp 2452 1752 "GET /task/all/?page=1&limit=10 HTTP/1.1" 200 1316
INFO 2026-02-12 10:58:30,030 basehttp 2452 1752 "GET /task-assignments/all/?page=1&limit=10 HTTP/1.1" 200 1560
INFO 2026-02-12 10:58:32,745 basehttp 2452 1752 "GET /departments/2/employees/ HTTP/1.1" 200 517
INFO 2026-02-12 10:58:53,678 basehttp 2452 1752 "OPTIONS /task-assignments/modify/ HTTP/1.1" 200 0
INFO 2026-02-12 10:58:54,012 basehttp 2452 1752 "PUT /task-assignments/modify/ HTTP/1.1" 200 1550
INFO 2026-02-12 10:58:54,200 basehttp 2452 1752 "GET /task-assignments/all/?page=1&limit=10 HTTP/1.1" 200 1560
INFO 2026-02-12 11:00:15,024 basehttp 2452 1752 "GET /departments/2/employees/ HTTP/1.1" 200 517
INFO 2026-02-12 11:01:55,875 autoreload 2452 6544 D:\DJANGO\FINAL YEAR PROJECTS\Gatete Bertrand\backend\taskAssignmentApp\serializers.py changed, reloading.
INFO 2026-02-12 11:02:12,748 autoreload 9724 15984 Watching for file changes with StatReloader
INFO 2026-02-12 11:04:49,965 basehttp 9724 7968 "PUT /task-assignments/modify/ HTTP/1.1" 200 1545
INFO 2026-02-12 11:04:50,459 basehttp 9724 7968 "GET /task-assignments/all/?page=1&limit=10 HTTP/1.1" 200 1560
INFO 2026-02-12 11:05:36,262 autoreload 9724 15984 D:\DJANGO\FINAL YEAR PROJECTS\Gatete Bertrand\backend\taskAssignmentApp\views.py changed, reloading.
INFO 2026-02-12 11:05:41,900 autoreload 16708 12696 Watching for file changes with StatReloader
INFO 2026-02-12 11:05:57,295 autoreload 16708 12696 D:\DJANGO\FINAL YEAR PROJECTS\Gatete Bertrand\backend\taskAssignmentApp\views.py changed, reloading.
INFO 2026-02-12 11:06:00,241 autoreload 9360 12524 Watching for file changes with StatReloader
INFO 2026-02-12 11:07:18,971 basehttp 9360 12548 "GET /departments/2/employees/ HTTP/1.1" 200 517
INFO 2026-02-12 11:07:29,685 basehttp 9360 12548 "PUT /task-assignments/modify/ HTTP/1.1" 200 1550
INFO 2026-02-12 11:07:29,883 basehttp 9360 12548 "GET /task-assignments/all/?page=1&limit=10 HTTP/1.1" 200 1560
INFO 2026-02-12 11:08:49,495 autoreload 9360 12524 D:\DJANGO\FINAL YEAR PROJECTS\Gatete Bertrand\backend\taskAssignmentApp\views.py changed, reloading.
INFO 2026-02-12 11:08:52,125 autoreload 15588 10840 Watching for file changes with StatReloader
INFO 2026-02-12 11:08:57,215 autoreload 15588 10840 D:\DJANGO\FINAL YEAR PROJECTS\Gatete Bertrand\backend\taskAssignmentApp\views.py changed, reloading.
INFO 2026-02-12 11:09:01,607 autoreload 15168 17252 Watching for file changes with StatReloader
INFO 2026-02-12 11:09:14,612 autoreload 15168 17252 D:\DJANGO\FINAL YEAR PROJECTS\Gatete Bertrand\backend\taskAssignmentApp\views.py changed, reloading.
INFO 2026-02-12 11:09:16,891 autoreload 7252 4560 Watching for file changes with StatReloader
INFO 2026-02-12 11:09:26,708 autoreload 7252 4560 D:\DJANGO\FINAL YEAR PROJECTS\Gatete Bertrand\backend\taskAssignmentApp\views.py changed, reloading.
INFO 2026-02-12 11:09:32,347 autoreload 15784 11104 Watching for file changes with StatReloader
INFO 2026-02-12 11:09:39,157 autoreload 15784 11104 D:\DJANGO\FINAL YEAR PROJECTS\Gatete Bertrand\backend\taskAssignmentApp\views.py changed, reloading.
INFO 2026-02-12 11:09:44,788 autoreload 12524 9360 Watching for file changes with StatReloader
INFO 2026-02-12 11:10:06,981 basehttp 12524 14768 "GET /departments/2/employees/ HTTP/1.1" 200 517
ERROR 2026-02-12 11:10:29,042 basehttp 12524 14768 "PUT /task-assignments/modify/ HTTP/1.1" 500 142
INFO 2026-02-12 11:13:28,200 autoreload 12524 9360 D:\DJANGO\FINAL YEAR PROJECTS\Gatete Bertrand\backend\taskAssignmentApp\views.py changed, reloading.
INFO 2026-02-12 11:13:33,256 autoreload 5784 16760 Watching for file changes with StatReloader
INFO 2026-02-12 11:13:38,528 autoreload 5784 16760 D:\DJANGO\FINAL YEAR PROJECTS\Gatete Bertrand\backend\taskAssignmentApp\views.py changed, reloading.
INFO 2026-02-12 11:13:40,142 autoreload 16936 6484 Watching for file changes with StatReloader
ERROR 2026-02-12 11:13:51,987 basehttp 16936 8544 "PUT /task-assignments/modify/ HTTP/1.1" 500 87
INFO 2026-02-12 11:14:10,060 autoreload 16936 6484 D:\DJANGO\FINAL YEAR PROJECTS\Gatete Bertrand\backend\taskAssignmentApp\views.py changed, reloading.
INFO 2026-02-12 11:14:11,701 autoreload 14136 13280 Watching for file changes with StatReloader
ERROR 2026-02-12 11:14:18,230 basehttp 14136 14684 "PUT /task-assignments/modify/ HTTP/1.1" 500 87
INFO 2026-02-12 11:14:39,715 autoreload 14136 13280 D:\DJANGO\FINAL YEAR PROJECTS\Gatete Bertrand\backend\taskAssignmentApp\views.py changed, reloading.
INFO 2026-02-12 11:14:42,178 autoreload 16228 10020 Watching for file changes with StatReloader
INFO 2026-02-12 11:15:11,139 autoreload 16228 10020 D:\DJANGO\FINAL YEAR PROJECTS\Gatete Bertrand\backend\taskAssignmentApp\views.py changed, reloading.
INFO 2026-02-12 11:15:14,070 autoreload 16200 11716 Watching for file changes with StatReloader
INFO 2026-02-12 11:15:27,083 autoreload 16200 11716 D:\DJANGO\FINAL YEAR PROJECTS\Gatete Bertrand\backend\taskAssignmentApp\views.py changed, reloading.
INFO 2026-02-12 11:15:32,337 autoreload 13808 16764 Watching for file changes with StatReloader
INFO 2026-02-12 11:15:39,523 autoreload 13808 16764 D:\DJANGO\FINAL YEAR PROJECTS\Gatete Bertrand\backend\taskAssignmentApp\views.py changed, reloading.
INFO 2026-02-12 11:15:41,340 autoreload 16084 9480 Watching for file changes with StatReloader
INFO 2026-02-12 11:15:47,316 autoreload 16084 9480 D:\DJANGO\FINAL YEAR PROJECTS\Gatete Bertrand\backend\taskAssignmentApp\views.py changed, reloading.
INFO 2026-02-12 11:15:51,649 autoreload 1572 8376 Watching for file changes with StatReloader
INFO 2026-02-12 11:15:57,284 autoreload 1572 8376 D:\DJANGO\FINAL YEAR PROJECTS\Gatete Bertrand\backend\taskAssignmentApp\views.py changed, reloading.
INFO 2026-02-12 11:15:59,105 autoreload 1056 6340 Watching for file changes with StatReloader
INFO 2026-02-12 11:16:03,572 autoreload 1056 6340 D:\DJANGO\FINAL YEAR PROJECTS\Gatete Bertrand\backend\taskAssignmentApp\views.py changed, reloading.
INFO 2026-02-12 11:16:07,157 autoreload 10328 10792 Watching for file changes with StatReloader
INFO 2026-02-12 11:16:14,883 autoreload 10328 10792 D:\DJANGO\FINAL YEAR PROJECTS\Gatete Bertrand\backend\taskAssignmentApp\views.py changed, reloading.
INFO 2026-02-12 11:16:22,572 autoreload 11376 8680 Watching for file changes with StatReloader
INFO 2026-02-12 11:16:29,389 autoreload 11376 8680 D:\DJANGO\FINAL YEAR PROJECTS\Gatete Bertrand\backend\taskAssignmentApp\views.py changed, reloading.
INFO 2026-02-12 11:16:33,977 autoreload 5560 5516 Watching for file changes with StatReloader
INFO 2026-02-12 11:16:38,207 autoreload 5560 5516 D:\DJANGO\FINAL YEAR PROJECTS\Gatete Bertrand\backend\taskAssignmentApp\views.py changed, reloading.
INFO 2026-02-12 11:16:39,922 autoreload 9744 9884 Watching for file changes with StatReloader
ERROR 2026-02-12 11:16:57,861 basehttp 9744 6372 "PUT /task-assignments/modify/ HTTP/1.1" 500 60
INFO 2026-02-12 11:17:23,985 autoreload 9744 9884 D:\DJANGO\FINAL YEAR PROJECTS\Gatete Bertrand\backend\taskAssignmentApp\views.py changed, reloading.
INFO 2026-02-12 11:17:28,555 autoreload 12632 13184 Watching for file changes with StatReloader
ERROR 2026-02-12 11:17:36,612 basehttp 12632 6732 "PUT /task-assignments/modify/ HTTP/1.1" 500 60
INFO 2026-02-12 11:17:54,641 autoreload 12632 13184 D:\DJANGO\FINAL YEAR PROJECTS\Gatete Bertrand\backend\taskAssignmentApp\views.py changed, reloading.
INFO 2026-02-12 11:17:58,669 autoreload 16796 9348 Watching for file changes with StatReloader
ERROR 2026-02-12 11:18:05,077 basehttp 16796 8228 "PUT /task-assignments/modify/ HTTP/1.1" 500 60
INFO 2026-02-12 11:18:14,384 autoreload 16796 9348 D:\DJANGO\FINAL YEAR PROJECTS\Gatete Bertrand\backend\taskAssignmentApp\views.py changed, reloading.
INFO 2026-02-12 11:18:16,178 autoreload 13352 2576 Watching for file changes with StatReloader
ERROR 2026-02-12 11:18:20,176 basehttp 13352 15564 "PUT /task-assignments/modify/ HTTP/1.1" 500 60
INFO 2026-02-12 11:18:29,155 basehttp 13352 15564 "GET /auth/verify-token/ HTTP/1.1" 200 381
INFO 2026-02-12 11:18:29,507 basehttp 13352 15564 "GET /auth/verify-token/ HTTP/1.1" 200 381
INFO 2026-02-12 11:18:31,112 basehttp 13352 15564 "GET /departments/all/ HTTP/1.1" 200 877
INFO 2026-02-12 11:18:31,262 basehttp 13352 15564 "GET /departments/all/ HTTP/1.1" 200 877
INFO 2026-02-12 11:18:31,365 basehttp 13352 4924 "GET /users/?role=employee HTTP/1.1" 200 1169
INFO 2026-02-12 11:18:31,528 basehttp 13352 4924 "GET /users/?role=employee HTTP/1.1" 200 1169
INFO 2026-02-12 11:18:31,762 basehttp 13352 15564 "GET /task-assignments/all/?page=1&limit=10 HTTP/1.1" 200 1939
INFO 2026-02-12 11:18:31,896 basehttp 13352 15564 "GET /task-assignments/all/?page=1&limit=10 HTTP/1.1" 200 1939
INFO 2026-02-12 11:18:34,149 basehttp 13352 15564 "GET /departments/2/employees/ HTTP/1.1" 200 517
ERROR 2026-02-12 11:18:40,184 basehttp 13352 15564 "PUT /task-assignments/modify/ HTTP/1.1" 500 60
INFO 2026-02-12 11:19:21,821 autoreload 13352 2576 D:\DJANGO\FINAL YEAR PROJECTS\Gatete Bertrand\backend\taskAssignmentApp\views.py changed, reloading.
INFO 2026-02-12 11:19:24,085 autoreload 15148 7824 Watching for file changes with StatReloader
INFO 2026-02-12 11:19:39,784 basehttp 15148 16916 "PUT /task-assignments/modify/ HTTP/1.1" 200 1929
INFO 2026-02-12 11:19:40,100 basehttp 15148 16916 "GET /task-assignments/all/?page=1&limit=10 HTTP/1.1" 200 1939
INFO 2026-02-12 11:21:16,215 autoreload 15148 7824 D:\DJANGO\FINAL YEAR PROJECTS\Gatete Bertrand\backend\taskAssignmentApp\views.py changed, reloading.
INFO 2026-02-12 11:21:20,008 autoreload 15636 11648 Watching for file changes with StatReloader
INFO 2026-02-12 11:22:14,780 basehttp 15636 16548 "GET /departments/2/employees/ HTTP/1.1" 200 517
INFO 2026-02-12 11:22:30,093 basehttp 15636 16548 "PUT /task-assignments/modify/ HTTP/1.1" 200 1929
INFO 2026-02-12 11:22:30,336 basehttp 15636 16548 "GET /task-assignments/all/?page=1&limit=10 HTTP/1.1" 200 1939
INFO 2026-02-12 11:24:39,063 basehttp 15636 16548 "OPTIONS /task-assignments/1/delete/ HTTP/1.1" 200 0
INFO 2026-02-12 11:24:39,521 basehttp 15636 16548 "DELETE /task-assignments/1/delete/ HTTP/1.1" 200 199
INFO 2026-02-12 11:24:39,796 basehttp 15636 16548 "GET /task-assignments/all/?page=1&limit=10 HTTP/1.1" 200 85
INFO 2026-02-12 11:24:49,250 basehttp 15636 16548 "GET /auth/verify-token/ HTTP/1.1" 200 381
INFO 2026-02-12 11:24:49,450 basehttp 15636 16548 "GET /auth/verify-token/ HTTP/1.1" 200 381
INFO 2026-02-12 11:24:51,540 basehttp 15636 16548 "GET /departments/all/ HTTP/1.1" 200 877
INFO 2026-02-12 11:24:51,742 basehttp 15636 16548 "GET /departments/all/ HTTP/1.1" 200 877
INFO 2026-02-12 11:24:51,774 basehttp 15636 16404 "GET /users/?role=employee HTTP/1.1" 200 1169
INFO 2026-02-12 11:24:51,970 basehttp 15636 16548 "GET /task-assignments/all/?page=1&limit=10 HTTP/1.1" 200 85
INFO 2026-02-12 11:24:52,027 basehttp 15636 16404 "GET /users/?role=employee HTTP/1.1" 200 1169
INFO 2026-02-12 11:24:52,338 basehttp 15636 16404 "GET /task-assignments/all/?page=1&limit=10 HTTP/1.1" 200 85
INFO 2026-02-12 11:24:59,003 basehttp 15636 16404 "GET /departments/2/employees/ HTTP/1.1" 200 517
INFO 2026-02-12 11:27:23,993 basehttp 15636 16404 "GET /auth/verify-token/ HTTP/1.1" 200 381
INFO 2026-02-12 11:27:24,136 basehttp 15636 16404 "GET /auth/verify-token/ HTTP/1.1" 200 381
INFO 2026-02-12 11:27:30,717 basehttp 15636 16404 "GET /departments/all/ HTTP/1.1" 200 877
INFO 2026-02-12 11:27:30,971 basehttp 15636 16548 "GET /users/?role=employee HTTP/1.1" 200 1169
INFO 2026-02-12 11:27:31,269 basehttp 15636 16404 "GET /departments/all/ HTTP/1.1" 200 877
INFO 2026-02-12 11:27:31,304 basehttp 15636 16548 "GET /task-assignments/all/?page=1&limit=10 HTTP/1.1" 200 85
INFO 2026-02-12 11:27:31,528 basehttp 15636 16404 "GET /users/?role=employee HTTP/1.1" 200 1169
INFO 2026-02-12 11:27:31,681 basehttp 15636 16404 "GET /task-assignments/all/?page=1&limit=10 HTTP/1.1" 200 85
INFO 2026-02-12 11:27:40,082 basehttp 15636 16404 "GET /task/all/?page=1&limit=10 HTTP/1.1" 200 1316
INFO 2026-02-12 11:27:47,615 basehttp 15636 16404 "GET /task-assignments/all/?page=1&limit=10 HTTP/1.1" 200 85
INFO 2026-02-12 11:28:12,762 basehttp 15636 16404 "OPTIONS /departments/3/employees/ HTTP/1.1" 200 0
INFO 2026-02-12 11:28:12,925 basehttp 15636 16404 "GET /departments/3/employees/ HTTP/1.1" 200 151
INFO 2026-02-12 11:28:16,525 basehttp 15636 16404 "GET /departments/2/employees/ HTTP/1.1" 200 517
INFO 2026-02-12 11:28:53,828 basehttp 15636 16404 "OPTIONS /task-assignments/create/ HTTP/1.1" 200 0
INFO 2026-02-12 11:28:54,208 basehttp 15636 16404 "POST /task-assignments/create/ HTTP/1.1" 201 1544
INFO 2026-02-12 11:28:54,351 basehttp 15636 16404 "GET /task-assignments/all/?page=1&limit=10 HTTP/1.1" 200 1555
INFO 2026-02-12 11:31:40,016 autoreload 15636 11648 D:\DJANGO\FINAL YEAR PROJECTS\Gatete Bertrand\backend\taskAssignmentApp\views.py changed, reloading.
INFO 2026-02-12 11:31:48,664 autoreload 13804 8928 Watching for file changes with StatReloader
INFO 2026-02-12 11:32:04,150 autoreload 13804 8928 D:\DJANGO\FINAL YEAR PROJECTS\Gatete Bertrand\backend\taskAssignmentApp\services.py changed, reloading.
INFO 2026-02-12 11:32:06,659 autoreload 10804 11328 Watching for file changes with StatReloader
INFO 2026-02-12 11:32:23,704 autoreload 10804 11328 D:\DJANGO\FINAL YEAR PROJECTS\Gatete Bertrand\backend\taskAssignmentApp\services.py changed, reloading.
INFO 2026-02-12 11:32:25,961 autoreload 9592 12020 Watching for file changes with StatReloader
INFO 2026-02-12 11:32:29,662 autoreload 9592 12020 D:\DJANGO\FINAL YEAR PROJECTS\Gatete Bertrand\backend\taskAssignmentApp\services.py changed, reloading.
INFO 2026-02-12 11:32:32,543 autoreload 1780 10340 Watching for file changes with StatReloader
INFO 2026-02-12 11:33:02,878 autoreload 1780 10340 D:\DJANGO\FINAL YEAR PROJECTS\Gatete Bertrand\backend\taskAssignmentApp\serializers.py changed, reloading.
INFO 2026-02-12 11:33:05,256 autoreload 11160 9796 Watching for file changes with StatReloader
INFO 2026-02-12 11:34:49,391 basehttp 11160 13948 "GET /departments/2/employees/ HTTP/1.1" 200 517
INFO 2026-02-12 11:34:54,007 basehttp 11160 13948 "PUT /task-assignments/modify/ HTTP/1.1" 200 1918
INFO 2026-02-12 11:34:54,260 basehttp 11160 13948 "GET /task-assignments/all/?page=1&limit=10 HTTP/1.1" 200 1927
INFO 2026-02-12 11:35:20,969 basehttp 11160 13948 "GET /departments/2/employees/ HTTP/1.1" 200 517
INFO 2026-02-12 11:35:41,251 basehttp 11160 13948 "PUT /task-assignments/modify/ HTTP/1.1" 200 1927
INFO 2026-02-12 11:35:41,506 basehttp 11160 13948 "GET /task-assignments/all/?page=1&limit=10 HTTP/1.1" 200 1937
INFO 2026-02-12 11:58:29,535 basehttp 11160 13500 "OPTIONS /departments/all/ HTTP/1.1" 200 0
INFO 2026-02-12 11:58:29,799 basehttp 11160 13500 "GET /departments/all/ HTTP/1.1" 200 877
INFO 2026-02-12 11:58:29,813 basehttp 11160 13500 "OPTIONS /users/?role=employee HTTP/1.1" 200 0
INFO 2026-02-12 11:58:30,037 basehttp 11160 13500 "GET /users/?role=employee HTTP/1.1" 200 1169
INFO 2026-02-12 11:58:30,050 basehttp 11160 13500 "OPTIONS /task-assignments/all/?page=1&limit=10 HTTP/1.1" 200 0
INFO 2026-02-12 11:58:30,366 basehttp 11160 13500 "GET /task-assignments/all/?page=1&limit=10 HTTP/1.1" 200 1937
INFO 2026-02-12 11:59:40,403 autoreload 11160 9796 D:\DJANGO\FINAL YEAR PROJECTS\Gatete Bertrand\backend\taskAssignmentApp\views.py changed, reloading.
INFO 2026-02-12 11:59:45,998 autoreload 16568 16464 Watching for file changes with StatReloader
INFO 2026-02-12 12:00:05,732 autoreload 16568 16464 D:\DJANGO\FINAL YEAR PROJECTS\Gatete Bertrand\backend\taskAssignmentApp\urls.py changed, reloading.
INFO 2026-02-12 12:00:08,209 autoreload 16376 15224 Watching for file changes with StatReloader
INFO 2026-02-12 12:02:05,734 autoreload 16376 15224 D:\DJANGO\FINAL YEAR PROJECTS\Gatete Bertrand\backend\taskAssignmentApp\services.py changed, reloading.
INFO 2026-02-12 12:02:12,654 autoreload 13696 14424 Watching for file changes with StatReloader
INFO 2026-02-12 12:02:47,805 autoreload 13696 14424 D:\DJANGO\FINAL YEAR PROJECTS\Gatete Bertrand\backend\taskAssignmentApp\services.py changed, reloading.
INFO 2026-02-12 12:02:50,057 autoreload 11852 7304 Watching for file changes with StatReloader
INFO 2026-02-12 12:03:06,441 autoreload 11852 7304 D:\DJANGO\FINAL YEAR PROJECTS\Gatete Bertrand\backend\taskAssignmentApp\serializers.py changed, reloading.
INFO 2026-02-12 12:03:11,409 autoreload 11644 3660 Watching for file changes with StatReloader
INFO 2026-02-12 12:03:16,939 autoreload 11644 3660 D:\DJANGO\FINAL YEAR PROJECTS\Gatete Bertrand\backend\taskAssignmentApp\serializers.py changed, reloading.
INFO 2026-02-12 12:03:20,188 autoreload 736 8644 Watching for file changes with StatReloader
INFO 2026-02-12 12:03:49,110 autoreload 736 8644 D:\DJANGO\FINAL YEAR PROJECTS\Gatete Bertrand\backend\taskAssignmentApp\views.py changed, reloading.
INFO 2026-02-12 12:03:51,597 autoreload 5936 5892 Watching for file changes with StatReloader
INFO 2026-02-12 12:04:00,437 basehttp 5936 9336 "GET /auth/verify-token/ HTTP/1.1" 200 381
INFO 2026-02-12 12:04:00,831 basehttp 5936 9336 "GET /auth/verify-token/ HTTP/1.1" 200 381
INFO 2026-02-12 12:04:02,430 basehttp 5936 9336 "GET /departments/all/ HTTP/1.1" 200 877
INFO 2026-02-12 12:04:02,607 basehttp 5936 9336 "GET /departments/all/ HTTP/1.1" 200 877
INFO 2026-02-12 12:04:02,648 basehttp 5936 13800 "GET /users/?role=employee HTTP/1.1" 200 1169
INFO 2026-02-12 12:04:02,808 basehttp 5936 13800 "GET /users/?role=employee HTTP/1.1" 200 1169
INFO 2026-02-12 12:04:02,922 basehttp 5936 9336 "GET /task-assignments/all/?page=1&limit=10 HTTP/1.1" 200 1937
INFO 2026-02-12 12:04:03,263 basehttp 5936 9336 "GET /task-assignments/all/?page=1&limit=10 HTTP/1.1" 200 1937
INFO 2026-02-12 12:04:08,912 basehttp 5936 9336 "OPTIONS /task/all/?page=1&limit=10 HTTP/1.1" 200 0
INFO 2026-02-12 12:04:09,083 basehttp 5936 9336 "GET /task/all/?page=1&limit=10 HTTP/1.1" 200 1316
INFO 2026-02-12 12:04:12,519 basehttp 5936 9336 "GET /task-assignments/all/?page=1&limit=10 HTTP/1.1" 200 1931
INFO 2026-02-12 12:05:22,487 basehttp 5936 9336 "GET /departments/2/employees/ HTTP/1.1" 200 517
INFO 2026-02-12 12:06:02,423 basehttp 5936 9336 "GET /departments/3/employees/ HTTP/1.1" 200 151
INFO 2026-02-12 12:06:04,559 basehttp 5936 9336 "GET /departments/2/employees/ HTTP/1.1" 200 517
INFO 2026-02-12 12:06:21,373 basehttp 5936 9336 "OPTIONS /task-assignments/assign-to-users/ HTTP/1.1" 200 0
INFO 2026-02-12 12:06:21,441 basehttp 5936 9336 "POST /task-assignments/assign-to-users/ HTTP/1.1" 201 144
INFO 2026-02-12 12:06:24,671 basehttp 5936 9336 "GET /task-assignments/all/?page=1&limit=10 HTTP/1.1" 200 1937
INFO 2026-02-12 12:07:19,618 basehttp 5936 9336 "GET /departments/2/employees/ HTTP/1.1" 200 517
WARNING 2026-02-12 12:07:33,038 basehttp 5936 9336 "POST /task-assignments/create/ HTTP/1.1" 400 124
WARNING 2026-02-12 12:08:10,020 basehttp 5936 9336 "POST /task-assignments/create/ HTTP/1.1" 400 124
WARNING 2026-02-12 12:10:15,609 basehttp 5936 9336 "POST /task-assignments/create/ HTTP/1.1" 400 124
INFO 2026-02-12 12:11:47,055 basehttp 5936 9336 "GET /auth/verify-token/ HTTP/1.1" 200 381
INFO 2026-02-12 12:11:47,234 basehttp 5936 9336 "GET /auth/verify-token/ HTTP/1.1" 200 381
INFO 2026-02-12 12:11:49,622 basehttp 5936 9336 "GET /departments/all/ HTTP/1.1" 200 877
INFO 2026-02-12 12:11:50,087 basehttp 5936 9336 "GET /departments/all/ HTTP/1.1" 200 877
INFO 2026-02-12 12:11:50,207 basehttp 5936 7272 "GET /users/?role=employee HTTP/1.1" 200 1169
INFO 2026-02-12 12:11:50,453 basehttp 5936 7272 "GET /users/?role=employee HTTP/1.1" 200 1169
INFO 2026-02-12 12:11:50,497 basehttp 5936 9336 "GET /task-assignments/all/?page=1&limit=10 HTTP/1.1" 200 1937
INFO 2026-02-12 12:11:50,703 basehttp 5936 9336 "GET /task-assignments/all/?page=1&limit=10 HTTP/1.1" 200 1937
INFO 2026-02-12 12:12:04,623 basehttp 5936 9336 "GET /auth/verify-token/ HTTP/1.1" 200 381
INFO 2026-02-12 12:12:04,767 basehttp 5936 9336 "GET /auth/verify-token/ HTTP/1.1" 200 381
INFO 2026-02-12 12:12:16,930 basehttp 5936 9336 "GET /departments/all/ HTTP/1.1" 200 877
INFO 2026-02-12 12:12:17,087 basehttp 5936 9336 "GET /departments/all/ HTTP/1.1" 200 877
INFO 2026-02-12 12:12:17,428 basehttp 5936 7272 "GET /users/?role=employee HTTP/1.1" 200 1169
INFO 2026-02-12 12:12:17,670 basehttp 5936 7272 "GET /users/?role=employee HTTP/1.1" 200 1169
INFO 2026-02-12 12:12:17,708 basehttp 5936 9336 "GET /task-assignments/all/?page=1&limit=10 HTTP/1.1" 200 1937
INFO 2026-02-12 12:12:17,945 basehttp 5936 9336 "GET /task-assignments/all/?page=1&limit=10 HTTP/1.1" 200 1937
INFO 2026-02-12 12:12:19,090 basehttp 5936 9336 "GET /task/all/?page=1&limit=10 HTTP/1.1" 200 1316
INFO 2026-02-12 12:12:25,323 basehttp 5936 9336 "GET /task-assignments/all/?page=1&limit=10 HTTP/1.1" 200 1937
INFO 2026-02-12 12:12:36,066 basehttp 5936 9336 "GET /departments/2/employees/ HTTP/1.1" 200 517
INFO 2026-02-12 12:13:58,501 basehttp 5936 9336 "POST /task-assignments/assign-to-users/ HTTP/1.1" 201 144
INFO 2026-02-12 12:14:01,696 basehttp 5936 9336 "GET /task-assignments/all/?page=1&limit=10 HTTP/1.1" 200 1936
INFO 2026-02-12 12:14:20,774 basehttp 5936 9336 "GET /departments/2/employees/ HTTP/1.1" 200 517
INFO 2026-02-12 12:14:26,745 basehttp 5936 9336 "OPTIONS /task-assignments/assign-to-department/ HTTP/1.1" 200 0
ERROR 2026-02-12 12:14:26,819 basehttp 5936 9336 "POST /task-assignments/assign-to-department/ HTTP/1.1" 500 73
INFO 2026-02-12 12:19:09,926 basehttp 5936 9336 "OPTIONS /task-assignments/bulk-assign/ HTTP/1.1" 200 0
ERROR 2026-02-12 12:19:10,099 basehttp 5936 9336 "POST /task-assignments/bulk-assign/ HTTP/1.1" 500 85
INFO 2026-02-12 12:27:57,276 autoreload 5936 5892 D:\DJANGO\FINAL YEAR PROJECTS\Gatete Bertrand\backend\taskAssignmentApp\views.py changed, reloading.
INFO 2026-02-12 12:28:00,583 autoreload 15148 16936 Watching for file changes with StatReloader
WARNING 2026-02-12 12:29:04,743 basehttp 15148 14324 "POST /task-assignments/bulk-assign/ HTTP/1.1" 400 59
INFO 2026-02-12 12:30:14,613 basehttp 15148 14324 "GET /auth/verify-token/ HTTP/1.1" 200 381
INFO 2026-02-12 12:30:14,734 basehttp 15148 14324 "GET /auth/verify-token/ HTTP/1.1" 200 381
INFO 2026-02-12 12:30:17,864 basehttp 15148 14324 "GET /departments/all/ HTTP/1.1" 200 877
INFO 2026-02-12 12:30:18,032 basehttp 15148 14324 "GET /departments/all/ HTTP/1.1" 200 877
INFO 2026-02-12 12:30:18,072 basehttp 15148 11652 "GET /users/?role=employee HTTP/1.1" 200 1169
INFO 2026-02-12 12:30:18,197 basehttp 15148 11652 "GET /users/?role=employee HTTP/1.1" 200 1169
INFO 2026-02-12 12:30:18,419 basehttp 15148 14324 "GET /task-assignments/all/?page=1&limit=10 HTTP/1.1" 200 1931
INFO 2026-02-12 12:30:18,907 basehttp 15148 14324 "GET /task-assignments/all/?page=1&limit=10 HTTP/1.1" 200 1932
INFO 2026-02-12 12:30:29,530 basehttp 15148 14324 "GET /auth/verify-token/ HTTP/1.1" 200 381
INFO 2026-02-12 12:30:29,676 basehttp 15148 14324 "GET /auth/verify-token/ HTTP/1.1" 200 381
INFO 2026-02-12 12:30:32,056 basehttp 15148 14324 "GET /departments/all/ HTTP/1.1" 200 877
INFO 2026-02-12 12:30:32,323 basehttp 15148 11652 "GET /users/?role=employee HTTP/1.1" 200 1169
INFO 2026-02-12 12:30:32,346 basehttp 15148 14324 "GET /departments/all/ HTTP/1.1" 200 877
INFO 2026-02-12 12:30:32,565 basehttp 15148 14324 "GET /users/?role=employee HTTP/1.1" 200 1169
INFO 2026-02-12 12:30:32,594 basehttp 15148 11652 "GET /task-assignments/all/?page=1&limit=10 HTTP/1.1" 200 1936
INFO 2026-02-12 12:30:32,924 basehttp 15148 11652 "GET /task-assignments/all/?page=1&limit=10 HTTP/1.1" 200 1937
INFO 2026-02-12 12:30:34,101 basehttp 15148 11652 "GET /task/all/?page=1&limit=10 HTTP/1.1" 200 1316
INFO 2026-02-12 12:30:35,193 basehttp 15148 11652 "GET /task-assignments/all/?page=1&limit=10 HTTP/1.1" 200 1937
INFO 2026-02-12 12:31:14,086 basehttp 15148 11652 "GET /departments/2/employees/ HTTP/1.1" 200 517
WARNING 2026-02-12 12:31:18,624 basehttp 15148 11652 "POST /task-assignments/assign-to-department/ HTTP/1.1" 400 66
WARNING 2026-02-12 12:31:28,786 basehttp 15148 11652 "POST /task-assignments/bulk-assign/ HTTP/1.1" 400 59
WARNING 2026-02-12 12:31:37,010 basehttp 15148 11652 "POST /task-assignments/bulk-assign/ HTTP/1.1" 400 59
INFO 2026-02-12 12:33:17,388 basehttp 15148 1628 "GET /auth/verify-token/ HTTP/1.1" 200 381
INFO 2026-02-12 12:33:17,578 basehttp 15148 1628 "GET /auth/verify-token/ HTTP/1.1" 200 381
INFO 2026-02-12 12:33:19,197 basehttp 15148 1628 "GET /departments/all/ HTTP/1.1" 200 877
INFO 2026-02-12 12:33:19,370 basehttp 15148 1628 "GET /departments/all/ HTTP/1.1" 200 877
INFO 2026-02-12 12:33:19,475 basehttp 15148 2000 "GET /users/?role=employee HTTP/1.1" 200 1169
INFO 2026-02-12 12:33:19,584 basehttp 15148 2000 "GET /users/?role=employee HTTP/1.1" 200 1169
INFO 2026-02-12 12:33:19,690 basehttp 15148 1628 "GET /task-assignments/all/?page=1&limit=10 HTTP/1.1" 200 1937
INFO 2026-02-12 12:33:20,146 basehttp 15148 1628 "GET /task-assignments/all/?page=1&limit=10 HTTP/1.1" 200 1937
INFO 2026-02-12 12:33:25,899 basehttp 15148 1628 "GET /auth/verify-token/ HTTP/1.1" 200 381
INFO 2026-02-12 12:33:26,044 basehttp 15148 1628 "GET /auth/verify-token/ HTTP/1.1" 200 381
INFO 2026-02-12 12:34:17,855 basehttp 15148 1628 "GET /departments/all/ HTTP/1.1" 200 877
INFO 2026-02-12 12:34:17,980 basehttp 15148 1628 "GET /departments/all/ HTTP/1.1" 200 877
INFO 2026-02-12 12:34:18,060 basehttp 15148 2000 "GET /users/?role=employee HTTP/1.1" 200 1169
INFO 2026-02-12 12:34:18,169 basehttp 15148 2000 "GET /users/?role=employee HTTP/1.1" 200 1169
INFO 2026-02-12 12:34:18,292 basehttp 15148 1628 "GET /task-assignments/all/?page=1&limit=10 HTTP/1.1" 200 1937
INFO 2026-02-12 12:34:18,687 basehttp 15148 1628 "GET /task-assignments/all/?page=1&limit=10 HTTP/1.1" 200 1937
INFO 2026-02-12 12:34:19,984 basehttp 15148 1628 "GET /task/all/?page=1&limit=10 HTTP/1.1" 200 1316
INFO 2026-02-12 12:34:21,837 basehttp 15148 1628 "GET /task-assignments/all/?page=1&limit=10 HTTP/1.1" 200 1931
INFO 2026-02-12 12:34:31,752 basehttp 15148 1628 "GET /departments/2/employees/ HTTP/1.1" 200 517
WARNING 2026-02-12 12:34:42,016 basehttp 15148 1628 "POST /task-assignments/create/ HTTP/1.1" 400 124
INFO 2026-02-12 12:50:49,819 autoreload 15148 16936 D:\DJANGO\FINAL YEAR PROJECTS\Gatete Bertrand\backend\taskAssignmentApp\serializers.py changed, reloading.
INFO 2026-02-12 12:50:57,732 autoreload 12444 16012 Watching for file changes with StatReloader
INFO 2026-02-12 12:51:40,453 autoreload 12444 16012 D:\DJANGO\FINAL YEAR PROJECTS\Gatete Bertrand\backend\taskAssignmentApp\services.py changed, reloading.
INFO 2026-02-12 12:51:43,211 autoreload 15364 10460 Watching for file changes with StatReloader
INFO 2026-02-12 12:52:06,363 autoreload 15364 10460 D:\DJANGO\FINAL YEAR PROJECTS\Gatete Bertrand\backend\taskAssignmentApp\services.py changed, reloading.
INFO 2026-02-12 12:52:08,411 autoreload 948 16548 Watching for file changes with StatReloader
INFO 2026-02-12 12:53:27,809 autoreload 948 16548 D:\DJANGO\FINAL YEAR PROJECTS\Gatete Bertrand\backend\taskAssignmentApp\views.py changed, reloading.
INFO 2026-02-12 12:53:31,862 autoreload 14484 12740 Watching for file changes with StatReloader
INFO 2026-02-12 12:54:21,006 autoreload 14484 12740 D:\DJANGO\FINAL YEAR PROJECTS\Gatete Bertrand\backend\taskAssignmentApp\views.py changed, reloading.
INFO 2026-02-12 12:54:23,835 autoreload 3804 5852 Watching for file changes with StatReloader
INFO 2026-02-12 12:56:50,224 autoreload 3804 5852 D:\DJANGO\FINAL YEAR PROJECTS\Gatete Bertrand\backend\taskAssignmentApp\services.py changed, reloading.
INFO 2026-02-12 12:56:53,047 autoreload 15060 14136 Watching for file changes with StatReloader
INFO 2026-02-12 12:57:02,353 basehttp 15060 11788 "GET /auth/verify-token/ HTTP/1.1" 200 381
INFO 2026-02-12 12:57:02,511 basehttp 15060 11788 "GET /auth/verify-token/ HTTP/1.1" 200 381
INFO 2026-02-12 12:57:04,522 basehttp 15060 11788 "GET /departments/all/ HTTP/1.1" 200 877
INFO 2026-02-12 12:57:04,749 basehttp 15060 11788 "GET /departments/all/ HTTP/1.1" 200 877
INFO 2026-02-12 12:57:04,901 basehttp 15060 2704 "GET /users/?role=employee HTTP/1.1" 200 1169
INFO 2026-02-12 12:57:05,592 basehttp 15060 11788 "GET /task-assignments/all/?page=1&limit=10 HTTP/1.1" 200 1937
INFO 2026-02-12 12:57:05,648 basehttp 15060 2704 "GET /users/?role=employee HTTP/1.1" 200 1169
INFO 2026-02-12 12:57:05,854 basehttp 15060 2704 "GET /task-assignments/all/?page=1&limit=10 HTTP/1.1" 200 1936
INFO 2026-02-12 12:57:08,835 basehttp 15060 2704 "GET /task/all/?page=1&limit=10 HTTP/1.1" 200 1316
INFO 2026-02-12 12:57:12,132 basehttp 15060 2704 "GET /task-assignments/all/?page=1&limit=10 HTTP/1.1" 200 1937
INFO 2026-02-12 12:57:26,937 basehttp 15060 2704 "POST /task-assignments/bulk-assign/ HTTP/1.1" 201 369
INFO 2026-02-12 12:57:30,859 basehttp 15060 2704 "GET /task-assignments/all/?page=1&limit=10 HTTP/1.1" 200 1931
INFO 2026-02-12 12:58:03,981 basehttp 15060 2704 "POST /task-assignments/bulk-assign/ HTTP/1.1" 201 568
INFO 2026-02-12 12:58:07,212 basehttp 15060 2704 "GET /task-assignments/all/?page=1&limit=10 HTTP/1.1" 200 1937
INFO 2026-02-12 13:04:06,647 autoreload 15060 14136 D:\DJANGO\FINAL YEAR PROJECTS\Gatete Bertrand\backend\taskAssignmentApp\services.py changed, reloading.
INFO 2026-02-12 13:04:10,136 autoreload 13692 15412 Watching for file changes with StatReloader
INFO 2026-02-12 13:04:21,036 autoreload 13692 15412 D:\DJANGO\FINAL YEAR PROJECTS\Gatete Bertrand\backend\taskAssignmentApp\services.py changed, reloading.
INFO 2026-02-12 13:04:22,821 autoreload 2300 3772 Watching for file changes with StatReloader
INFO 2026-02-12 13:04:32,131 autoreload 2300 3772 D:\DJANGO\FINAL YEAR PROJECTS\Gatete Bertrand\backend\taskAssignmentApp\services.py changed, reloading.
INFO 2026-02-12 13:04:34,280 autoreload 14088 7968 Watching for file changes with StatReloader
INFO 2026-02-12 13:04:56,618 autoreload 14088 7968 D:\DJANGO\FINAL YEAR PROJECTS\Gatete Bertrand\backend\taskAssignmentApp\services.py changed, reloading.
INFO 2026-02-12 13:05:00,322 autoreload 5444 13280 Watching for file changes with StatReloader
INFO 2026-02-12 13:06:45,058 autoreload 5444 13280 D:\DJANGO\FINAL YEAR PROJECTS\Gatete Bertrand\backend\taskAssignmentApp\services.py changed, reloading.
INFO 2026-02-12 13:06:48,166 autoreload 2036 7524 Watching for file changes with StatReloader
INFO 2026-02-12 13:07:13,869 autoreload 2036 7524 D:\DJANGO\FINAL YEAR PROJECTS\Gatete Bertrand\backend\taskAssignmentApp\services.py changed, reloading.
INFO 2026-02-12 13:07:18,632 autoreload 16980 6876 Watching for file changes with StatReloader
INFO 2026-02-12 13:07:23,994 autoreload 16980 6876 D:\DJANGO\FINAL YEAR PROJECTS\Gatete Bertrand\backend\taskAssignmentApp\services.py changed, reloading.
INFO 2026-02-12 13:07:27,002 autoreload 12632 9044 Watching for file changes with StatReloader
INFO 2026-02-12 13:07:47,401 autoreload 12632 9044 D:\DJANGO\FINAL YEAR PROJECTS\Gatete Bertrand\backend\taskAssignmentApp\services.py changed, reloading.
INFO 2026-02-12 13:07:49,378 autoreload 12900 14320 Watching for file changes with StatReloader
INFO 2026-02-12 13:07:55,997 autoreload 12900 14320 D:\DJANGO\FINAL YEAR PROJECTS\Gatete Bertrand\backend\taskAssignmentApp\services.py changed, reloading.
INFO 2026-02-12 13:07:58,606 autoreload 5100 7748 Watching for file changes with StatReloader
INFO 2026-02-12 13:13:31,830 autoreload 5100 7748 D:\DJANGO\FINAL YEAR PROJECTS\Gatete Bertrand\backend\taskApp\serializers.py changed, reloading.
INFO 2026-02-12 13:13:34,841 autoreload 12012 6960 Watching for file changes with StatReloader
INFO 2026-02-12 13:41:05,347 autoreload 12012 6960 D:\DJANGO\FINAL YEAR PROJECTS\Gatete Bertrand\backend\taskApp\serializers.py changed, reloading.
INFO 2026-02-12 13:41:07,723 autoreload 6876 7956 Watching for file changes with StatReloader
INFO 2026-02-12 13:41:33,115 autoreload 6876 7956 D:\DJANGO\FINAL YEAR PROJECTS\Gatete Bertrand\backend\taskApp\serializers.py changed, reloading.
INFO 2026-02-12 13:41:35,187 autoreload 6792 9600 Watching for file changes with StatReloader
INFO 2026-02-12 13:41:41,134 autoreload 6792 9600 D:\DJANGO\FINAL YEAR PROJECTS\Gatete Bertrand\backend\taskAssignmentApp\serializers.py changed, reloading.
INFO 2026-02-12 13:41:43,245 autoreload 10252 15860 Watching for file changes with StatReloader
INFO 2026-02-12 13:41:51,705 basehttp 10252 2704 "OPTIONS /auth/verify-token/ HTTP/1.1" 200 0
INFO 2026-02-12 13:41:51,706 basehttp 10252 11292 "OPTIONS /auth/verify-token/ HTTP/1.1" 200 0
INFO 2026-02-12 13:41:52,750 basehttp 10252 11292 "GET /auth/verify-token/ HTTP/1.1" 200 381
INFO 2026-02-12 13:41:52,880 basehttp 10252 11292 "GET /auth/verify-token/ HTTP/1.1" 200 381
INFO 2026-02-12 13:41:56,110 basehttp 10252 11292 "GET /departments/all/ HTTP/1.1" 200 877
INFO 2026-02-12 13:41:56,121 basehttp 10252 2704 "OPTIONS /tasks/?page=1&limit=10 HTTP/1.1" 200 0
INFO 2026-02-12 13:41:56,463 basehttp 10252 11292 "GET /departments/all/ HTTP/1.1" 200 877
WARNING 2026-02-12 13:41:57,716 basehttp 10252 2704 "GET /tasks/?page=1&limit=10 HTTP/1.1" 404 9453
WARNING 2026-02-12 13:41:57,748 basehttp 10252 2704 "GET /tasks/?page=1&limit=10 HTTP/1.1" 404 9453
INFO 2026-02-12 13:41:57,896 basehttp 10252 11292 "GET /task-assignments/all/?page=1&limit=10 HTTP/1.1" 200 1946
INFO 2026-02-12 13:41:58,191 basehttp 10252 11292 "GET /task-assignments/all/?page=1&limit=10 HTTP/1.1" 200 1950
INFO 2026-02-12 13:41:58,199 basehttp 10252 2704 "GET /users/?role=employee HTTP/1.1" 200 1169
INFO 2026-02-12 13:41:58,219 basehttp 10252 11292 "OPTIONS /users/ HTTP/1.1" 200 0
INFO 2026-02-12 13:41:58,450 basehttp 10252 2704 "GET /users/?role=employee HTTP/1.1" 200 1169
INFO 2026-02-12 13:41:58,594 basehttp 10252 11292 "GET /users/ HTTP/1.1" 200 1169
INFO 2026-02-12 13:41:58,988 basehttp 10252 11292 "GET /users/ HTTP/1.1" 200 1169
WARNING 2026-02-12 13:42:04,441 basehttp 10252 2704 "GET /tasks/?page=1&limit=10 HTTP/1.1" 404 9453
INFO 2026-02-12 13:42:04,708 basehttp 10252 11292 "GET /task-assignments/all/?page=1&limit=10 HTTP/1.1" 200 1951
INFO 2026-02-12 13:42:42,922 basehttp 10252 11292 "OPTIONS /tasks/ HTTP/1.1" 200 0
WARNING 2026-02-12 13:42:42,942 basehttp 10252 11292 "POST /tasks/ HTTP/1.1" 404 9434
INFO 2026-02-12 13:45:03,758 basehttp 10252 11292 "OPTIONS /task/tasks/ HTTP/1.1" 200 0
WARNING 2026-02-12 13:45:03,787 basehttp 10252 11292 "POST /task/tasks/ HTTP/1.1" 404 10971
INFO 2026-02-12 13:47:16,149 basehttp 10252 11292 "OPTIONS /task/tasks/?page=1&limit=10 HTTP/1.1" 200 0
WARNING 2026-02-12 13:47:16,201 basehttp 10252 11292 "GET /task/tasks/?page=1&limit=10 HTTP/1.1" 404 10990
INFO 2026-02-12 13:47:16,358 basehttp 10252 11196 "GET /task-assignments/all/?page=1&limit=10 HTTP/1.1" 200 1951
INFO 2026-02-12 13:51:43,216 basehttp 10252 11292 "GET /task/all/?page=1&limit=10 HTTP/1.1" 200 1316
INFO 2026-02-12 13:51:43,237 basehttp 10252 11196 "GET /task-assignments/all/?page=1&limit=10 HTTP/1.1" 200 1951
INFO 2026-02-12 13:53:45,951 basehttp 10252 11196 "GET /task/all/?page=1&limit=10 HTTP/1.1" 200 1316
INFO 2026-02-12 13:53:45,974 basehttp 10252 11292 "GET /task-assignments/all/?page=1&limit=10 HTTP/1.1" 200 1951
INFO 2026-02-12 13:53:49,837 basehttp 10252 11196 "GET /task/all/?page=1&limit=10 HTTP/1.1" 200 1316
INFO 2026-02-12 13:53:49,923 basehttp 10252 11292 "GET /task-assignments/all/?page=1&limit=10 HTTP/1.1" 200 1951
INFO 2026-02-12 13:53:51,070 basehttp 10252 11196 "GET /departments/all/ HTTP/1.1" 200 877
INFO 2026-02-12 13:53:51,119 basehttp 10252 11292 "GET /users/ HTTP/1.1" 200 1169
INFO 2026-02-12 13:53:51,275 basehttp 10252 11196 "GET /departments/all/ HTTP/1.1" 200 877
INFO 2026-02-12 13:53:51,321 basehttp 10252 11292 "GET /users/ HTTP/1.1" 200 1169
INFO 2026-02-12 13:53:53,677 basehttp 10252 11292 "GET /departments/all/ HTTP/1.1" 200 877
INFO 2026-02-12 13:53:53,840 basehttp 10252 11196 "GET /task/all/?page=1&limit=10 HTTP/1.1" 200 1316
INFO 2026-02-12 13:53:53,899 basehttp 10252 11292 "GET /departments/all/ HTTP/1.1" 200 877
INFO 2026-02-12 13:53:54,058 basehttp 10252 11292 "GET /task/all/?page=1&limit=10 HTTP/1.1" 200 1316
INFO 2026-02-12 13:53:54,102 basehttp 10252 11196 "GET /task-assignments/all/?page=1&limit=10 HTTP/1.1" 200 1945
INFO 2026-02-12 13:53:54,311 basehttp 10252 11292 "GET /users/?role=employee HTTP/1.1" 200 1169
INFO 2026-02-12 13:53:54,797 basehttp 10252 11196 "GET /task-assignments/all/?page=1&limit=10 HTTP/1.1" 200 1950
INFO 2026-02-12 13:53:54,993 basehttp 10252 11292 "GET /users/ HTTP/1.1" 200 1169
INFO 2026-02-12 13:53:55,071 basehttp 10252 11196 "GET /users/?role=employee HTTP/1.1" 200 1169
INFO 2026-02-12 13:53:55,269 basehttp 10252 11196 "GET /users/ HTTP/1.1" 200 1169
INFO 2026-02-12 13:53:57,404 basehttp 10252 11292 "GET /task/all/?page=1&limit=10 HTTP/1.1" 200 1316
INFO 2026-02-12 13:53:57,512 basehttp 10252 11196 "GET /task-assignments/all/?page=1&limit=10 HTTP/1.1" 200 1951
INFO 2026-02-12 13:55:52,759 basehttp 10252 11196 "GET /task/all/?page=1&limit=10 HTTP/1.1" 200 1316
INFO 2026-02-12 13:55:52,887 basehttp 10252 11292 "GET /task-assignments/all/?page=1&limit=10 HTTP/1.1" 200 1950
INFO 2026-02-12 13:56:19,574 basehttp 10252 11292 "GET /auth/verify-token/ HTTP/1.1" 200 381
INFO 2026-02-12 13:56:19,674 basehttp 10252 11292 "GET /auth/verify-token/ HTTP/1.1" 200 381
INFO 2026-02-12 13:56:36,405 basehttp 10252 11292 "GET /departments/all/ HTTP/1.1" 200 877
INFO 2026-02-12 13:56:36,856 basehttp 10252 11292 "GET /departments/all/ HTTP/1.1" 200 877
INFO 2026-02-12 13:56:36,906 basehttp 10252 11196 "GET /task/all/?page=1&limit=10 HTTP/1.1" 200 1316
INFO 2026-02-12 13:56:37,307 basehttp 10252 11196 "GET /task/all/?page=1&limit=10 HTTP/1.1" 200 1316
INFO 2026-02-12 13:56:37,368 basehttp 10252 11292 "GET /task-assignments/all/?page=1&limit=10 HTTP/1.1" 200 1951
INFO 2026-02-12 13:56:37,681 basehttp 10252 11292 "GET /task-assignments/all/?page=1&limit=10 HTTP/1.1" 200 1945
INFO 2026-02-12 13:56:37,777 basehttp 10252 11196 "GET /users/?role=employee HTTP/1.1" 200 1169
INFO 2026-02-12 13:56:38,106 basehttp 10252 11292 "GET /users/ HTTP/1.1" 200 1169
INFO 2026-02-12 13:56:38,274 basehttp 10252 11196 "GET /users/?role=employee HTTP/1.1" 200 1169
INFO 2026-02-12 13:56:38,500 basehttp 10252 11196 "GET /users/ HTTP/1.1" 200 1169
INFO 2026-02-12 13:56:51,606 basehttp 10252 11292 "GET /departments/all/ HTTP/1.1" 200 877
INFO 2026-02-12 13:56:51,687 basehttp 10252 11196 "GET /users/ HTTP/1.1" 200 1169
INFO 2026-02-12 13:56:51,894 basehttp 10252 11292 "GET /departments/all/ HTTP/1.1" 200 877
INFO 2026-02-12 13:56:51,929 basehttp 10252 11196 "GET /users/ HTTP/1.1" 200 1169
INFO 2026-02-12 13:56:56,998 basehttp 10252 11196 "GET /departments/all/ HTTP/1.1" 200 877
INFO 2026-02-12 13:56:57,135 basehttp 10252 11292 "GET /task/all/?page=1&limit=10 HTTP/1.1" 200 1316
INFO 2026-02-12 13:56:57,189 basehttp 10252 11196 "GET /departments/all/ HTTP/1.1" 200 877
INFO 2026-02-12 13:56:57,297 basehttp 10252 11292 "GET /task-assignments/all/?page=1&limit=10 HTTP/1.1" 200 1951
INFO 2026-02-12 13:56:57,390 basehttp 10252 11196 "GET /task/all/?page=1&limit=10 HTTP/1.1" 200 1316
INFO 2026-02-12 13:56:57,815 basehttp 10252 11292 "GET /users/?role=employee HTTP/1.1" 200 1169
INFO 2026-02-12 13:56:57,940 basehttp 10252 11196 "GET /task-assignments/all/?page=1&limit=10 HTTP/1.1" 200 1950
INFO 2026-02-12 13:56:58,107 basehttp 10252 11292 "GET /users/ HTTP/1.1" 200 1169
INFO 2026-02-12 13:56:58,256 basehttp 10252 11196 "GET /users/?role=employee HTTP/1.1" 200 1169
INFO 2026-02-12 13:56:58,446 basehttp 10252 11196 "GET /users/ HTTP/1.1" 200 1169
INFO 2026-02-12 13:59:05,937 basehttp 10252 11196 "OPTIONS /task-assignments/all/?page=1&limit=10 HTTP/1.1" 200 0
INFO 2026-02-12 13:59:06,160 basehttp 10252 11196 "GET /task/all/?page=1&limit=10 HTTP/1.1" 200 1316
INFO 2026-02-12 13:59:06,190 basehttp 10252 11292 "GET /task-assignments/all/?page=1&limit=10 HTTP/1.1" 200 1945
INFO 2026-02-12 14:08:44,677 basehttp 10252 3388 "OPTIONS /departments/all/ HTTP/1.1" 200 0
INFO 2026-02-12 14:08:44,702 basehttp 10252 3388 "OPTIONS /task/all/?page=1&limit=10 HTTP/1.1" 200 0
INFO 2026-02-12 14:08:44,766 basehttp 10252 3388 "OPTIONS /task-assignments/all/?page=1&limit=10 HTTP/1.1" 200 0
INFO 2026-02-12 14:08:44,843 basehttp 10252 3388 "OPTIONS /users/?role=employee HTTP/1.1" 200 0
INFO 2026-02-12 14:08:44,849 basehttp 10252 3388 "OPTIONS /users/ HTTP/1.1" 200 0
INFO 2026-02-12 14:08:50,530 basehttp 10252 3388 "OPTIONS /task-assignments/all/?page=1&limit=10 HTTP/1.1" 200 0
INFO 2026-02-12 14:08:50,536 basehttp 10252 3388 "OPTIONS /task/all/?page=1&limit=10 HTTP/1.1" 200 0
INFO 2026-02-12 14:09:06,540 basehttp 10252 3388 "OPTIONS /task/all/?page=1&limit=10 HTTP/1.1" 200 0
INFO 2026-02-12 14:09:06,551 basehttp 10252 3388 "OPTIONS /task-assignments/all/?page=1&limit=10 HTTP/1.1" 200 0
INFO 2026-02-12 14:09:38,300 basehttp 10252 3388 "OPTIONS /task-assignments/all/?page=1&limit=10 HTTP/1.1" 200 0
INFO 2026-02-12 14:09:38,302 basehttp 10252 11876 "OPTIONS /task/all/?page=1&limit=10 HTTP/1.1" 200 0
INFO 2026-02-12 14:10:28,868 basehttp 10252 11876 "GET /auth/verify-token/ HTTP/1.1" 200 381
INFO 2026-02-12 14:10:29,186 basehttp 10252 11876 "GET /auth/verify-token/ HTTP/1.1" 200 381
INFO 2026-02-12 14:10:32,186 basehttp 10252 11876 "OPTIONS /users/ HTTP/1.1" 200 0
INFO 2026-02-12 14:10:32,187 basehttp 10252 3388 "OPTIONS /departments/all/ HTTP/1.1" 200 0
INFO 2026-02-12 14:10:32,191 basehttp 10252 3772 "OPTIONS /users/ HTTP/1.1" 200 0
INFO 2026-02-12 14:10:32,201 basehttp 10252 7308 "OPTIONS /departments/all/ HTTP/1.1" 200 0
INFO 2026-02-12 14:10:32,337 basehttp 10252 11876 "GET /departments/all/ HTTP/1.1" 200 877
INFO 2026-02-12 14:10:32,541 basehttp 10252 3388 "GET /users/ HTTP/1.1" 200 1169
INFO 2026-02-12 14:10:32,603 basehttp 10252 11876 "GET /departments/all/ HTTP/1.1" 200 877
INFO 2026-02-12 14:10:32,685 basehttp 10252 3388 "GET /users/ HTTP/1.1" 200 1169
INFO 2026-02-12 14:10:34,231 basehttp 10252 3388 "OPTIONS /departments/all/ HTTP/1.1" 200 0
INFO 2026-02-12 14:10:34,231 basehttp 10252 11876 "OPTIONS /departments/all/ HTTP/1.1" 200 0
INFO 2026-02-12 14:10:34,250 basehttp 10252 11876 "OPTIONS /task/all/?page=1&limit=10 HTTP/1.1" 200 0
INFO 2026-02-12 14:10:34,253 basehttp 10252 3388 "OPTIONS /task/all/?page=1&limit=10 HTTP/1.1" 200 0
INFO 2026-02-12 14:10:34,266 basehttp 10252 3388 "OPTIONS /task-assignments/all/?page=1&limit=10 HTTP/1.1" 200 0
INFO 2026-02-12 14:10:34,271 basehttp 10252 3388 "OPTIONS /task-assignments/all/?page=1&limit=10 HTTP/1.1" 200 0
INFO 2026-02-12 14:10:34,277 basehttp 10252 3388 "OPTIONS /users/?role=employee HTTP/1.1" 200 0
INFO 2026-02-12 14:10:34,290 basehttp 10252 11876 "OPTIONS /users/ HTTP/1.1" 200 0
INFO 2026-02-12 14:10:34,294 basehttp 10252 3388 "OPTIONS /users/?role=employee HTTP/1.1" 200 0
INFO 2026-02-12 14:10:34,341 basehttp 10252 3388 "OPTIONS /users/ HTTP/1.1" 200 0
INFO 2026-02-12 14:11:06,684 basehttp 10252 3388 "OPTIONS /task-assignments/all/?page=1&limit=10 HTTP/1.1" 200 0
INFO 2026-02-12 14:11:06,684 basehttp 10252 11876 "OPTIONS /task/all/?page=1&limit=10 HTTP/1.1" 200 0
INFO 2026-02-12 14:15:23,640 autoreload 10252 15860 D:\DJANGO\FINAL YEAR PROJECTS\Gatete Bertrand\backend\backend\settings.py changed, reloading.
INFO 2026-02-12 14:15:27,191 autoreload 10400 5908 Watching for file changes with StatReloader
INFO 2026-02-12 14:15:51,180 autoreload 10400 5908 D:\DJANGO\FINAL YEAR PROJECTS\Gatete Bertrand\backend\backend\settings.py changed, reloading.
INFO 2026-02-12 14:15:53,526 autoreload 8928 7592 Watching for file changes with StatReloader
INFO 2026-02-12 14:16:13,778 autoreload 8928 7592 D:\DJANGO\FINAL YEAR PROJECTS\Gatete Bertrand\backend\backend\settings.py changed, reloading.
INFO 2026-02-12 14:16:15,623 autoreload 8808 11584 Watching for file changes with StatReloader
INFO 2026-02-12 14:16:23,343 basehttp 8808 13896 "GET /auth/verify-token/ HTTP/1.1" 200 381
INFO 2026-02-12 14:16:23,534 basehttp 8808 13896 "GET /auth/verify-token/ HTTP/1.1" 200 381
INFO 2026-02-12 14:16:27,040 basehttp 8808 13896 "OPTIONS /departments/all/ HTTP/1.1" 200 0
INFO 2026-02-12 14:16:27,202 basehttp 8808 10472 "GET /departments/all/ HTTP/1.1" 200 877
INFO 2026-02-12 14:16:27,214 basehttp 8808 13896 "OPTIONS /task/all/?page=1&limit=10 HTTP/1.1" 200 0
WARNING 2026-02-12 14:16:27,249 basehttp 8808 1968 "GET /task/all/?page=1&limit=10 HTTP/1.1" 401 58
INFO 2026-02-12 14:16:27,264 basehttp 8808 13896 "OPTIONS /task-assignments/all/?page=1&limit=10 HTTP/1.1" 200 0
WARNING 2026-02-12 14:16:27,275 basehttp 8808 1968 "GET /task-assignments/all/?page=1&limit=10 HTTP/1.1" 401 58
INFO 2026-02-12 14:16:27,298 basehttp 8808 13896 "OPTIONS /users/?role=employee HTTP/1.1" 200 0
WARNING 2026-02-12 14:16:27,314 basehttp 8808 1968 "GET /users/?role=employee HTTP/1.1" 401 58
INFO 2026-02-12 14:16:27,331 basehttp 8808 13896 "OPTIONS /users/ HTTP/1.1" 200 0
WARNING 2026-02-12 14:16:27,338 basehttp 8808 1968 "GET /users/ HTTP/1.1" 401 58
INFO 2026-02-12 14:16:27,432 basehttp 8808 10472 "GET /departments/all/ HTTP/1.1" 200 877
WARNING 2026-02-12 14:16:27,550 basehttp 8808 10472 "GET /task/all/?page=1&limit=10 HTTP/1.1" 401 58
WARNING 2026-02-12 14:16:27,649 basehttp 8808 10472 "GET /task-assignments/all/?page=1&limit=10 HTTP/1.1" 401 58
WARNING 2026-02-12 14:16:27,769 basehttp 8808 10472 "GET /users/?role=employee HTTP/1.1" 401 58
WARNING 2026-02-12 14:16:27,880 basehttp 8808 10472 "GET /users/ HTTP/1.1" 401 58
INFO 2026-02-12 14:27:04,726 basehttp 8808 9772 "GET /auth/verify-token/ HTTP/1.1" 200 381
INFO 2026-02-12 14:27:04,885 basehttp 8808 9772 "GET /auth/verify-token/ HTTP/1.1" 200 381
INFO 2026-02-12 14:43:40,035 basehttp 8808 7416 "GET /departments/all/ HTTP/1.1" 200 877
INFO 2026-02-12 14:43:40,199 basehttp 8808 7416 "GET /departments/all/ HTTP/1.1" 200 877
INFO 2026-02-12 14:43:40,271 basehttp 8808 6544 "GET /task/all/?page=1&limit=10 HTTP/1.1" 200 1316
INFO 2026-02-12 14:43:40,783 basehttp 8808 7416 "GET /task-assignments/all/?page=1&limit=10 HTTP/1.1" 200 1951
INFO 2026-02-12 14:43:40,846 basehttp 8808 6544 "GET /task/all/?page=1&limit=10 HTTP/1.1" 200 1316
INFO 2026-02-12 14:43:41,001 basehttp 8808 7416 "GET /users/?role=employee HTTP/1.1" 200 1169
INFO 2026-02-12 14:43:41,102 basehttp 8808 6544 "GET /task-assignments/all/?page=1&limit=10 HTTP/1.1" 200 1951
INFO 2026-02-12 14:43:41,188 basehttp 8808 7416 "GET /users/ HTTP/1.1" 200 1169
INFO 2026-02-12 14:43:41,327 basehttp 8808 6544 "GET /users/?role=employee HTTP/1.1" 200 1169
INFO 2026-02-12 14:43:41,480 basehttp 8808 6544 "GET /users/ HTTP/1.1" 200 1169
INFO 2026-02-12 14:43:49,130 basehttp 8808 7416 "GET /task/all/?page=1&limit=10 HTTP/1.1" 200 1316
INFO 2026-02-12 14:43:49,328 basehttp 8808 6544 "GET /task-assignments/all/?page=1&limit=10 HTTP/1.1" 200 1945
INFO 2026-02-12 14:43:52,323 basehttp 8808 6544 "GET /task/all/?page=1&limit=10 HTTP/1.1" 200 1316
INFO 2026-02-12 14:43:52,356 basehttp 8808 7416 "GET /task-assignments/all/?page=1&limit=10 HTTP/1.1" 200 1945
INFO 2026-02-12 14:47:14,282 basehttp 8808 7416 "OPTIONS /departments/2/employees/ HTTP/1.1" 200 0
INFO 2026-02-12 14:47:14,433 basehttp 8808 7416 "GET /departments/2/employees/ HTTP/1.1" 200 517
INFO 2026-02-12 14:49:56,381 basehttp 8808 7416 "OPTIONS /task-assignments/assign-to-department/ HTTP/1.1" 200 0
WARNING 2026-02-12 14:49:56,476 basehttp 8808 7416 "POST /task-assignments/assign-to-department/ HTTP/1.1" 400 140
INFO 2026-02-12 15:12:49,992 autoreload 8808 11584 D:\DJANGO\FINAL YEAR PROJECTS\Gatete Bertrand\backend\taskAssignmentApp\views.py changed, reloading.
INFO 2026-02-12 15:12:53,140 autoreload 16568 1376 Watching for file changes with StatReloader
INFO 2026-02-12 15:13:43,498 basehttp 16568 11664 "GET /auth/verify-token/ HTTP/1.1" 200 381
INFO 2026-02-12 15:13:43,634 basehttp 16568 11664 "GET /auth/verify-token/ HTTP/1.1" 200 381
INFO 2026-02-12 15:13:45,709 basehttp 16568 11664 "GET /departments/all/ HTTP/1.1" 200 877
INFO 2026-02-12 15:13:45,826 basehttp 16568 11664 "GET /departments/all/ HTTP/1.1" 200 877
INFO 2026-02-12 15:13:45,876 basehttp 16568 16144 "GET /task/all/?page=1&limit=10 HTTP/1.1" 200 1316
INFO 2026-02-12 15:13:46,041 basehttp 16568 16144 "GET /task/all/?page=1&limit=10 HTTP/1.1" 200 1316
INFO 2026-02-12 15:13:46,059 basehttp 16568 11664 "GET /task-assignments/all/?page=1&limit=10 HTTP/1.1" 200 1951
INFO 2026-02-12 15:13:46,200 basehttp 16568 16144 "GET /users/?role=employee HTTP/1.1" 200 1169
INFO 2026-02-12 15:13:46,237 basehttp 16568 11664 "GET /task-assignments/all/?page=1&limit=10 HTTP/1.1" 200 1946
INFO 2026-02-12 15:13:46,372 basehttp 16568 16144 "GET /users/ HTTP/1.1" 200 1169
INFO 2026-02-12 15:13:46,424 basehttp 16568 11664 "GET /users/?role=employee HTTP/1.1" 200 1169
INFO 2026-02-12 15:13:46,985 basehttp 16568 11664 "GET /users/ HTTP/1.1" 200 1169
INFO 2026-02-12 15:13:58,839 basehttp 16568 11664 "GET /departments/2/employees/ HTTP/1.1" 200 517
INFO 2026-02-12 15:14:01,822 basehttp 16568 11664 "POST /task-assignments/assign-to-department/ HTTP/1.1" 201 470
INFO 2026-02-12 15:14:05,009 basehttp 16568 11664 "GET /task-assignments/all/?page=1&limit=10 HTTP/1.1" 200 1951
INFO 2026-02-12 15:14:17,100 basehttp 16568 11664 "GET /auth/verify-token/ HTTP/1.1" 200 381
INFO 2026-02-12 15:14:17,272 basehttp 16568 11664 "GET /auth/verify-token/ HTTP/1.1" 200 381
INFO 2026-02-12 15:14:19,879 basehttp 16568 11664 "GET /departments/all/ HTTP/1.1" 200 877
INFO 2026-02-12 15:14:20,013 basehttp 16568 11664 "GET /departments/all/ HTTP/1.1" 200 877
INFO 2026-02-12 15:14:20,055 basehttp 16568 16144 "GET /task/all/?page=1&limit=10 HTTP/1.1" 200 1316
INFO 2026-02-12 15:14:20,178 basehttp 16568 16144 "GET /task/all/?page=1&limit=10 HTTP/1.1" 200 1316
INFO 2026-02-12 15:14:20,233 basehttp 16568 11664 "GET /task-assignments/all/?page=1&limit=10 HTTP/1.1" 200 1951
INFO 2026-02-12 15:14:20,344 basehttp 16568 16144 "GET /users/?role=employee HTTP/1.1" 200 1169
INFO 2026-02-12 15:14:20,445 basehttp 16568 11664 "GET /task-assignments/all/?page=1&limit=10 HTTP/1.1" 200 1950
INFO 2026-02-12 15:14:20,532 basehttp 16568 16144 "GET /users/ HTTP/1.1" 200 1169
INFO 2026-02-12 15:14:20,583 basehttp 16568 11664 "GET /users/?role=employee HTTP/1.1" 200 1169
INFO 2026-02-12 15:14:21,051 basehttp 16568 11664 "GET /users/ HTTP/1.1" 200 1169
INFO 2026-02-12 15:23:16,915 basehttp 16568 16740 "GET /departments/2/employees/ HTTP/1.1" 200 517
INFO 2026-02-12 15:23:44,661 basehttp 16568 16740 "OPTIONS /task-assignments/create/ HTTP/1.1" 200 0
ERROR 2026-02-12 15:23:45,966 basehttp 16568 16740 "POST /task-assignments/create/ HTTP/1.1" 500 60
INFO 2026-02-12 15:25:53,678 autoreload 16568 1376 D:\DJANGO\FINAL YEAR PROJECTS\Gatete Bertrand\backend\taskAssignmentApp\views.py changed, reloading.
INFO 2026-02-12 15:25:58,318 autoreload 16064 4924 Watching for file changes with StatReloader
INFO 2026-02-12 15:26:19,566 autoreload 16064 4924 D:\DJANGO\FINAL YEAR PROJECTS\Gatete Bertrand\backend\taskAssignmentApp\views.py changed, reloading.
INFO 2026-02-12 15:26:24,472 autoreload 15208 15176 Watching for file changes with StatReloader
INFO 2026-02-12 15:26:32,055 autoreload 15208 15176 D:\DJANGO\FINAL YEAR PROJECTS\Gatete Bertrand\backend\taskAssignmentApp\views.py changed, reloading.
INFO 2026-02-12 15:26:34,275 autoreload 10008 2600 Watching for file changes with StatReloader
WARNING 2026-02-12 15:26:54,033 basehttp 10008 17276 "POST /task-assignments/create/ HTTP/1.1" 400 124
INFO 2026-02-12 15:30:54,173 autoreload 10008 2600 D:\DJANGO\FINAL YEAR PROJECTS\Gatete Bertrand\backend\taskAssignmentApp\views.py changed, reloading.
INFO 2026-02-12 15:30:56,038 autoreload 2828 15064 Watching for file changes with StatReloader
WARNING 2026-02-12 15:31:14,841 basehttp 2828 7304 "POST /task-assignments/create/ HTTP/1.1" 400 124
INFO 2026-02-12 15:41:00,079 autoreload 2828 15064 D:\DJANGO\FINAL YEAR PROJECTS\Gatete Bertrand\backend\taskAssignmentApp\views.py changed, reloading.
INFO 2026-02-12 15:41:02,086 autoreload 16448 13056 Watching for file changes with StatReloader
INFO 2026-02-12 15:42:36,110 basehttp 16448 15840 "POST /task-assignments/create/ HTTP/1.1" 201 1560
INFO 2026-02-12 15:42:39,455 basehttp 16448 15840 "GET /task-assignments/all/?page=1&limit=10 HTTP/1.1" 200 4937
INFO 2026-02-12 15:43:05,487 basehttp 16448 15840 "GET /departments/2/employees/ HTTP/1.1" 200 517
INFO 2026-02-12 15:43:16,288 basehttp 16448 15840 "OPTIONS /task-assignments/2/delete/ HTTP/1.1" 200 0
INFO 2026-02-12 15:43:16,639 basehttp 16448 15840 "DELETE /task-assignments/2/delete/ HTTP/1.1" 200 199
INFO 2026-02-12 15:43:16,925 basehttp 16448 15840 "GET /task-assignments/all/?page=1&limit=10 HTTP/1.1" 200 3080
INFO 2026-02-12 15:43:41,145 basehttp 16448 15840 "OPTIONS /task-assignments/3/delete/ HTTP/1.1" 200 0
INFO 2026-02-12 15:43:41,533 basehttp 16448 15840 "DELETE /task-assignments/3/delete/ HTTP/1.1" 200 199
INFO 2026-02-12 15:43:41,692 basehttp 16448 15840 "GET /task-assignments/all/?page=1&limit=10 HTTP/1.1" 200 1581
INFO 2026-02-12 15:43:46,154 basehttp 16448 15840 "OPTIONS /task-assignments/4/delete/ HTTP/1.1" 200 0
INFO 2026-02-12 15:43:46,424 basehttp 16448 15840 "DELETE /task-assignments/4/delete/ HTTP/1.1" 200 199
INFO 2026-02-12 15:43:46,569 basehttp 16448 15840 "GET /task-assignments/all/?page=1&limit=10 HTTP/1.1" 200 85
INFO 2026-02-12 15:47:05,557 basehttp 16448 15840 "GET /task-assignments/all/?page=1&limit=10 HTTP/1.1" 200 85
INFO 2026-02-12 15:50:12,829 basehttp 16448 15840 "OPTIONS /task-assignments/bulk-assign/ HTTP/1.1" 200 0
INFO 2026-02-12 15:50:13,848 basehttp 16448 15840 "POST /task-assignments/bulk-assign/ HTTP/1.1" 201 1976
INFO 2026-02-12 15:50:17,033 basehttp 16448 15840 "GET /task-assignments/all/?page=1&limit=10 HTTP/1.1" 200 1573
INFO 2026-02-12 15:51:19,568 basehttp 16448 15840 "GET /departments/2/employees/ HTTP/1.1" 200 517
INFO 2026-02-12 15:53:12,444 basehttp 16448 15840 "OPTIONS /task-assignments/5/delete/ HTTP/1.1" 200 0
INFO 2026-02-12 15:53:12,698 basehttp 16448 15840 "DELETE /task-assignments/5/delete/ HTTP/1.1" 200 199
INFO 2026-02-12 15:53:12,810 basehttp 16448 15840 "GET /task-assignments/all/?page=1&limit=10 HTTP/1.1" 200 85
INFO 2026-02-12 15:53:27,924 basehttp 16448 15840 "GET /departments/2/employees/ HTTP/1.1" 200 517
INFO 2026-02-12 15:53:38,157 basehttp 16448 15840 "POST /task-assignments/create/ HTTP/1.1" 201 1550
INFO 2026-02-12 15:53:41,310 basehttp 16448 15840 "GET /task-assignments/all/?page=1&limit=10 HTTP/1.1" 200 1561
INFO 2026-02-12 15:53:50,186 basehttp 16448 15840 "OPTIONS /task-assignments/6/delete/ HTTP/1.1" 200 0
INFO 2026-02-12 15:53:50,487 basehttp 16448 15840 "DELETE /task-assignments/6/delete/ HTTP/1.1" 200 199
INFO 2026-02-12 15:53:50,680 basehttp 16448 15840 "GET /task-assignments/all/?page=1&limit=10 HTTP/1.1" 200 85
INFO 2026-02-12 15:54:03,121 basehttp 16448 15840 "GET /departments/2/employees/ HTTP/1.1" 200 517
INFO 2026-02-12 15:54:22,648 basehttp 16448 15840 "OPTIONS /task-assignments/assign-to-users/ HTTP/1.1" 200 0
INFO 2026-02-12 15:54:23,275 basehttp 16448 15840 "POST /task-assignments/assign-to-users/ HTTP/1.1" 201 1730
INFO 2026-02-12 15:54:26,479 basehttp 16448 15840 "GET /task-assignments/all/?page=1&limit=10 HTTP/1.1" 200 1555
INFO 2026-02-12 15:54:30,739 basehttp 16448 15840 "OPTIONS /task-assignments/7/delete/ HTTP/1.1" 200 0
INFO 2026-02-12 15:54:30,969 basehttp 16448 15840 "DELETE /task-assignments/7/delete/ HTTP/1.1" 200 199
INFO 2026-02-12 15:54:31,102 basehttp 16448 15840 "GET /task-assignments/all/?page=1&limit=10 HTTP/1.1" 200 85
INFO 2026-02-12 15:54:48,864 basehttp 16448 15840 "POST /task-assignments/bulk-assign/ HTTP/1.1" 201 1702
INFO 2026-02-12 15:54:52,050 basehttp 16448 15840 "GET /task-assignments/all/?page=1&limit=10 HTTP/1.1" 200 1547
INFO 2026-02-12 15:54:56,144 basehttp 16448 15840 "OPTIONS /task-assignments/8/delete/ HTTP/1.1" 200 0
INFO 2026-02-12 15:54:56,392 basehttp 16448 15840 "DELETE /task-assignments/8/delete/ HTTP/1.1" 200 188
INFO 2026-02-12 15:54:56,514 basehttp 16448 15840 "GET /task-assignments/all/?page=1&limit=10 HTTP/1.1" 200 85
INFO 2026-02-12 15:55:42,196 basehttp 16448 15840 "OPTIONS /task-assignments/assign-to-role/ HTTP/1.1" 200 0
INFO 2026-02-12 15:55:42,405 basehttp 16448 15840 "POST /task-assignments/assign-to-role/ HTTP/1.1" 201 278
INFO 2026-02-12 15:55:45,608 basehttp 16448 15840 "GET /task-assignments/all/?page=1&limit=10 HTTP/1.1" 200 85
INFO 2026-02-12 16:02:05,330 basehttp 16448 10352 "POST /task-assignments/assign-to-role/ HTTP/1.1" 201 1772
INFO 2026-02-12 16:02:08,593 basehttp 16448 10352 "GET /task-assignments/all/?page=1&limit=10 HTTP/1.1" 200 1562
INFO 2026-02-12 16:06:05,111 basehttp 16448 12996 "OPTIONS /task-assignments/9/delete/ HTTP/1.1" 200 0
INFO 2026-02-12 16:06:05,428 basehttp 16448 12996 "DELETE /task-assignments/9/delete/ HTTP/1.1" 200 199
INFO 2026-02-12 16:06:05,672 basehttp 16448 12996 "GET /task-assignments/all/?page=1&limit=10 HTTP/1.1" 200 85
INFO 2026-02-12 16:06:16,742 basehttp 16448 12996 "POST /task-assignments/bulk-assign/ HTTP/1.1" 201 1728
INFO 2026-02-12 16:06:19,961 basehttp 16448 12996 "GET /task-assignments/all/?page=1&limit=10 HTTP/1.1" 200 1562
INFO 2026-02-12 16:06:33,446 basehttp 16448 12996 "GET /users/ HTTP/1.1" 200 1169
INFO 2026-02-12 16:06:33,542 basehttp 16448 7924 "GET /departments/all/ HTTP/1.1" 200 877
INFO 2026-02-12 16:06:33,637 basehttp 16448 12996 "GET /users/ HTTP/1.1" 200 1169
INFO 2026-02-12 16:06:33,767 basehttp 16448 7924 "GET /departments/all/ HTTP/1.1" 200 877
INFO 2026-02-12 16:12:58,263 basehttp 16448 2180 "GET /departments/all/ HTTP/1.1" 200 877
INFO 2026-02-12 16:12:58,427 basehttp 16448 2180 "GET /departments/all/ HTTP/1.1" 200 877
INFO 2026-02-12 16:12:58,477 basehttp 16448 1304 "GET /task/all/?page=1&limit=10 HTTP/1.1" 200 1316
INFO 2026-02-12 16:12:58,687 basehttp 16448 1304 "GET /task/all/?page=1&limit=10 HTTP/1.1" 200 1316
INFO 2026-02-12 16:12:58,718 basehttp 16448 2180 "GET /task-assignments/all/?page=1&limit=10 HTTP/1.1" 200 1563
INFO 2026-02-12 16:12:58,889 basehttp 16448 1304 "GET /users/?role=employee HTTP/1.1" 200 1169
INFO 2026-02-12 16:12:58,920 basehttp 16448 2180 "GET /task-assignments/all/?page=1&limit=10 HTTP/1.1" 200 1562
INFO 2026-02-12 16:12:59,082 basehttp 16448 1304 "GET /users/ HTTP/1.1" 200 1169
INFO 2026-02-12 16:12:59,170 basehttp 16448 2180 "GET /users/?role=employee HTTP/1.1" 200 1169
INFO 2026-02-12 16:12:59,525 basehttp 16448 2180 "GET /users/ HTTP/1.1" 200 1169
INFO 2026-02-12 16:13:09,636 basehttp 16448 1304 "GET /task/all/?page=1&limit=10 HTTP/1.1" 200 1316
INFO 2026-02-12 16:13:09,694 basehttp 16448 2180 "GET /task-assignments/all/?page=1&limit=10 HTTP/1.1" 200 1556
INFO 2026-02-12 16:22:06,065 basehttp 16448 7356 "OPTIONS /task/all/?page=1&limit=10 HTTP/1.1" 200 0
INFO 2026-02-12 16:22:06,074 basehttp 16448 12068 "OPTIONS /task-assignments/all/?page=1&limit=10 HTTP/1.1" 200 0
INFO 2026-02-12 16:22:06,541 basehttp 16448 12068 "GET /task-assignments/all/?page=1&limit=10 HTTP/1.1" 200 1562
INFO 2026-02-12 16:22:06,566 basehttp 16448 7356 "GET /task/all/?page=1&limit=10 HTTP/1.1" 200 1316
INFO 2026-02-12 17:27:53,094 autoreload 16448 13056 D:\DJANGO\FINAL YEAR PROJECTS\Gatete Bertrand\backend\activityApp\models.py changed, reloading.
INFO 2026-02-12 17:28:29,933 autoreload 14984 5988 Watching for file changes with StatReloader
INFO 2026-02-12 17:49:13,977 autoreload 17256 5552 Watching for file changes with StatReloader
INFO 2026-02-12 17:49:28,482 basehttp 17256 11896 "OPTIONS /auth/login/ HTTP/1.1" 200 0
INFO 2026-02-12 17:49:32,971 basehttp 17256 11896 "POST /auth/login/ HTTP/1.1" 200 887
INFO 2026-02-12 17:49:35,931 basehttp 17256 11896 "OPTIONS /performance/my-performance/?days=30 HTTP/1.1" 200 0
INFO 2026-02-12 17:49:35,937 basehttp 17256 13100 "OPTIONS /performance/my-performance/?days=30 HTTP/1.1" 200 0
INFO 2026-02-12 17:49:35,937 basehttp 17256 1184 "OPTIONS /performance/my-performance/?days=30 HTTP/1.1" 200 0
INFO 2026-02-12 17:49:36,654 basehttp 17256 1184 "GET /performance/my-performance/?days=30 HTTP/1.1" 200 3999
INFO 2026-02-12 17:49:37,321 basehttp 17256 13100 "GET /performance/my-performance/?days=30 HTTP/1.1" 200 4024
INFO 2026-02-12 17:49:37,665 basehttp 17256 1184 "GET /performance/my-performance/?days=30 HTTP/1.1" 200 4024
INFO 2026-02-12 17:49:38,031 basehttp 17256 1184 "GET /performance/my-performance/?days=30 HTTP/1.1" 200 4024
INFO 2026-02-12 17:50:21,929 basehttp 17256 1184 "OPTIONS /performance/all/?days=30&page=1&limit=12&sort_by=completion_rate&sort_order=desc HTTP/1.1" 200 0
INFO 2026-02-12 17:50:22,256 basehttp 17256 1184 "GET /performance/all/?days=30&page=1&limit=12&sort_by=completion_rate&sort_order=desc HTTP/1.1" 200 821
INFO 2026-02-12 17:50:31,722 basehttp 17256 1184 "OPTIONS /performance/organization/?days=30 HTTP/1.1" 200 0
INFO 2026-02-12 17:50:31,722 basehttp 17256 13100 "OPTIONS /performance/departments/summaries/?days=30 HTTP/1.1" 200 0
INFO 2026-02-12 17:50:32,245 basehttp 17256 1184 "GET /performance/departments/summaries/?days=30 HTTP/1.1" 200 678
INFO 2026-02-12 17:50:32,346 basehttp 17256 13100 "GET /performance/organization/?days=30 HTTP/1.1" 200 923
INFO 2026-02-12 17:50:52,446 basehttp 17256 13100 "OPTIONS /departments/all/ HTTP/1.1" 200 0
INFO 2026-02-12 17:50:52,446 basehttp 17256 1184 "OPTIONS /departments/all/ HTTP/1.1" 200 0
INFO 2026-02-12 17:50:52,652 basehttp 17256 1184 "GET /departments/all/ HTTP/1.1" 200 877
INFO 2026-02-12 17:50:52,841 basehttp 17256 1184 "GET /departments/all/ HTTP/1.1" 200 877
INFO 2026-02-12 17:50:53,284 basehttp 17256 13100 "GET /task/all/?page=1&limit=10 HTTP/1.1" 200 1316
INFO 2026-02-12 17:50:53,468 basehttp 17256 13100 "GET /task/all/?page=1&limit=10 HTTP/1.1" 200 1316
INFO 2026-02-12 17:50:53,682 basehttp 17256 1184 "GET /task-assignments/all/?page=1&limit=10 HTTP/1.1" 200 1547
INFO 2026-02-12 17:50:53,690 basehttp 17256 13100 "OPTIONS /users/?role=employee HTTP/1.1" 200 0
INFO 2026-02-12 17:50:53,816 basehttp 17256 1184 "GET /task-assignments/all/?page=1&limit=10 HTTP/1.1" 200 1547
INFO 2026-02-12 17:50:54,027 basehttp 17256 13100 "GET /users/?role=employee HTTP/1.1" 200 1169
INFO 2026-02-12 17:50:54,077 basehttp 17256 1184 "OPTIONS /users/ HTTP/1.1" 200 0
INFO 2026-02-12 17:50:54,269 basehttp 17256 13100 "GET /users/?role=employee HTTP/1.1" 200 1169
INFO 2026-02-12 17:50:54,426 basehttp 17256 1184 "GET /users/ HTTP/1.1" 200 1169
INFO 2026-02-12 17:50:54,551 basehttp 17256 1184 "GET /users/ HTTP/1.1" 200 1169
INFO 2026-02-12 17:50:59,697 basehttp 17256 13100 "GET /task/all/?page=1&limit=10 HTTP/1.1" 200 1316
INFO 2026-02-12 17:50:59,707 basehttp 17256 1184 "GET /task-assignments/all/?page=1&limit=10 HTTP/1.1" 200 1547
INFO 2026-02-12 17:51:04,636 basehttp 17256 1184 "GET /task/all/?page=1&limit=10 HTTP/1.1" 200 1316
INFO 2026-02-12 17:51:04,646 basehttp 17256 13100 "GET /task-assignments/all/?page=1&limit=10 HTTP/1.1" 200 1547
INFO 2026-02-12 17:51:10,147 basehttp 17256 13100 "GET /performance/my-performance/?days=30 HTTP/1.1" 200 4116
INFO 2026-02-12 17:51:10,536 basehttp 17256 1184 "GET /performance/my-performance/?days=30 HTTP/1.1" 200 4116
INFO 2026-02-12 17:51:10,917 basehttp 17256 1184 "GET /performance/my-performance/?days=30 HTTP/1.1" 200 4116
INFO 2026-02-12 17:51:11,315 basehttp 17256 1184 "GET /performance/my-performance/?days=30 HTTP/1.1" 200 4116
INFO 2026-02-12 17:51:16,570 basehttp 17256 1184 "OPTIONS /performance/my-performance/?days=7 HTTP/1.1" 200 0
INFO 2026-02-12 17:51:16,926 basehttp 17256 1184 "GET /performance/my-performance/?days=7 HTTP/1.1" 200 2068
INFO 2026-02-12 17:51:49,723 basehttp 17256 1184 "GET /departments/all/ HTTP/1.1" 200 877
INFO 2026-02-12 17:51:49,861 basehttp 17256 1184 "GET /departments/all/ HTTP/1.1" 200 877
INFO 2026-02-12 17:51:49,947 basehttp 17256 13100 "GET /task/all/?page=1&limit=10 HTTP/1.1" 200 1316
INFO 2026-02-12 17:51:50,054 basehttp 17256 13100 "GET /task/all/?page=1&limit=10 HTTP/1.1" 200 1316
INFO 2026-02-12 17:51:50,175 basehttp 17256 1184 "GET /task-assignments/all/?page=1&limit=10 HTTP/1.1" 200 1547
INFO 2026-02-12 17:51:50,296 basehttp 17256 13100 "GET /users/?role=employee HTTP/1.1" 200 1169
INFO 2026-02-12 17:51:50,400 basehttp 17256 1184 "GET /task-assignments/all/?page=1&limit=10 HTTP/1.1" 200 1547
INFO 2026-02-12 17:51:50,497 basehttp 17256 13100 "GET /users/ HTTP/1.1" 200 1169
INFO 2026-02-12 17:51:50,604 basehttp 17256 1184 "GET /users/?role=employee HTTP/1.1" 200 1169
INFO 2026-02-12 17:51:51,142 basehttp 17256 1184 "GET /users/ HTTP/1.1" 200 1169
INFO 2026-02-12 17:51:54,469 basehttp 17256 1184 "OPTIONS /departments/2/employees/ HTTP/1.1" 200 0
INFO 2026-02-12 17:51:54,694 basehttp 17256 1184 "GET /departments/2/employees/ HTTP/1.1" 200 517
INFO 2026-02-12 17:53:58,079 basehttp 17256 1184 "GET /performance/my-performance/?days=30 HTTP/1.1" 200 4116
INFO 2026-02-12 17:53:58,637 basehttp 17256 13100 "GET /performance/my-performance/?days=30 HTTP/1.1" 200 4117
INFO 2026-02-12 17:53:58,923 basehttp 17256 13100 "GET /performance/my-performance/?days=30 HTTP/1.1" 200 4117
INFO 2026-02-12 17:53:59,268 basehttp 17256 1184 "GET /performance/my-performance/?days=30 HTTP/1.1" 200 4117
INFO 2026-02-12 17:54:07,512 basehttp 17256 1184 "GET /performance/all/?days=30&page=1&limit=12&sort_by=completion_rate&sort_order=desc HTTP/1.1" 200 821
INFO 2026-02-12 17:54:11,546 basehttp 17256 1184 "GET /performance/my-performance/?days=30 HTTP/1.1" 200 4117
INFO 2026-02-12 17:54:33,117 basehttp 17256 1184 "GET /departments/all/ HTTP/1.1" 200 877
INFO 2026-02-12 17:54:33,286 basehttp 17256 13100 "GET /task/all/?page=1&limit=10 HTTP/1.1" 200 1316
INFO 2026-02-12 17:54:33,291 basehttp 17256 1184 "GET /departments/all/ HTTP/1.1" 200 877
INFO 2026-02-12 17:54:33,468 basehttp 17256 13100 "GET /task/all/?page=1&limit=10 HTTP/1.1" 200 1316
INFO 2026-02-12 17:54:33,498 basehttp 17256 1184 "GET /task-assignments/all/?page=1&limit=10 HTTP/1.1" 200 1547
INFO 2026-02-12 17:54:33,635 basehttp 17256 13100 "GET /users/?role=employee HTTP/1.1" 200 1169
INFO 2026-02-12 17:54:33,664 basehttp 17256 1184 "GET /task-assignments/all/?page=1&limit=10 HTTP/1.1" 200 1547
INFO 2026-02-12 17:54:33,794 basehttp 17256 13100 "GET /users/ HTTP/1.1" 200 1169
INFO 2026-02-12 17:54:33,912 basehttp 17256 1184 "GET /users/?role=employee HTTP/1.1" 200 1169
INFO 2026-02-12 17:54:34,264 basehttp 17256 1184 "GET /users/ HTTP/1.1" 200 1169
INFO 2026-02-12 17:54:40,335 basehttp 17256 13100 "GET /departments/all/ HTTP/1.1" 200 877
INFO 2026-02-12 17:54:40,491 basehttp 17256 1184 "GET /users/ HTTP/1.1" 200 1169
INFO 2026-02-12 17:54:40,528 basehttp 17256 13100 "GET /departments/all/ HTTP/1.1" 200 877
INFO 2026-02-12 17:54:40,644 basehttp 17256 1184 "GET /users/ HTTP/1.1" 200 1169
INFO 2026-02-12 17:55:01,054 basehttp 17256 16152 "OPTIONS /auth/login/ HTTP/1.1" 200 0
WARNING 2026-02-12 17:55:03,538 basehttp 17256 16152 "POST /auth/login/ HTTP/1.1" 401 70
INFO 2026-02-12 17:55:12,742 basehttp 17256 16152 "OPTIONS /auth/password-reset/request-otp/ HTTP/1.1" 200 0
INFO 2026-02-12 17:55:12,748 views 17256 16152 
==================================================
INFO 2026-02-12 17:55:12,749 views 17256 16152 PASSWORD RESET OTP REQUEST
INFO 2026-02-12 17:55:12,749 views 17256 16152 ==================================================
INFO 2026-02-12 17:55:12,769 views 17256 16152 User found: Employee Mugabe
INFO 2026-02-12 17:55:12,769 views 17256 16152 Generated OTP: 413130 for user: e.mugabe@employee_codepulse_africa_ltd.com
INFO 2026-02-12 17:55:12,770 utils 17256 16152 OTP stored in cache with key: reset_otp_e.mugabe@employee_codepulse_africa_ltd.com
INFO 2026-02-12 17:55:12,771 views 17256 16152 OTP stored with cache key: reset_otp_e.mugabe@employee_codepulse_africa_ltd.com
INFO 2026-02-12 17:55:12,772 views 17256 16152 Attempting to send OTP email to princemugabe567@gmail.com...
INFO 2026-02-12 17:55:16,976 utils 17256 16152 OTP email sent successfully to princemugabe567@gmail.com
INFO 2026-02-12 17:55:18,404 views 17256 16152 SUCCESS: OTP sent to princemugabe567@gmail.com
INFO 2026-02-12 17:55:18,405 views 17256 16152 ==================================================

INFO 2026-02-12 17:55:18,407 basehttp 17256 16152 "POST /auth/password-reset/request-otp/ HTTP/1.1" 200 192
INFO 2026-02-12 17:55:35,557 basehttp 17256 16152 "OPTIONS /auth/password-reset/verify-otp/ HTTP/1.1" 200 0
INFO 2026-02-12 17:55:35,563 views 17256 16152 
==================================================
INFO 2026-02-12 17:55:35,565 views 17256 16152 VERIFY RESET OTP
INFO 2026-02-12 17:55:35,566 views 17256 16152 ==================================================
INFO 2026-02-12 17:55:35,567 views 17256 16152 Verifying OTP for: e.mugabe@employee_codepulse_africa_ltd.com
INFO 2026-02-12 17:55:35,727 views 17256 16152 SUCCESS: OTP verified for e.mugabe@employee_codepulse_africa_ltd.com
INFO 2026-02-12 17:55:35,728 views 17256 16152 ==================================================

INFO 2026-02-12 17:55:35,730 basehttp 17256 16152 "POST /auth/password-reset/verify-otp/ HTTP/1.1" 200 154
INFO 2026-02-12 17:55:48,797 basehttp 17256 16152 "OPTIONS /auth/password-reset/confirm/ HTTP/1.1" 200 0
INFO 2026-02-12 17:55:48,803 views 17256 16152 
==================================================
INFO 2026-02-12 17:55:48,804 views 17256 16152 PASSWORD RESET WITH OTP
INFO 2026-02-12 17:55:48,805 views 17256 16152 ==================================================
INFO 2026-02-12 17:55:48,822 views 17256 16152 User found: Employee Mugabe
INFO 2026-02-12 17:55:51,391 views 17256 16152 SUCCESS: Password updated for user: e.mugabe@employee_codepulse_africa_ltd.com
INFO 2026-02-12 17:55:54,357 views 17256 16152 SUCCESS: Confirmation email sent to princemugabe567@gmail.com
INFO 2026-02-12 17:55:54,484 views 17256 16152 ==================================================

INFO 2026-02-12 17:55:54,485 basehttp 17256 16152 "POST /auth/password-reset/confirm/ HTTP/1.1" 200 117
INFO 2026-02-12 17:56:10,125 basehttp 17256 16152 "POST /auth/login/ HTTP/1.1" 200 948
INFO 2026-02-12 18:12:42,976 basehttp 17256 4600 "OPTIONS /departments/all/ HTTP/1.1" 200 0
INFO 2026-02-12 18:12:42,986 basehttp 17256 2080 "OPTIONS /departments/all/ HTTP/1.1" 200 0
INFO 2026-02-12 18:12:43,489 basehttp 17256 2080 "GET /departments/all/ HTTP/1.1" 200 877
INFO 2026-02-12 18:12:43,501 basehttp 17256 4600 "OPTIONS /task-assignments/my-assignments/ HTTP/1.1" 200 0
INFO 2026-02-12 18:12:43,730 basehttp 17256 2080 "GET /departments/all/ HTTP/1.1" 200 877
INFO 2026-02-12 18:12:44,652 basehttp 17256 4600 "GET /task-assignments/my-assignments/ HTTP/1.1" 200 1547
INFO 2026-02-12 18:12:44,668 basehttp 17256 2080 "OPTIONS /task/all/?page=1&limit=10&id__in=3 HTTP/1.1" 200 0
INFO 2026-02-12 18:12:44,938 basehttp 17256 4600 "GET /task-assignments/my-assignments/ HTTP/1.1" 200 1547
INFO 2026-02-12 18:12:45,140 basehttp 17256 2080 "GET /task/all/?page=1&limit=10&id__in=3 HTTP/1.1" 200 1316
INFO 2026-02-12 18:12:45,179 basehttp 17256 4600 "OPTIONS /task-assignments/my-assignments/?page=1&limit=10 HTTP/1.1" 200 0
INFO 2026-02-12 18:12:45,472 basehttp 17256 2080 "GET /task/all/?page=1&limit=10&id__in=3 HTTP/1.1" 200 1316
INFO 2026-02-12 18:12:45,713 basehttp 17256 4600 "GET /task-assignments/my-assignments/?page=1&limit=10 HTTP/1.1" 200 1547
INFO 2026-02-12 18:12:46,010 basehttp 17256 4600 "GET /task-assignments/my-assignments/?page=1&limit=10 HTTP/1.1" 200 1547
INFO 2026-02-12 18:13:32,651 basehttp 17256 4600 "OPTIONS /performance/my-performance/?days=30 HTTP/1.1" 200 0
INFO 2026-02-12 18:13:32,652 basehttp 17256 2080 "OPTIONS /performance/my-performance/?days=30 HTTP/1.1" 200 0
INFO 2026-02-12 18:13:32,657 basehttp 17256 10352 "OPTIONS /performance/my-performance/?days=30 HTTP/1.1" 200 0
INFO 2026-02-12 18:13:32,658 basehttp 17256 9400 "OPTIONS /performance/my-performance/?days=30 HTTP/1.1" 200 0
INFO 2026-02-12 18:13:33,140 basehttp 17256 9400 "GET /performance/my-performance/?days=30 HTTP/1.1" 200 3659
INFO 2026-02-12 18:13:33,625 basehttp 17256 10352 "GET /performance/my-performance/?days=30 HTTP/1.1" 200 3684
INFO 2026-02-12 18:13:34,029 basehttp 17256 10352 "GET /performance/my-performance/?days=30 HTTP/1.1" 200 3684
INFO 2026-02-12 18:13:34,341 basehttp 17256 9400 "GET /performance/my-performance/?days=30 HTTP/1.1" 200 3684
INFO 2026-02-12 18:13:46,608 basehttp 17256 9400 "GET /departments/all/ HTTP/1.1" 200 877
INFO 2026-02-12 18:13:46,712 basehttp 17256 9400 "GET /departments/all/ HTTP/1.1" 200 877
INFO 2026-02-12 18:13:46,788 basehttp 17256 10352 "GET /task-assignments/my-assignments/ HTTP/1.1" 200 1547
INFO 2026-02-12 18:13:47,035 basehttp 17256 9400 "GET /task/all/?page=1&limit=10&id__in=3 HTTP/1.1" 200 1316
INFO 2026-02-12 18:13:47,053 basehttp 17256 10352 "GET /task-assignments/my-assignments/ HTTP/1.1" 200 1547
INFO 2026-02-12 18:13:47,211 basehttp 17256 10352 "GET /task/all/?page=1&limit=10&id__in=3 HTTP/1.1" 200 1316
INFO 2026-02-12 18:13:47,299 basehttp 17256 9400 "GET /task-assignments/my-assignments/?page=1&limit=10 HTTP/1.1" 200 1547
INFO 2026-02-12 18:13:47,433 basehttp 17256 9400 "GET /task-assignments/my-assignments/?page=1&limit=10 HTTP/1.1" 200 1547
INFO 2026-02-12 18:13:50,687 basehttp 17256 9400 "GET /task-assignments/my-assignments/?page=1&limit=10 HTTP/1.1" 200 1547
INFO 2026-02-12 18:13:50,721 basehttp 17256 10352 "GET /task-assignments/my-assignments/ HTTP/1.1" 200 1547
INFO 2026-02-12 18:13:50,881 basehttp 17256 10352 "GET /task/all/?page=1&limit=10&id__in=3 HTTP/1.1" 200 1316
INFO 2026-02-12 18:13:59,364 basehttp 17256 10352 "GET /task-assignments/my-assignments/ HTTP/1.1" 200 1547
INFO 2026-02-12 18:13:59,466 basehttp 17256 9400 "GET /task-assignments/my-assignments/?page=1&limit=10 HTTP/1.1" 200 1547
INFO 2026-02-12 18:13:59,610 basehttp 17256 10352 "GET /task/all/?page=1&limit=10&id__in=3 HTTP/1.1" 200 1316
INFO 2026-02-12 18:14:14,201 basehttp 17256 3324 "GET /departments/all/ HTTP/1.1" 200 877
INFO 2026-02-12 18:14:14,331 basehttp 17256 3324 "GET /departments/all/ HTTP/1.1" 200 877
INFO 2026-02-12 18:14:14,396 basehttp 17256 5236 "GET /task/all/?page=1&limit=10 HTTP/1.1" 200 1316
INFO 2026-02-12 18:14:14,569 basehttp 17256 5236 "GET /task/all/?page=1&limit=10 HTTP/1.1" 200 1316
INFO 2026-02-12 18:14:14,639 basehttp 17256 3324 "GET /task-assignments/all/?page=1&limit=10 HTTP/1.1" 200 1547
INFO 2026-02-12 18:14:14,820 basehttp 17256 5236 "GET /users/?role=employee HTTP/1.1" 200 1169
INFO 2026-02-12 18:14:15,283 basehttp 17256 3324 "GET /task-assignments/all/?page=1&limit=10 HTTP/1.1" 200 1547
INFO 2026-02-12 18:14:15,326 basehttp 17256 5236 "GET /users/ HTTP/1.1" 200 1169
INFO 2026-02-12 18:14:15,468 basehttp 17256 3324 "GET /users/?role=employee HTTP/1.1" 200 1169
INFO 2026-02-12 18:14:15,596 basehttp 17256 3324 "GET /users/ HTTP/1.1" 200 1169
INFO 2026-02-12 18:14:33,260 basehttp 17256 3324 "GET /departments/2/employees/ HTTP/1.1" 200 517
INFO 2026-02-12 18:15:03,524 basehttp 17256 3324 "OPTIONS /task-assignments/create/ HTTP/1.1" 200 0
INFO 2026-02-12 18:15:03,838 basehttp 17256 3324 "POST /task-assignments/create/ HTTP/1.1" 201 1567
INFO 2026-02-12 18:15:04,003 basehttp 17256 3324 "GET /task-assignments/all/?page=1&limit=10 HTTP/1.1" 200 3037
INFO 2026-02-12 18:15:19,046 basehttp 17256 10352 "GET /performance/my-performance/?days=30 HTTP/1.1" 200 3685
INFO 2026-02-12 18:15:19,568 basehttp 17256 10352 "GET /performance/my-performance/?days=30 HTTP/1.1" 200 3685
INFO 2026-02-12 18:15:19,863 basehttp 17256 10352 "GET /departments/all/ HTTP/1.1" 200 877
INFO 2026-02-12 18:15:20,013 basehttp 17256 10352 "GET /departments/all/ HTTP/1.1" 200 877
INFO 2026-02-12 18:15:20,130 basehttp 17256 9400 "GET /performance/my-performance/?days=30 HTTP/1.1" 200 3685
INFO 2026-02-12 18:15:20,187 basehttp 17256 2080 "GET /task-assignments/my-assignments/ HTTP/1.1" 200 3041
INFO 2026-02-12 18:15:20,196 basehttp 17256 9400 "OPTIONS /task/all/?page=1&limit=10&id__in=4,3 HTTP/1.1" 200 0
INFO 2026-02-12 18:15:20,474 basehttp 17256 9400 "GET /task/all/?page=1&limit=10&id__in=4,3 HTTP/1.1" 200 1316
INFO 2026-02-12 18:15:20,545 basehttp 17256 2080 "GET /task-assignments/my-assignments/ HTTP/1.1" 200 3041
INFO 2026-02-12 18:15:20,736 basehttp 17256 2080 "GET /task/all/?page=1&limit=10&id__in=4,3 HTTP/1.1" 200 1316
INFO 2026-02-12 18:15:20,737 basehttp 17256 10352 "GET /performance/my-performance/?days=30 HTTP/1.1" 200 3685
INFO 2026-02-12 18:15:20,754 basehttp 17256 9400 "GET /task-assignments/my-assignments/?page=1&limit=10 HTTP/1.1" 200 3041
INFO 2026-02-12 18:15:20,904 basehttp 17256 9400 "GET /task-assignments/my-assignments/?page=1&limit=10 HTTP/1.1" 200 3041
INFO 2026-02-12 18:16:18,182 basehttp 17256 9400 "GET /performance/my-performance/?days=30 HTTP/1.1" 200 3685
INFO 2026-02-12 18:16:18,819 basehttp 17256 10352 "GET /performance/my-performance/?days=30 HTTP/1.1" 200 3685
INFO 2026-02-12 18:16:19,127 basehttp 17256 9400 "GET /performance/my-performance/?days=30 HTTP/1.1" 200 3686
INFO 2026-02-12 18:16:19,494 basehttp 17256 10352 "GET /performance/my-performance/?days=30 HTTP/1.1" 200 3686
INFO 2026-02-12 18:17:04,414 basehttp 17256 3324 "GET /users/ HTTP/1.1" 200 1169
INFO 2026-02-12 18:17:04,456 basehttp 17256 5236 "GET /departments/all/ HTTP/1.1" 200 877
INFO 2026-02-12 18:17:04,541 basehttp 17256 3324 "GET /users/ HTTP/1.1" 200 1169
INFO 2026-02-12 18:17:04,652 basehttp 17256 5236 "GET /departments/all/ HTTP/1.1" 200 877
INFO 2026-02-12 18:17:25,864 basehttp 17256 5236 "OPTIONS /users/employees/ HTTP/1.1" 200 0
INFO 2026-02-12 18:17:25,874 basehttp 17256 1820 "OPTIONS /users/employees/ HTTP/1.1" 200 0
INFO 2026-02-12 18:17:26,057 basehttp 17256 3324 "GET /departments/all/ HTTP/1.1" 200 877
INFO 2026-02-12 18:17:26,177 basehttp 17256 5236 "GET /users/employees/ HTTP/1.1" 200 432
INFO 2026-02-12 18:17:26,228 basehttp 17256 3324 "GET /departments/all/ HTTP/1.1" 200 877
INFO 2026-02-12 18:17:26,387 basehttp 17256 5236 "GET /users/employees/ HTTP/1.1" 200 432
INFO 2026-02-12 18:20:12,306 basehttp 17256 10352 "GET /performance/my-performance/?days=30 HTTP/1.1" 200 3686
INFO 2026-02-12 18:20:12,359 basehttp 17256 3324 "GET /users/employees/ HTTP/1.1" 200 432
INFO 2026-02-12 18:20:12,361 basehttp 17256 5236 "GET /departments/all/ HTTP/1.1" 200 877
INFO 2026-02-12 18:20:12,807 basehttp 17256 10352 "GET /performance/my-performance/?days=30 HTTP/1.1" 200 3686
INFO 2026-02-12 18:20:27,354 basehttp 17256 5236 "OPTIONS /auth/verify-token/ HTTP/1.1" 200 0
INFO 2026-02-12 18:20:27,500 basehttp 17256 5236 "GET /auth/verify-token/ HTTP/1.1" 200 381
INFO 2026-02-12 18:20:27,654 basehttp 17256 5236 "GET /auth/verify-token/ HTTP/1.1" 200 381
INFO 2026-02-12 18:20:53,598 basehttp 17256 10352 "GET /departments/all/ HTTP/1.1" 200 877
INFO 2026-02-12 18:20:53,700 basehttp 17256 10352 "GET /departments/all/ HTTP/1.1" 200 877
INFO 2026-02-12 18:20:53,801 basehttp 17256 9400 "GET /task-assignments/my-assignments/ HTTP/1.1" 200 3035
INFO 2026-02-12 18:20:53,929 basehttp 17256 10352 "GET /task/all/?page=1&limit=10&id__in=4,3 HTTP/1.1" 200 1316
INFO 2026-02-12 18:20:54,061 basehttp 17256 9400 "GET /task-assignments/my-assignments/ HTTP/1.1" 200 3041
INFO 2026-02-12 18:20:54,100 basehttp 17256 10352 "GET /task-assignments/my-assignments/?page=1&limit=10 HTTP/1.1" 200 3041
INFO 2026-02-12 18:20:54,335 basehttp 17256 9400 "GET /task/all/?page=1&limit=10&id__in=4,3 HTTP/1.1" 200 1316
INFO 2026-02-12 18:20:55,001 basehttp 17256 9400 "GET /task-assignments/my-assignments/?page=1&limit=10 HTTP/1.1" 200 3041
INFO 2026-02-12 18:24:43,383 basehttp 17256 5236 "GET /departments/all/ HTTP/1.1" 200 877
INFO 2026-02-12 18:24:43,393 basehttp 17256 3324 "OPTIONS /task/all/?page=1&limit=10 HTTP/1.1" 200 0
INFO 2026-02-12 18:24:43,523 basehttp 17256 5236 "GET /departments/all/ HTTP/1.1" 200 877
INFO 2026-02-12 18:24:43,556 basehttp 17256 3324 "GET /task/all/?page=1&limit=10 HTTP/1.1" 200 1316
INFO 2026-02-12 18:24:43,568 basehttp 17256 5236 "OPTIONS /task-assignments/all/?page=1&limit=10 HTTP/1.1" 200 0
INFO 2026-02-12 18:24:44,034 basehttp 17256 5236 "GET /task-assignments/all/?page=1&limit=10 HTTP/1.1" 200 3041
INFO 2026-02-12 18:24:44,149 basehttp 17256 3324 "GET /task/all/?page=1&limit=10 HTTP/1.1" 200 1316
INFO 2026-02-12 18:24:44,245 basehttp 17256 5236 "GET /users/?role=employee HTTP/1.1" 200 1169
INFO 2026-02-12 18:24:44,368 basehttp 17256 3324 "GET /task-assignments/all/?page=1&limit=10 HTTP/1.1" 200 3041
INFO 2026-02-12 18:24:44,414 basehttp 17256 5236 "GET /users/ HTTP/1.1" 200 1169
INFO 2026-02-12 18:24:44,512 basehttp 17256 3324 "GET /users/?role=employee HTTP/1.1" 200 1169
INFO 2026-02-12 18:24:44,642 basehttp 17256 3324 "GET /users/ HTTP/1.1" 200 1169
INFO 2026-02-13 09:45:49,241 autoreload 11276 10068 Watching for file changes with StatReloader
WARNING 2026-02-13 09:47:00,292 basehttp 11276 604 "GET /chats/10/messages/ HTTP/1.1" 404 9624
WARNING 2026-02-13 09:47:00,292 basehttp 11276 14020 "GET /chats/my-chats/ HTTP/1.1" 404 9615
WARNING 2026-02-13 09:47:54,795 basehttp 11276 604 "GET /chats/10/messages/ HTTP/1.1" 404 9624
WARNING 2026-02-13 09:47:54,796 basehttp 11276 14020 "GET /chats/my-chats/ HTTP/1.1" 404 9615
WARNING 2026-02-13 09:48:03,594 basehttp 11276 6416 "GET /auth/verify-token/ HTTP/1.1" 401 51
INFO 2026-02-13 09:48:03,621 basehttp 11276 6416 "OPTIONS /auth/token/refresh/ HTTP/1.1" 200 0
WARNING 2026-02-13 09:48:03,835 basehttp 11276 13488 "GET /auth/verify-token/ HTTP/1.1" 401 51
ERROR 2026-02-13 09:48:06,493 basehttp 11276 13488 "POST /auth/token/refresh/ HTTP/1.1" 500 129261
ERROR 2026-02-13 09:48:06,493 basehttp 11276 6416 "POST /auth/token/refresh/ HTTP/1.1" 500 129261
WARNING 2026-02-13 09:48:16,518 basehttp 11276 13488 "POST /auth/login/ HTTP/1.1" 401 70
INFO 2026-02-13 09:48:31,364 basehttp 11276 13488 "POST /auth/login/ HTTP/1.1" 200 887
INFO 2026-02-13 09:48:38,393 basehttp 11276 13488 "OPTIONS /performance/my-performance/?days=30 HTTP/1.1" 200 0
INFO 2026-02-13 09:48:38,393 basehttp 11276 6416 "OPTIONS /performance/my-performance/?days=30 HTTP/1.1" 200 0
INFO 2026-02-13 09:48:38,438 basehttp 11276 14132 "OPTIONS /performance/my-performance/?days=30 HTTP/1.1" 200 0
INFO 2026-02-13 09:48:38,484 basehttp 11276 11736 "OPTIONS /performance/my-performance/?days=30 HTTP/1.1" 200 0
INFO 2026-02-13 09:48:39,420 basehttp 11276 6416 "GET /performance/my-performance/?days=30 HTTP/1.1" 200 4117
INFO 2026-02-13 09:48:40,576 basehttp 11276 11736 "GET /performance/my-performance/?days=30 HTTP/1.1" 200 4117
INFO 2026-02-13 09:48:41,833 basehttp 11276 6416 "GET /performance/my-performance/?days=30 HTTP/1.1" 200 4117
INFO 2026-02-13 09:48:42,832 basehttp 11276 11736 "GET /performance/my-performance/?days=30 HTTP/1.1" 200 4117
INFO 2026-02-13 09:48:43,507 basehttp 11276 11736 "OPTIONS /performance/all/?days=30&page=1&limit=12&sort_by=completion_rate&sort_order=desc HTTP/1.1" 200 0
INFO 2026-02-13 09:48:44,926 basehttp 11276 11736 "GET /performance/all/?days=30&page=1&limit=12&sort_by=completion_rate&sort_order=desc HTTP/1.1" 200 971
INFO 2026-02-13 09:48:47,150 basehttp 11276 11736 "OPTIONS /performance/organization/?days=30 HTTP/1.1" 200 0
INFO 2026-02-13 09:48:47,151 basehttp 11276 6416 "OPTIONS /performance/departments/summaries/?days=30 HTTP/1.1" 200 0
INFO 2026-02-13 09:48:47,698 basehttp 11276 11736 "GET /performance/departments/summaries/?days=30 HTTP/1.1" 200 678
INFO 2026-02-13 09:48:47,776 basehttp 11276 6416 "GET /performance/organization/?days=30 HTTP/1.1" 200 923
WARNING 2026-02-13 09:49:00,959 basehttp 11276 14020 "GET /chats/my-chats/ HTTP/1.1" 404 9615
WARNING 2026-02-13 09:49:00,959 basehttp 11276 604 "GET /chats/10/messages/ HTTP/1.1" 404 9624
WARNING 2026-02-13 09:49:55,733 basehttp 11276 14020 "GET /chats/my-chats/ HTTP/1.1" 404 9615
WARNING 2026-02-13 09:49:55,760 basehttp 11276 14020 "GET /chats/10/messages/ HTTP/1.1" 404 9624
WARNING 2026-02-13 09:50:34,503 basehttp 11276 14020 "GET /chats/my-chats/ HTTP/1.1" 404 9615
WARNING 2026-02-13 09:50:34,576 basehttp 11276 604 "GET /chats/10/messages/ HTTP/1.1" 404 9624
WARNING 2026-02-13 09:50:44,595 basehttp 11276 604 "GET /auth/verify-token/ HTTP/1.1" 401 51
WARNING 2026-02-13 09:50:44,741 basehttp 11276 604 "GET /auth/verify-token/ HTTP/1.1" 401 51
INFO 2026-02-13 09:50:44,793 basehttp 11276 604 "OPTIONS /auth/token/refresh/ HTTP/1.1" 200 0
ERROR 2026-02-13 09:50:45,148 basehttp 11276 604 "POST /auth/token/refresh/ HTTP/1.1" 500 129272
ERROR 2026-02-13 09:50:45,421 basehttp 11276 604 "POST /auth/token/refresh/ HTTP/1.1" 500 129272
INFO 2026-02-13 13:28:12,560 autoreload 3704 14188 Watching for file changes with StatReloader
WARNING 2026-02-13 13:29:53,661 basehttp 3704 408 "GET /auth/verify-token/ HTTP/1.1" 401 51
INFO 2026-02-13 13:29:53,698 basehttp 3704 408 "OPTIONS /auth/token/refresh/ HTTP/1.1" 200 0
WARNING 2026-02-13 13:29:53,730 basehttp 3704 14868 "GET /auth/verify-token/ HTTP/1.1" 401 51
ERROR 2026-02-13 13:29:54,446 basehttp 3704 408 "POST /auth/token/refresh/ HTTP/1.1" 500 129261
ERROR 2026-02-13 13:29:54,510 basehttp 3704 14868 "POST /auth/token/refresh/ HTTP/1.1" 500 129261
WARNING 2026-02-13 13:30:07,672 basehttp 3704 14868 "POST /auth/login/ HTTP/1.1" 401 70
INFO 2026-02-13 13:30:19,936 basehttp 3704 14868 "POST /auth/login/ HTTP/1.1" 200 887
INFO 2026-02-13 13:30:22,759 basehttp 3704 14868 "GET /departments/all/ HTTP/1.1" 200 877
INFO 2026-02-13 13:30:22,776 basehttp 3704 14868 "OPTIONS /task/all/?page=1&limit=10 HTTP/1.1" 200 0
INFO 2026-02-13 13:30:23,181 basehttp 3704 408 "GET /departments/all/ HTTP/1.1" 200 877
INFO 2026-02-13 13:30:23,285 basehttp 3704 14868 "GET /task/all/?page=1&limit=10 HTTP/1.1" 200 1316
INFO 2026-02-13 13:30:23,313 basehttp 3704 14868 "OPTIONS /task-assignments/all/?page=1&limit=10 HTTP/1.1" 200 0
INFO 2026-02-13 13:30:23,447 basehttp 3704 408 "GET /task/all/?page=1&limit=10 HTTP/1.1" 200 1316
INFO 2026-02-13 13:30:23,630 basehttp 3704 14868 "GET /task-assignments/all/?page=1&limit=10 HTTP/1.1" 200 3036
INFO 2026-02-13 13:30:23,764 basehttp 3704 14868 "OPTIONS /users/?role=employee HTTP/1.1" 200 0
INFO 2026-02-13 13:30:23,973 basehttp 3704 14868 "GET /users/?role=employee HTTP/1.1" 200 1169
INFO 2026-02-13 13:30:23,987 basehttp 3704 14868 "OPTIONS /users/ HTTP/1.1" 200 0
INFO 2026-02-13 13:30:24,087 basehttp 3704 408 "GET /task-assignments/all/?page=1&limit=10 HTTP/1.1" 200 3040
INFO 2026-02-13 13:30:24,135 basehttp 3704 14868 "GET /users/ HTTP/1.1" 200 1169
INFO 2026-02-13 13:30:24,309 basehttp 3704 408 "GET /users/?role=employee HTTP/1.1" 200 1169
INFO 2026-02-13 13:30:24,427 basehttp 3704 408 "GET /users/ HTTP/1.1" 200 1169
INFO 2026-02-13 13:30:41,454 basehttp 3704 408 "OPTIONS /departments/2/employees/ HTTP/1.1" 200 0
INFO 2026-02-13 13:30:41,593 basehttp 3704 408 "GET /departments/2/employees/ HTTP/1.1" 200 517
INFO 2026-02-13 13:30:50,156 basehttp 3704 11100 "OPTIONS /auth/verify-token/ HTTP/1.1" 200 0
INFO 2026-02-13 13:30:50,171 basehttp 3704 12268 "OPTIONS /auth/verify-token/ HTTP/1.1" 200 0
WARNING 2026-02-13 13:30:50,201 basehttp 3704 12268 "GET /auth/verify-token/ HTTP/1.1" 401 51
INFO 2026-02-13 13:30:50,214 basehttp 3704 12268 "OPTIONS /auth/token/refresh/ HTTP/1.1" 200 0
WARNING 2026-02-13 13:30:50,228 basehttp 3704 11100 "GET /auth/verify-token/ HTTP/1.1" 401 51
ERROR 2026-02-13 13:30:50,548 basehttp 3704 12268 "POST /auth/token/refresh/ HTTP/1.1" 500 129272
ERROR 2026-02-13 13:30:50,626 basehttp 3704 11100 "POST /auth/token/refresh/ HTTP/1.1" 500 129272
INFO 2026-02-13 13:31:13,775 basehttp 3704 5752 "OPTIONS /auth/verify-token/ HTTP/1.1" 200 0
INFO 2026-02-13 13:31:13,816 basehttp 3704 13564 "OPTIONS /auth/verify-token/ HTTP/1.1" 200 0
INFO 2026-02-13 13:31:13,966 basehttp 3704 5752 "GET /auth/verify-token/ HTTP/1.1" 200 442
INFO 2026-02-13 13:31:14,271 basehttp 3704 5752 "GET /auth/verify-token/ HTTP/1.1" 200 442
INFO 2026-02-13 13:31:45,437 basehttp 3704 5752 "OPTIONS /departments/all/ HTTP/1.1" 200 0
INFO 2026-02-13 13:31:45,437 basehttp 3704 13564 "OPTIONS /departments/all/ HTTP/1.1" 200 0
INFO 2026-02-13 13:31:45,599 basehttp 3704 13564 "GET /departments/all/ HTTP/1.1" 200 877
INFO 2026-02-13 13:31:45,637 basehttp 3704 5752 "OPTIONS /task-assignments/my-assignments/ HTTP/1.1" 200 0
INFO 2026-02-13 13:31:45,758 basehttp 3704 13564 "GET /departments/all/ HTTP/1.1" 200 877
INFO 2026-02-13 13:31:46,097 basehttp 3704 5752 "GET /task-assignments/my-assignments/ HTTP/1.1" 200 3035
INFO 2026-02-13 13:31:46,142 basehttp 3704 13564 "OPTIONS /task/all/?page=1&limit=10&id__in=4,3 HTTP/1.1" 200 0
INFO 2026-02-13 13:31:46,467 basehttp 3704 13564 "GET /task/all/?page=1&limit=10&id__in=4,3 HTTP/1.1" 200 1316
INFO 2026-02-13 13:31:46,534 basehttp 3704 13564 "OPTIONS /task-assignments/my-assignments/?page=1&limit=10 HTTP/1.1" 200 0
INFO 2026-02-13 13:31:46,597 basehttp 3704 5752 "GET /task-assignments/my-assignments/ HTTP/1.1" 200 3040
INFO 2026-02-13 13:31:46,998 basehttp 3704 5752 "GET /task/all/?page=1&limit=10&id__in=4,3 HTTP/1.1" 200 1316
INFO 2026-02-13 13:31:47,077 basehttp 3704 13564 "GET /task-assignments/my-assignments/?page=1&limit=10 HTTP/1.1" 200 3035
INFO 2026-02-13 13:31:47,490 basehttp 3704 13564 "GET /task-assignments/my-assignments/?page=1&limit=10 HTTP/1.1" 200 3030
INFO 2026-02-13 13:46:02,762 autoreload 3704 14188 D:\DJANGO\FINAL YEAR PROJECTS\Gatete Bertrand\backend\taskAssignmentApp\views.py changed, reloading.
INFO 2026-02-13 13:46:11,391 autoreload 14668 14604 Watching for file changes with StatReloader
INFO 2026-02-13 13:49:12,767 autoreload 14668 14604 D:\DJANGO\FINAL YEAR PROJECTS\Gatete Bertrand\backend\taskAssignmentApp\views.py changed, reloading.
INFO 2026-02-13 13:49:17,718 autoreload 10052 9740 Watching for file changes with StatReloader
INFO 2026-02-13 13:49:41,820 autoreload 10052 9740 D:\DJANGO\FINAL YEAR PROJECTS\Gatete Bertrand\backend\taskAssignmentApp\urls.py changed, reloading.
INFO 2026-02-13 13:49:49,183 autoreload 15168 8132 Watching for file changes with StatReloader
INFO 2026-02-13 13:51:40,108 autoreload 15168 8132 D:\DJANGO\FINAL YEAR PROJECTS\Gatete Bertrand\backend\taskAssignmentApp\view_status.py changed, reloading.
INFO 2026-02-13 13:51:46,241 autoreload 14668 15084 Watching for file changes with StatReloader
INFO 2026-02-13 13:51:49,963 autoreload 14668 15084 D:\DJANGO\FINAL YEAR PROJECTS\Gatete Bertrand\backend\taskAssignmentApp\view_status.py changed, reloading.
INFO 2026-02-13 13:51:52,563 autoreload 1328 14888 Watching for file changes with StatReloader
INFO 2026-02-13 13:52:27,305 autoreload 1328 14888 D:\DJANGO\FINAL YEAR PROJECTS\Gatete Bertrand\backend\taskAssignmentApp\view_status.py changed, reloading.
INFO 2026-02-13 13:52:30,483 autoreload 6396 872 Watching for file changes with StatReloader
INFO 2026-02-13 13:52:53,207 autoreload 6396 872 D:\DJANGO\FINAL YEAR PROJECTS\Gatete Bertrand\backend\taskAssignmentApp\view_status.py changed, reloading.
INFO 2026-02-13 13:52:58,128 autoreload 12840 14732 Watching for file changes with StatReloader
INFO 2026-02-13 13:53:18,347 autoreload 12840 14732 D:\DJANGO\FINAL YEAR PROJECTS\Gatete Bertrand\backend\taskAssignmentApp\view_status.py changed, reloading.
INFO 2026-02-13 13:53:21,376 autoreload 13196 13304 Watching for file changes with StatReloader
INFO 2026-02-13 13:56:41,897 autoreload 13196 13304 D:\DJANGO\FINAL YEAR PROJECTS\Gatete Bertrand\backend\taskAssignmentApp\view_status.py changed, reloading.
INFO 2026-02-13 13:56:45,301 autoreload 14668 8340 Watching for file changes with StatReloader
INFO 2026-02-13 14:01:40,685 autoreload 14668 8340 D:\DJANGO\FINAL YEAR PROJECTS\Gatete Bertrand\backend\taskAssignmentApp\view_status.py changed, reloading.
INFO 2026-02-13 14:01:45,985 autoreload 12064 4408 Watching for file changes with StatReloader
INFO 2026-02-13 14:05:34,884 autoreload 12064 4408 D:\DJANGO\FINAL YEAR PROJECTS\Gatete Bertrand\backend\taskAssignmentApp\status_service.py changed, reloading.
INFO 2026-02-13 14:05:41,433 autoreload 4284 11068 Watching for file changes with StatReloader
INFO 2026-02-13 14:05:50,959 autoreload 4284 11068 D:\DJANGO\FINAL YEAR PROJECTS\Gatete Bertrand\backend\taskAssignmentApp\utils.py changed, reloading.
INFO 2026-02-13 14:05:55,081 autoreload 4216 12108 Watching for file changes with StatReloader
INFO 2026-02-13 14:06:08,639 autoreload 4216 12108 D:\DJANGO\FINAL YEAR PROJECTS\Gatete Bertrand\backend\taskAssignmentApp\view_status.py changed, reloading.
INFO 2026-02-13 14:06:12,530 autoreload 10944 15096 Watching for file changes with StatReloader
INFO 2026-02-13 14:08:50,671 autoreload 10944 15096 D:\DJANGO\FINAL YEAR PROJECTS\Gatete Bertrand\backend\taskAssignmentApp\status_service.py changed, reloading.
INFO 2026-02-13 14:08:57,659 autoreload 6880 5792 Watching for file changes with StatReloader
INFO 2026-02-13 14:10:00,232 autoreload 6880 5792 D:\DJANGO\FINAL YEAR PROJECTS\Gatete Bertrand\backend\taskAssignmentApp\models.py changed, reloading.
INFO 2026-02-13 14:10:06,719 autoreload 12852 11344 Watching for file changes with StatReloader
INFO 2026-02-13 14:10:15,062 autoreload 12852 11344 D:\DJANGO\FINAL YEAR PROJECTS\Gatete Bertrand\backend\taskAssignmentApp\models.py changed, reloading.
INFO 2026-02-13 14:10:21,431 autoreload 5648 5576 Watching for file changes with StatReloader
INFO 2026-02-13 14:10:42,031 autoreload 5648 5576 D:\DJANGO\FINAL YEAR PROJECTS\Gatete Bertrand\backend\taskAssignmentApp\models.py changed, reloading.
INFO 2026-02-13 14:10:49,956 autoreload 4224 15112 Watching for file changes with StatReloader
INFO 2026-02-13 14:11:07,183 autoreload 4224 15112 D:\DJANGO\FINAL YEAR PROJECTS\Gatete Bertrand\backend\taskAssignmentApp\models.py changed, reloading.
INFO 2026-02-13 14:11:11,746 autoreload 8864 10312 Watching for file changes with StatReloader
INFO 2026-02-13 14:11:19,939 autoreload 8864 10312 D:\DJANGO\FINAL YEAR PROJECTS\Gatete Bertrand\backend\taskAssignmentApp\models.py changed, reloading.
INFO 2026-02-13 14:11:23,891 autoreload 864 8572 Watching for file changes with StatReloader
INFO 2026-02-13 14:11:49,646 autoreload 864 8572 D:\DJANGO\FINAL YEAR PROJECTS\Gatete Bertrand\backend\taskAssignmentApp\models.py changed, reloading.
INFO 2026-02-13 14:11:57,358 autoreload 1768 14700 Watching for file changes with StatReloader
INFO 2026-02-13 14:12:14,753 basehttp 1768 7484 "POST /auth/login/ HTTP/1.1" 200 887
INFO 2026-02-13 14:12:29,770 basehttp 1768 7484 "GET /departments/all/ HTTP/1.1" 200 877
INFO 2026-02-13 14:12:29,935 basehttp 1768 7484 "GET /departments/all/ HTTP/1.1" 200 877
INFO 2026-02-13 14:12:29,997 basehttp 1768 12772 "GET /task/all/?page=1&limit=10 HTTP/1.1" 200 1316
INFO 2026-02-13 14:12:30,147 basehttp 1768 7484 "GET /task/all/?page=1&limit=10 HTTP/1.1" 200 1316
INFO 2026-02-13 14:12:30,413 basehttp 1768 12772 "GET /task-assignments/all/?page=1&limit=10 HTTP/1.1" 200 3040
INFO 2026-02-13 14:12:30,585 basehttp 1768 12772 "GET /users/?role=employee HTTP/1.1" 200 1169
INFO 2026-02-13 14:12:30,703 basehttp 1768 12772 "GET /users/ HTTP/1.1" 200 1169
INFO 2026-02-13 14:12:30,873 basehttp 1768 7484 "GET /task-assignments/all/?page=1&limit=10 HTTP/1.1" 200 3040
INFO 2026-02-13 14:12:31,023 basehttp 1768 7484 "GET /users/?role=employee HTTP/1.1" 200 1169
INFO 2026-02-13 14:12:31,188 basehttp 1768 7484 "GET /users/ HTTP/1.1" 200 1169
INFO 2026-02-13 14:12:35,226 basehttp 1768 7484 "GET /departments/2/employees/ HTTP/1.1" 200 517
INFO 2026-02-13 14:13:08,154 basehttp 1768 5740 "GET /auth/verify-token/ HTTP/1.1" 200 442
INFO 2026-02-13 14:13:08,350 basehttp 1768 5740 "GET /auth/verify-token/ HTTP/1.1" 200 442
INFO 2026-02-13 14:13:13,360 basehttp 1768 5740 "GET /departments/all/ HTTP/1.1" 200 877
INFO 2026-02-13 14:13:13,505 basehttp 1768 5740 "GET /departments/all/ HTTP/1.1" 200 877
INFO 2026-02-13 14:13:13,684 basehttp 1768 13632 "GET /task-assignments/my-assignments/ HTTP/1.1" 200 3040
INFO 2026-02-13 14:13:13,986 basehttp 1768 5740 "GET /task/all/?page=1&limit=10&id__in=4,3 HTTP/1.1" 200 1316
INFO 2026-02-13 14:13:14,293 basehttp 1768 13632 "GET /task-assignments/my-assignments/ HTTP/1.1" 200 3035
INFO 2026-02-13 14:13:14,544 basehttp 1768 5740 "GET /task-assignments/my-assignments/?page=1&limit=10 HTTP/1.1" 200 3040
INFO 2026-02-13 14:13:14,591 basehttp 1768 13632 "GET /task/all/?page=1&limit=10&id__in=4,3 HTTP/1.1" 200 1316
INFO 2026-02-13 14:13:14,949 basehttp 1768 13632 "GET /task-assignments/my-assignments/?page=1&limit=10 HTTP/1.1" 200 3032
INFO 2026-02-13 14:20:43,279 basehttp 1768 4204 "GET /auth/verify-token/ HTTP/1.1" 200 442
INFO 2026-02-13 14:20:43,380 basehttp 1768 4204 "GET /auth/verify-token/ HTTP/1.1" 200 442
INFO 2026-02-13 14:21:06,593 basehttp 1768 12716 "OPTIONS /auth/verify-token/ HTTP/1.1" 200 0
INFO 2026-02-13 14:21:06,694 basehttp 1768 14840 "OPTIONS /auth/verify-token/ HTTP/1.1" 200 0
INFO 2026-02-13 14:21:06,766 basehttp 1768 12716 "GET /auth/verify-token/ HTTP/1.1" 200 381
INFO 2026-02-13 14:21:06,909 basehttp 1768 14840 "GET /auth/verify-token/ HTTP/1.1" 200 381
INFO 2026-02-13 14:21:17,245 basehttp 1768 14840 "GET /departments/all/ HTTP/1.1" 200 877
INFO 2026-02-13 14:21:17,415 basehttp 1768 12716 "GET /departments/all/ HTTP/1.1" 200 877
INFO 2026-02-13 14:21:17,475 basehttp 1768 14840 "GET /task/all/?page=1&limit=10 HTTP/1.1" 200 1316
INFO 2026-02-13 14:21:17,653 basehttp 1768 12716 "GET /task/all/?page=1&limit=10 HTTP/1.1" 200 1316
INFO 2026-02-13 14:21:17,991 basehttp 1768 14840 "GET /task-assignments/all/?page=1&limit=10 HTTP/1.1" 200 3040
INFO 2026-02-13 14:21:18,152 basehttp 1768 14840 "GET /users/?role=employee HTTP/1.1" 200 1169
INFO 2026-02-13 14:21:18,378 basehttp 1768 14840 "GET /users/ HTTP/1.1" 200 1169
INFO 2026-02-13 14:21:18,568 basehttp 1768 12716 "GET /task-assignments/all/?page=1&limit=10 HTTP/1.1" 200 3032
INFO 2026-02-13 14:21:18,766 basehttp 1768 12716 "GET /users/?role=employee HTTP/1.1" 200 1169
INFO 2026-02-13 14:21:18,887 basehttp 1768 12716 "GET /users/ HTTP/1.1" 200 1169
INFO 2026-02-13 14:21:25,977 basehttp 1768 4204 "GET /departments/all/ HTTP/1.1" 200 877
INFO 2026-02-13 14:21:26,091 basehttp 1768 4204 "GET /departments/all/ HTTP/1.1" 200 877
INFO 2026-02-13 14:21:26,449 basehttp 1768 14760 "GET /task-assignments/my-assignments/ HTTP/1.1" 200 3035
INFO 2026-02-13 14:21:26,755 basehttp 1768 4204 "GET /task/all/?page=1&limit=10&id__in=4,3 HTTP/1.1" 200 1316
INFO 2026-02-13 14:21:27,530 basehttp 1768 14760 "GET /task-assignments/my-assignments/ HTTP/1.1" 200 3040
INFO 2026-02-13 14:21:27,745 basehttp 1768 4204 "GET /task-assignments/my-assignments/?page=1&limit=10 HTTP/1.1" 200 3040
INFO 2026-02-13 14:21:27,863 basehttp 1768 14760 "GET /task/all/?page=1&limit=10&id__in=4,3 HTTP/1.1" 200 1316
INFO 2026-02-13 14:21:28,619 basehttp 1768 14760 "GET /task-assignments/my-assignments/?page=1&limit=10 HTTP/1.1" 200 3036
INFO 2026-02-13 14:27:59,410 basehttp 1768 14144 "OPTIONS /task-assignments/11/transitions/ HTTP/1.1" 200 0
INFO 2026-02-13 14:27:59,444 basehttp 1768 14144 "GET /task-assignments/11/transitions/ HTTP/1.1" 200 258
INFO 2026-02-13 14:28:04,637 basehttp 1768 14144 "GET /auth/verify-token/ HTTP/1.1" 200 381
INFO 2026-02-13 14:28:05,026 basehttp 1768 6856 "GET /auth/verify-token/ HTTP/1.1" 200 381
INFO 2026-02-13 14:28:07,269 basehttp 1768 6856 "GET /departments/all/ HTTP/1.1" 200 877
INFO 2026-02-13 14:28:07,404 basehttp 1768 14144 "GET /departments/all/ HTTP/1.1" 200 877
INFO 2026-02-13 14:28:07,447 basehttp 1768 6856 "GET /task/all/?page=1&limit=10 HTTP/1.1" 200 1316
INFO 2026-02-13 14:28:07,598 basehttp 1768 14144 "GET /task/all/?page=1&limit=10 HTTP/1.1" 200 1316
INFO 2026-02-13 14:28:07,715 basehttp 1768 6856 "GET /task-assignments/all/?page=1&limit=10 HTTP/1.1" 200 3036
INFO 2026-02-13 14:28:08,412 basehttp 1768 6856 "GET /users/?role=employee HTTP/1.1" 200 1169
INFO 2026-02-13 14:28:08,470 basehttp 1768 14144 "GET /task-assignments/all/?page=1&limit=10 HTTP/1.1" 200 3040
INFO 2026-02-13 14:28:08,529 basehttp 1768 6856 "GET /users/ HTTP/1.1" 200 1169
INFO 2026-02-13 14:28:08,602 basehttp 1768 14144 "GET /users/?role=employee HTTP/1.1" 200 1169
INFO 2026-02-13 14:28:08,767 basehttp 1768 14144 "GET /users/ HTTP/1.1" 200 1169
INFO 2026-02-13 14:28:11,343 basehttp 1768 14144 "OPTIONS /task-assignments/10/transitions/ HTTP/1.1" 200 0
INFO 2026-02-13 14:28:11,380 basehttp 1768 14144 "GET /task-assignments/10/transitions/ HTTP/1.1" 200 224
INFO 2026-02-13 14:28:17,052 basehttp 1768 14544 "OPTIONS /task-assignments/11/transitions/ HTTP/1.1" 200 0
INFO 2026-02-13 14:28:17,080 basehttp 1768 14544 "GET /task-assignments/11/transitions/ HTTP/1.1" 200 221
INFO 2026-02-13 14:28:18,589 basehttp 1768 14544 "GET /task-assignments/11/transitions/ HTTP/1.1" 200 217
INFO 2026-02-13 14:28:20,615 basehttp 1768 14544 "OPTIONS /task-assignments/update-status/ HTTP/1.1" 200 0
WARNING 2026-02-13 14:28:20,672 basehttp 1768 14544 "POST /task-assignments/update-status/ HTTP/1.1" 403 93
INFO 2026-02-13 14:32:05,871 autoreload 1768 14700 D:\DJANGO\FINAL YEAR PROJECTS\Gatete Bertrand\backend\taskAssignmentApp\view_status.py changed, reloading.
INFO 2026-02-13 14:32:09,888 autoreload 1412 4796 Watching for file changes with StatReloader
INFO 2026-02-13 14:32:28,576 basehttp 1412 14624 "GET /task-assignments/11/transitions/ HTTP/1.1" 200 220
WARNING 2026-02-13 14:32:30,555 basehttp 1412 14624 "POST /task-assignments/update-status/ HTTP/1.1" 403 93
INFO 2026-02-13 14:34:54,283 basehttp 1412 14624 "GET /auth/verify-token/ HTTP/1.1" 200 442
INFO 2026-02-13 14:34:54,410 basehttp 1412 14624 "GET /auth/verify-token/ HTTP/1.1" 200 442
INFO 2026-02-13 14:34:56,838 basehttp 1412 14624 "GET /departments/all/ HTTP/1.1" 200 877
INFO 2026-02-13 14:34:56,950 basehttp 1412 14624 "GET /departments/all/ HTTP/1.1" 200 877
INFO 2026-02-13 14:34:57,653 basehttp 1412 3712 "GET /task-assignments/my-assignments/ HTTP/1.1" 200 3036
INFO 2026-02-13 14:34:57,918 basehttp 1412 14624 "GET /task/all/?page=1&limit=10&id__in=4,3 HTTP/1.1" 200 1316
INFO 2026-02-13 14:34:58,156 basehttp 1412 3712 "GET /task-assignments/my-assignments/ HTTP/1.1" 200 3040
INFO 2026-02-13 14:34:58,497 basehttp 1412 3712 "GET /task/all/?page=1&limit=10&id__in=4,3 HTTP/1.1" 200 1316
INFO 2026-02-13 14:34:58,598 basehttp 1412 14624 "GET /task-assignments/my-assignments/?page=1&limit=10 HTTP/1.1" 200 3028
INFO 2026-02-13 14:34:58,949 basehttp 1412 14624 "GET /task-assignments/my-assignments/?page=1&limit=10 HTTP/1.1" 200 3035
INFO 2026-02-13 14:35:02,251 basehttp 1412 14624 "GET /task-assignments/11/transitions/ HTTP/1.1" 200 221
WARNING 2026-02-13 14:35:03,620 basehttp 1412 14624 "POST /task-assignments/update-status/ HTTP/1.1" 403 93
INFO 2026-02-13 14:37:44,922 basehttp 1412 14624 "GET /auth/verify-token/ HTTP/1.1" 200 442
INFO 2026-02-13 14:37:45,355 basehttp 1412 14624 "GET /auth/verify-token/ HTTP/1.1" 200 442
INFO 2026-02-13 14:37:47,203 basehttp 1412 14624 "GET /departments/all/ HTTP/1.1" 200 877
INFO 2026-02-13 14:37:47,348 basehttp 1412 14624 "GET /departments/all/ HTTP/1.1" 200 877
INFO 2026-02-13 14:37:47,439 basehttp 1412 3712 "GET /task-assignments/my-assignments/ HTTP/1.1" 200 3030
INFO 2026-02-13 14:37:47,594 basehttp 1412 14624 "GET /task/all/?page=1&limit=10&id__in=4,3 HTTP/1.1" 200 1316
INFO 2026-02-13 14:37:48,025 basehttp 1412 3712 "GET /task-assignments/my-assignments/ HTTP/1.1" 200 3040
INFO 2026-02-13 14:37:48,122 basehttp 1412 14624 "GET /task-assignments/my-assignments/?page=1&limit=10 HTTP/1.1" 200 3040
INFO 2026-02-13 14:37:48,464 basehttp 1412 3712 "GET /task/all/?page=1&limit=10&id__in=4,3 HTTP/1.1" 200 1316
INFO 2026-02-13 14:37:48,869 basehttp 1412 3712 "GET /task-assignments/my-assignments/?page=1&limit=10 HTTP/1.1" 200 3028
INFO 2026-02-13 14:37:51,332 basehttp 1412 3712 "OPTIONS /task-assignments/10/transitions/ HTTP/1.1" 200 0
INFO 2026-02-13 14:37:51,458 basehttp 1412 3712 "GET /task-assignments/10/transitions/ HTTP/1.1" 200 187
WARNING 2026-02-13 14:37:54,830 basehttp 1412 3712 "POST /task-assignments/update-status/ HTTP/1.1" 403 93
INFO 2026-02-13 14:40:58,382 basehttp 1412 10900 "GET /task-assignments/11/transitions/ HTTP/1.1" 200 220
INFO 2026-02-13 14:41:06,747 basehttp 1412 10900 "GET /auth/verify-token/ HTTP/1.1" 200 442
INFO 2026-02-13 14:41:07,010 basehttp 1412 10900 "GET /auth/verify-token/ HTTP/1.1" 200 442
INFO 2026-02-13 14:41:14,650 basehttp 1412 10900 "GET /departments/all/ HTTP/1.1" 200 877
INFO 2026-02-13 14:41:14,785 basehttp 1412 10900 "GET /departments/all/ HTTP/1.1" 200 877
INFO 2026-02-13 14:41:15,148 basehttp 1412 11344 "GET /task-assignments/my-assignments/ HTTP/1.1" 200 3040
INFO 2026-02-13 14:41:15,367 basehttp 1412 10900 "GET /task/all/?page=1&limit=10&id__in=4,3 HTTP/1.1" 200 1316
INFO 2026-02-13 14:41:15,636 basehttp 1412 11344 "GET /task-assignments/my-assignments/ HTTP/1.1" 200 3040
INFO 2026-02-13 14:41:15,823 basehttp 1412 10900 "GET /task-assignments/my-assignments/?page=1&limit=10 HTTP/1.1" 200 3039
INFO 2026-02-13 14:41:16,079 basehttp 1412 11344 "GET /task/all/?page=1&limit=10&id__in=4,3 HTTP/1.1" 200 1316
INFO 2026-02-13 14:41:16,523 basehttp 1412 11344 "GET /task-assignments/my-assignments/?page=1&limit=10 HTTP/1.1" 200 3040
INFO 2026-02-13 14:41:24,023 basehttp 1412 11344 "GET /task-assignments/11/transitions/ HTTP/1.1" 200 221
WARNING 2026-02-13 14:41:25,361 basehttp 1412 11344 "POST /task-assignments/update-status/ HTTP/1.1" 403 93
INFO 2026-02-13 14:44:06,432 basehttp 1412 11344 "GET /auth/verify-token/ HTTP/1.1" 200 442
INFO 2026-02-13 14:44:06,669 basehttp 1412 11344 "GET /auth/verify-token/ HTTP/1.1" 200 442
INFO 2026-02-13 14:44:34,874 basehttp 1412 11344 "GET /departments/all/ HTTP/1.1" 200 877
INFO 2026-02-13 14:44:35,103 basehttp 1412 11344 "GET /departments/all/ HTTP/1.1" 200 877
INFO 2026-02-13 14:44:35,573 basehttp 1412 10900 "GET /task-assignments/my-assignments/ HTTP/1.1" 200 3040
INFO 2026-02-13 14:44:35,723 basehttp 1412 11344 "GET /task/all/?page=1&limit=10&id__in=4,3 HTTP/1.1" 200 1316
INFO 2026-02-13 14:44:36,121 basehttp 1412 10900 "GET /task-assignments/my-assignments/ HTTP/1.1" 200 3040
INFO 2026-02-13 14:44:36,385 basehttp 1412 11344 "GET /task-assignments/my-assignments/?page=1&limit=10 HTTP/1.1" 200 3039
INFO 2026-02-13 14:44:36,558 basehttp 1412 10900 "GET /task/all/?page=1&limit=10&id__in=4,3 HTTP/1.1" 200 1316
INFO 2026-02-13 14:44:36,864 basehttp 1412 10900 "GET /task-assignments/my-assignments/?page=1&limit=10 HTTP/1.1" 200 3040
INFO 2026-02-13 14:44:43,763 basehttp 1412 10900 "GET /task-assignments/10/transitions/ HTTP/1.1" 200 187
WARNING 2026-02-13 14:44:45,002 basehttp 1412 10900 "POST /task-assignments/update-status/ HTTP/1.1" 403 93
INFO 2026-02-13 14:45:04,751 basehttp 1412 10900 "GET /task-assignments/10/transitions/ HTTP/1.1" 200 187
WARNING 2026-02-13 14:45:06,855 basehttp 1412 10900 "POST /task-assignments/update-status/ HTTP/1.1" 403 93
INFO 2026-02-13 14:49:51,188 basehttp 1412 10900 "GET /auth/verify-token/ HTTP/1.1" 200 442
INFO 2026-02-13 14:49:51,318 basehttp 1412 10900 "GET /auth/verify-token/ HTTP/1.1" 200 442
INFO 2026-02-13 14:49:56,758 basehttp 1412 10900 "GET /departments/all/ HTTP/1.1" 200 877
INFO 2026-02-13 14:49:56,905 basehttp 1412 10900 "GET /departments/all/ HTTP/1.1" 200 877
INFO 2026-02-13 14:49:57,357 basehttp 1412 7376 "GET /task-assignments/my-assignments/ HTTP/1.1" 200 3040
INFO 2026-02-13 14:49:57,555 basehttp 1412 10900 "GET /task/all/?page=1&limit=10&id__in=4,3 HTTP/1.1" 200 1316
INFO 2026-02-13 14:49:57,752 basehttp 1412 7376 "GET /task-assignments/my-assignments/ HTTP/1.1" 200 3030
INFO 2026-02-13 14:49:57,994 basehttp 1412 7376 "GET /task/all/?page=1&limit=10&id__in=4,3 HTTP/1.1" 200 1316
INFO 2026-02-13 14:49:58,361 basehttp 1412 10900 "GET /task-assignments/my-assignments/?page=1&limit=10 HTTP/1.1" 200 3040
INFO 2026-02-13 14:49:58,911 basehttp 1412 10900 "GET /task-assignments/my-assignments/?page=1&limit=10 HTTP/1.1" 200 3040
INFO 2026-02-13 14:50:04,980 basehttp 1412 7376 "GET /task-assignments/my-assignments/ HTTP/1.1" 200 3035
INFO 2026-02-13 14:50:05,146 basehttp 1412 10900 "GET /task-assignments/my-assignments/?page=1&limit=10 HTTP/1.1" 200 3040
INFO 2026-02-13 14:50:05,217 basehttp 1412 7376 "GET /task/all/?page=1&limit=10&id__in=4,3 HTTP/1.1" 200 1316
INFO 2026-02-13 14:50:16,689 basehttp 1412 7376 "GET /task-assignments/my-assignments/ HTTP/1.1" 200 3040
INFO 2026-02-13 14:50:16,884 basehttp 1412 10900 "GET /task-assignments/my-assignments/?page=1&limit=10 HTTP/1.1" 200 3039
INFO 2026-02-13 14:50:17,119 basehttp 1412 7376 "GET /task/all/?page=1&limit=10&id__in=4,3 HTTP/1.1" 200 1316
INFO 2026-02-13 14:50:42,029 basehttp 1412 2320 "GET /auth/verify-token/ HTTP/1.1" 200 381
INFO 2026-02-13 14:50:42,334 basehttp 1412 3780 "GET /auth/verify-token/ HTTP/1.1" 200 381
INFO 2026-02-13 14:50:44,591 basehttp 1412 3780 "GET /departments/all/ HTTP/1.1" 200 877
INFO 2026-02-13 14:50:44,761 basehttp 1412 2320 "GET /departments/all/ HTTP/1.1" 200 877
INFO 2026-02-13 14:50:44,890 basehttp 1412 3780 "GET /task/all/?page=1&limit=10 HTTP/1.1" 200 1316
INFO 2026-02-13 14:50:45,045 basehttp 1412 2320 "GET /task/all/?page=1&limit=10 HTTP/1.1" 200 1316
INFO 2026-02-13 14:50:45,151 basehttp 1412 3780 "GET /task-assignments/all/?page=1&limit=10 HTTP/1.1" 200 3040
INFO 2026-02-13 14:50:45,305 basehttp 1412 3780 "GET /users/?role=employee HTTP/1.1" 200 1169
INFO 2026-02-13 14:50:45,481 basehttp 1412 3780 "GET /users/ HTTP/1.1" 200 1169
INFO 2026-02-13 14:50:45,658 basehttp 1412 2320 "GET /task-assignments/all/?page=1&limit=10 HTTP/1.1" 200 3040
INFO 2026-02-13 14:50:45,911 basehttp 1412 2320 "GET /users/?role=employee HTTP/1.1" 200 1169
INFO 2026-02-13 14:50:46,081 basehttp 1412 2320 "GET /users/ HTTP/1.1" 200 1169
INFO 2026-02-13 14:50:48,531 basehttp 1412 2320 "GET /task-assignments/11/transitions/ HTTP/1.1" 200 258
INFO 2026-02-13 14:51:09,630 basehttp 1412 2320 "OPTIONS /task-assignments/update-status/ HTTP/1.1" 200 0
WARNING 2026-02-13 14:51:09,965 basehttp 1412 2320 "POST /task-assignments/update-status/ HTTP/1.1" 403 93
INFO 2026-02-13 14:51:24,770 basehttp 1412 7376 "GET /auth/verify-token/ HTTP/1.1" 200 442
INFO 2026-02-13 14:51:25,058 basehttp 1412 7376 "GET /auth/verify-token/ HTTP/1.1" 200 442
INFO 2026-02-13 14:51:27,599 basehttp 1412 7376 "GET /auth/verify-token/ HTTP/1.1" 200 442
INFO 2026-02-13 14:51:27,963 basehttp 1412 7376 "GET /auth/verify-token/ HTTP/1.1" 200 442
INFO 2026-02-13 14:51:29,710 basehttp 1412 7376 "GET /departments/all/ HTTP/1.1" 200 877
INFO 2026-02-13 14:51:29,933 basehttp 1412 10900 "GET /task-assignments/my-assignments/ HTTP/1.1" 200 3040
INFO 2026-02-13 14:51:29,987 basehttp 1412 7376 "GET /departments/all/ HTTP/1.1" 200 877
INFO 2026-02-13 14:51:30,128 basehttp 1412 10900 "GET /task/all/?page=1&limit=10&id__in=4,3 HTTP/1.1" 200 1316
INFO 2026-02-13 14:51:30,339 basehttp 1412 7376 "GET /task-assignments/my-assignments/ HTTP/1.1" 200 3040
INFO 2026-02-13 14:51:30,560 basehttp 1412 7376 "GET /task/all/?page=1&limit=10&id__in=4,3 HTTP/1.1" 200 1316
INFO 2026-02-13 14:51:30,584 basehttp 1412 10900 "GET /task-assignments/my-assignments/?page=1&limit=10 HTTP/1.1" 200 3039
INFO 2026-02-13 14:51:30,764 basehttp 1412 10900 "GET /task-assignments/my-assignments/?page=1&limit=10 HTTP/1.1" 200 3035
INFO 2026-02-13 14:51:56,862 basehttp 1412 10900 "GET /auth/verify-token/ HTTP/1.1" 200 442
INFO 2026-02-13 14:51:57,050 basehttp 1412 10900 "GET /auth/verify-token/ HTTP/1.1" 200 442
INFO 2026-02-13 14:51:59,267 basehttp 1412 10900 "GET /departments/all/ HTTP/1.1" 200 877
INFO 2026-02-13 14:51:59,601 basehttp 1412 7376 "GET /task-assignments/my-assignments/ HTTP/1.1" 200 3040
INFO 2026-02-13 14:51:59,865 basehttp 1412 10900 "GET /departments/all/ HTTP/1.1" 200 877
INFO 2026-02-13 14:52:00,024 basehttp 1412 7376 "GET /task/all/?page=1&limit=10&id__in=4,3 HTTP/1.1" 200 1316
INFO 2026-02-13 14:52:00,156 basehttp 1412 10900 "GET /task-assignments/my-assignments/ HTTP/1.1" 200 3035
INFO 2026-02-13 14:52:00,268 basehttp 1412 7376 "GET /task-assignments/my-assignments/?page=1&limit=10 HTTP/1.1" 200 3040
INFO 2026-02-13 14:52:00,372 basehttp 1412 10900 "GET /task/all/?page=1&limit=10&id__in=4,3 HTTP/1.1" 200 1316
INFO 2026-02-13 14:52:00,588 basehttp 1412 10900 "GET /task-assignments/my-assignments/?page=1&limit=10 HTTP/1.1" 200 3032
INFO 2026-02-13 14:52:18,839 basehttp 1412 10900 "GET /auth/verify-token/ HTTP/1.1" 200 442
INFO 2026-02-13 14:52:18,995 basehttp 1412 10900 "GET /auth/verify-token/ HTTP/1.1" 200 442
INFO 2026-02-13 14:52:20,735 basehttp 1412 10900 "GET /departments/all/ HTTP/1.1" 200 877
INFO 2026-02-13 14:52:20,923 basehttp 1412 10900 "GET /departments/all/ HTTP/1.1" 200 877
INFO 2026-02-13 14:52:20,987 basehttp 1412 7376 "GET /task-assignments/my-assignments/ HTTP/1.1" 200 3040
INFO 2026-02-13 14:52:21,186 basehttp 1412 10900 "GET /task/all/?page=1&limit=10&id__in=4,3 HTTP/1.1" 200 1316
INFO 2026-02-13 14:52:21,254 basehttp 1412 7376 "GET /task-assignments/my-assignments/ HTTP/1.1" 200 3040
INFO 2026-02-13 14:52:21,395 basehttp 1412 10900 "GET /task-assignments/my-assignments/?page=1&limit=10 HTTP/1.1" 200 3040
INFO 2026-02-13 14:52:21,468 basehttp 1412 7376 "GET /task/all/?page=1&limit=10&id__in=4,3 HTTP/1.1" 200 1316
INFO 2026-02-13 14:52:22,357 basehttp 1412 7376 "GET /task-assignments/my-assignments/?page=1&limit=10 HTTP/1.1" 200 3040
INFO 2026-02-13 14:52:23,800 basehttp 1412 7376 "GET /task-assignments/11/transitions/ HTTP/1.1" 200 216
INFO 2026-02-13 14:52:26,452 basehttp 1412 7376 "GET /task-assignments/11/transitions/ HTTP/1.1" 200 221
WARNING 2026-02-13 14:52:27,605 basehttp 1412 7376 "POST /task-assignments/update-status/ HTTP/1.1" 403 93
INFO 2026-02-13 15:03:42,875 basehttp 1412 13044 "GET /departments/all/ HTTP/1.1" 200 877
INFO 2026-02-13 15:03:43,375 basehttp 1412 13044 "GET /task-assignments/my-assignments/ HTTP/1.1" 200 3039
INFO 2026-02-13 15:03:43,433 basehttp 1412 13080 "GET /departments/all/ HTTP/1.1" 200 877
INFO 2026-02-13 15:03:43,657 basehttp 1412 13044 "GET /task/all/?page=1&limit=10&id__in=4,3 HTTP/1.1" 200 1316
INFO 2026-02-13 15:03:43,702 basehttp 1412 13080 "GET /task/all/?page=1&limit=10 HTTP/1.1" 200 1316
INFO 2026-02-13 15:03:44,390 basehttp 1412 13044 "GET /task-assignments/my-assignments/?page=1&limit=10 HTTP/1.1" 200 3040
INFO 2026-02-13 15:03:44,575 basehttp 1412 13080 "GET /task-assignments/all/?page=1&limit=10 HTTP/1.1" 200 3040
INFO 2026-02-13 15:03:45,130 basehttp 1412 13080 "GET /users/?role=employee HTTP/1.1" 200 1169
INFO 2026-02-13 15:03:45,942 basehttp 1412 13080 "GET /users/ HTTP/1.1" 200 1169
INFO 2026-02-13 15:05:26,803 basehttp 1412 13044 "GET /auth/verify-token/ HTTP/1.1" 200 442
INFO 2026-02-13 15:05:27,065 basehttp 1412 13044 "GET /auth/verify-token/ HTTP/1.1" 200 442
INFO 2026-02-13 15:05:28,899 basehttp 1412 13044 "GET /departments/all/ HTTP/1.1" 200 877
INFO 2026-02-13 15:05:29,045 basehttp 1412 13044 "GET /departments/all/ HTTP/1.1" 200 877
INFO 2026-02-13 15:05:29,210 basehttp 1412 5348 "GET /task-assignments/my-assignments/ HTTP/1.1" 200 3040
INFO 2026-02-13 15:05:29,457 basehttp 1412 13044 "GET /task/all/?page=1&limit=10&id__in=4,3 HTTP/1.1" 200 1316
INFO 2026-02-13 15:05:29,920 basehttp 1412 13044 "GET /task-assignments/my-assignments/?page=1&limit=10 HTTP/1.1" 200 3032
INFO 2026-02-13 15:05:30,203 basehttp 1412 5348 "GET /task-assignments/my-assignments/ HTTP/1.1" 200 3028
INFO 2026-02-13 15:05:30,432 basehttp 1412 5348 "GET /task/all/?page=1&limit=10&id__in=4,3 HTTP/1.1" 200 1316
INFO 2026-02-13 15:05:30,708 basehttp 1412 5348 "GET /task-assignments/my-assignments/?page=1&limit=10 HTTP/1.1" 200 3040
INFO 2026-02-13 15:05:31,978 basehttp 1412 5348 "GET /task-assignments/11/transitions/ HTTP/1.1" 200 220
WARNING 2026-02-13 15:05:49,174 basehttp 1412 5348 "POST /task-assignments/update-status/ HTTP/1.1" 403 93
INFO 2026-02-13 15:06:10,310 basehttp 1412 5348 "GET /task-assignments/11/transitions/ HTTP/1.1" 200 213
WARNING 2026-02-13 15:06:15,698 basehttp 1412 5348 "POST /task-assignments/update-status/ HTTP/1.1" 403 93
INFO 2026-02-13 15:07:11,715 basehttp 1412 13044 "GET /task-assignments/my-assignments/ HTTP/1.1" 200 3039
INFO 2026-02-13 15:07:11,750 basehttp 1412 5348 "GET /task-assignments/my-assignments/?page=1&limit=10 HTTP/1.1" 200 3040
INFO 2026-02-13 15:07:11,863 basehttp 1412 13044 "GET /task/all/?page=1&limit=10&id__in=4,3 HTTP/1.1" 200 1316
INFO 2026-02-13 15:07:17,309 basehttp 1412 13080 "GET /task-assignments/11/transitions/ HTTP/1.1" 200 258
INFO 2026-02-13 15:07:24,531 basehttp 1412 13080 "POST /task-assignments/update-status/ HTTP/1.1" 200 1903
INFO 2026-02-13 15:07:25,164 basehttp 1412 13080 "GET /task-assignments/all/?page=1&limit=10 HTTP/1.1" 200 3342
INFO 2026-02-13 15:08:13,810 basehttp 1412 13080 "OPTIONS /performance/my-performance/?days=30 HTTP/1.1" 200 0
INFO 2026-02-13 15:08:13,821 basehttp 1412 14120 "OPTIONS /performance/my-performance/?days=30 HTTP/1.1" 200 0
INFO 2026-02-13 15:08:13,873 basehttp 1412 2780 "OPTIONS /performance/my-performance/?days=30 HTTP/1.1" 200 0
INFO 2026-02-13 15:08:13,939 basehttp 1412 1440 "OPTIONS /performance/my-performance/?days=30 HTTP/1.1" 200 0
INFO 2026-02-13 15:08:14,301 basehttp 1412 14120 "GET /performance/my-performance/?days=30 HTTP/1.1" 200 4180
INFO 2026-02-13 15:08:14,712 basehttp 1412 1440 "GET /performance/my-performance/?days=30 HTTP/1.1" 200 4180
INFO 2026-02-13 15:08:15,057 basehttp 1412 14120 "GET /performance/my-performance/?days=30 HTTP/1.1" 200 4180
INFO 2026-02-13 15:08:15,380 basehttp 1412 1440 "GET /performance/my-performance/?days=30 HTTP/1.1" 200 4180
INFO 2026-02-13 15:08:20,588 basehttp 1412 1440 "OPTIONS /performance/all/?days=30&page=1&limit=12&sort_by=completion_rate&sort_order=desc HTTP/1.1" 200 0
INFO 2026-02-13 15:08:20,914 basehttp 1412 1440 "GET /performance/all/?days=30&page=1&limit=12&sort_by=completion_rate&sort_order=desc HTTP/1.1" 200 975
INFO 2026-02-13 15:08:27,548 basehttp 1412 13044 "OPTIONS /performance/my-performance/?days=30 HTTP/1.1" 200 0
INFO 2026-02-13 15:08:27,548 basehttp 1412 5348 "OPTIONS /performance/my-performance/?days=30 HTTP/1.1" 200 0
INFO 2026-02-13 15:08:27,984 basehttp 1412 5348 "GET /performance/my-performance/?days=30 HTTP/1.1" 200 3693
INFO 2026-02-13 15:08:28,414 basehttp 1412 13044 "GET /performance/my-performance/?days=30 HTTP/1.1" 200 3693
INFO 2026-02-13 15:08:28,846 basehttp 1412 5348 "GET /performance/my-performance/?days=30 HTTP/1.1" 200 3693
INFO 2026-02-13 15:08:29,268 basehttp 1412 13044 "GET /performance/my-performance/?days=30 HTTP/1.1" 200 3693
INFO 2026-02-13 15:08:41,738 basehttp 1412 13044 "GET /departments/all/ HTTP/1.1" 200 877
INFO 2026-02-13 15:08:41,850 basehttp 1412 13044 "GET /departments/all/ HTTP/1.1" 200 877
INFO 2026-02-13 15:08:41,931 basehttp 1412 5348 "GET /task-assignments/my-assignments/ HTTP/1.1" 200 3337
INFO 2026-02-13 15:08:42,088 basehttp 1412 13044 "GET /task/all/?page=1&limit=10&id__in=4,3 HTTP/1.1" 200 1316
INFO 2026-02-13 15:08:42,199 basehttp 1412 5348 "GET /task-assignments/my-assignments/ HTTP/1.1" 200 3342
INFO 2026-02-13 15:08:42,306 basehttp 1412 13044 "GET /task-assignments/my-assignments/?page=1&limit=10 HTTP/1.1" 200 3341
INFO 2026-02-13 15:08:42,381 basehttp 1412 5348 "GET /task/all/?page=1&limit=10&id__in=4,3 HTTP/1.1" 200 1316
INFO 2026-02-13 15:08:42,913 basehttp 1412 5348 "GET /task-assignments/my-assignments/?page=1&limit=10 HTTP/1.1" 200 3337
INFO 2026-02-13 15:08:47,537 basehttp 1412 5348 "GET /performance/my-performance/?days=30 HTTP/1.1" 200 3693
INFO 2026-02-13 15:08:48,048 basehttp 1412 5348 "GET /performance/my-performance/?days=30 HTTP/1.1" 200 3693
INFO 2026-02-13 15:08:48,425 basehttp 1412 13044 "GET /performance/my-performance/?days=30 HTTP/1.1" 200 3693
INFO 2026-02-13 15:08:48,833 basehttp 1412 5348 "GET /performance/my-performance/?days=30 HTTP/1.1" 200 3693
INFO 2026-02-13 15:08:57,203 basehttp 1412 5348 "GET /performance/my-performance/?days=30 HTTP/1.1" 200 3693
INFO 2026-02-13 15:08:57,631 basehttp 1412 13044 "GET /performance/my-performance/?days=30 HTTP/1.1" 200 3693
INFO 2026-02-13 15:08:58,148 basehttp 1412 5348 "GET /performance/my-performance/?days=30 HTTP/1.1" 200 3693
INFO 2026-02-13 15:08:58,515 basehttp 1412 13044 "GET /performance/my-performance/?days=30 HTTP/1.1" 200 3693
INFO 2026-02-13 15:09:37,553 basehttp 1412 5676 "OPTIONS /departments/all/ HTTP/1.1" 200 0
INFO 2026-02-13 15:09:37,594 basehttp 1412 10344 "OPTIONS /departments/all/ HTTP/1.1" 200 0
INFO 2026-02-13 15:09:37,797 basehttp 1412 5676 "GET /departments/all/ HTTP/1.1" 200 877
INFO 2026-02-13 15:09:37,936 basehttp 1412 10344 "GET /departments/all/ HTTP/1.1" 200 877
INFO 2026-02-13 15:09:37,986 basehttp 1412 5676 "GET /task/all/?page=1&limit=10 HTTP/1.1" 200 1316
INFO 2026-02-13 15:09:38,370 basehttp 1412 5676 "GET /task-assignments/all/?page=1&limit=10 HTTP/1.1" 200 3341
INFO 2026-02-13 15:09:38,471 basehttp 1412 10344 "GET /task/all/?page=1&limit=10 HTTP/1.1" 200 1316
INFO 2026-02-13 15:09:38,502 basehttp 1412 5676 "GET /users/?role=employee HTTP/1.1" 200 1169
INFO 2026-02-13 15:09:38,662 basehttp 1412 10344 "GET /users/ HTTP/1.1" 200 1169
INFO 2026-02-13 15:09:38,790 basehttp 1412 5676 "GET /task-assignments/all/?page=1&limit=10 HTTP/1.1" 200 3338
INFO 2026-02-13 15:09:39,018 basehttp 1412 5676 "GET /users/?role=employee HTTP/1.1" 200 1169
INFO 2026-02-13 15:09:39,163 basehttp 1412 5676 "GET /users/ HTTP/1.1" 200 1169
INFO 2026-02-13 15:09:44,985 basehttp 1412 5676 "GET /departments/2/employees/ HTTP/1.1" 200 517
INFO 2026-02-13 15:10:05,297 basehttp 1412 5676 "OPTIONS /task-assignments/modify/ HTTP/1.1" 200 0
INFO 2026-02-13 15:10:05,933 basehttp 1412 5676 "PUT /task-assignments/modify/ HTTP/1.1" 200 1832
INFO 2026-02-13 15:10:06,107 basehttp 1412 5676 "GET /task-assignments/all/?page=1&limit=10 HTTP/1.1" 200 3305
INFO 2026-02-13 15:10:11,677 basehttp 1412 14820 "GET /departments/all/ HTTP/1.1" 200 877
INFO 2026-02-13 15:10:11,811 basehttp 1412 14820 "GET /departments/all/ HTTP/1.1" 200 877
INFO 2026-02-13 15:10:12,123 basehttp 1412 10252 "GET /task-assignments/my-assignments/ HTTP/1.1" 200 3301
INFO 2026-02-13 15:10:12,137 basehttp 1412 14820 "OPTIONS /task/all/?page=1&limit=10&id__in=3,4 HTTP/1.1" 200 0
INFO 2026-02-13 15:10:12,301 basehttp 1412 14820 "GET /task/all/?page=1&limit=10&id__in=3,4 HTTP/1.1" 200 1316
INFO 2026-02-13 15:10:12,399 basehttp 1412 10252 "GET /task-assignments/my-assignments/ HTTP/1.1" 200 3300
INFO 2026-02-13 15:10:12,485 basehttp 1412 14820 "GET /task-assignments/my-assignments/?page=1&limit=10 HTTP/1.1" 200 3305
INFO 2026-02-13 15:10:12,775 basehttp 1412 10252 "GET /task/all/?page=1&limit=10&id__in=3,4 HTTP/1.1" 200 1316
INFO 2026-02-13 15:10:13,155 basehttp 1412 10252 "GET /task-assignments/my-assignments/?page=1&limit=10 HTTP/1.1" 200 3305
INFO 2026-02-13 15:10:13,769 basehttp 1412 10252 "GET /performance/my-performance/?days=30 HTTP/1.1" 200 3693
INFO 2026-02-13 15:10:14,141 basehttp 1412 14820 "GET /performance/my-performance/?days=30 HTTP/1.1" 200 3693
INFO 2026-02-13 15:10:14,576 basehttp 1412 10252 "GET /performance/my-performance/?days=30 HTTP/1.1" 200 3693
INFO 2026-02-13 15:10:15,036 basehttp 1412 14820 "GET /performance/my-performance/?days=30 HTTP/1.1" 200 3693
INFO 2026-02-13 15:11:05,789 basehttp 1412 5676 "GET /performance/my-performance/?days=30 HTTP/1.1" 200 4180
INFO 2026-02-13 15:11:06,200 basehttp 1412 10344 "GET /performance/my-performance/?days=30 HTTP/1.1" 200 4180
INFO 2026-02-13 15:11:06,554 basehttp 1412 5676 "GET /performance/my-performance/?days=30 HTTP/1.1" 200 4180
INFO 2026-02-13 15:11:06,943 basehttp 1412 10344 "GET /performance/my-performance/?days=30 HTTP/1.1" 200 4180
INFO 2026-02-13 15:11:12,656 basehttp 1412 10344 "GET /performance/all/?days=30&page=1&limit=12&sort_by=completion_rate&sort_order=desc HTTP/1.1" 200 975
INFO 2026-02-13 15:11:21,803 basehttp 1412 10344 "OPTIONS /performance/organization/?days=30 HTTP/1.1" 200 0
INFO 2026-02-13 15:11:21,803 basehttp 1412 5676 "OPTIONS /performance/departments/summaries/?days=30 HTTP/1.1" 200 0
INFO 2026-02-13 15:11:22,302 basehttp 1412 10344 "GET /performance/departments/summaries/?days=30 HTTP/1.1" 200 794
INFO 2026-02-13 15:11:22,433 basehttp 1412 5676 "GET /performance/organization/?days=30 HTTP/1.1" 200 1825
INFO 2026-02-13 15:23:25,707 basehttp 1412 6744 "GET /departments/all/ HTTP/1.1" 200 877
INFO 2026-02-13 15:23:25,826 basehttp 1412 6744 "GET /departments/all/ HTTP/1.1" 200 877
INFO 2026-02-13 15:23:25,951 basehttp 1412 7444 "GET /task-assignments/my-assignments/ HTTP/1.1" 200 3306
INFO 2026-02-13 15:23:26,183 basehttp 1412 6744 "GET /task/all/?page=1&limit=10&id__in=3,4 HTTP/1.1" 200 1316
INFO 2026-02-13 15:23:26,783 basehttp 1412 7444 "GET /task-assignments/my-assignments/ HTTP/1.1" 200 3305
INFO 2026-02-13 15:23:27,000 basehttp 1412 6744 "GET /task-assignments/my-assignments/?page=1&limit=10 HTTP/1.1" 200 3300
INFO 2026-02-13 15:23:27,143 basehttp 1412 7444 "GET /task/all/?page=1&limit=10&id__in=3,4 HTTP/1.1" 200 1316
INFO 2026-02-13 15:23:27,337 basehttp 1412 7444 "GET /task-assignments/my-assignments/?page=1&limit=10 HTTP/1.1" 200 3300
INFO 2026-02-13 15:24:48,850 basehttp 1412 7444 "GET /performance/my-performance/?days=30 HTTP/1.1" 200 3693
INFO 2026-02-13 15:24:49,205 basehttp 1412 6744 "GET /performance/my-performance/?days=30 HTTP/1.1" 200 3693
INFO 2026-02-13 15:24:49,662 basehttp 1412 7444 "GET /performance/my-performance/?days=30 HTTP/1.1" 200 3693
INFO 2026-02-13 15:24:50,028 basehttp 1412 6744 "GET /performance/my-performance/?days=30 HTTP/1.1" 200 3693
INFO 2026-02-13 15:27:39,521 basehttp 1412 6744 "GET /departments/all/ HTTP/1.1" 200 877
INFO 2026-02-13 15:27:39,859 basehttp 1412 6744 "GET /departments/all/ HTTP/1.1" 200 877
INFO 2026-02-13 15:27:39,959 basehttp 1412 7444 "GET /task-assignments/my-assignments/ HTTP/1.1" 200 3300
INFO 2026-02-13 15:27:40,208 basehttp 1412 6744 "GET /task/all/?page=1&limit=10&id__in=3,4 HTTP/1.1" 200 1316
INFO 2026-02-13 15:27:40,286 basehttp 1412 7444 "GET /task-assignments/my-assignments/ HTTP/1.1" 200 3305
INFO 2026-02-13 15:27:40,461 basehttp 1412 6744 "GET /task-assignments/my-assignments/?page=1&limit=10 HTTP/1.1" 200 3305
INFO 2026-02-13 15:27:40,552 basehttp 1412 7444 "GET /task/all/?page=1&limit=10&id__in=3,4 HTTP/1.1" 200 1316
INFO 2026-02-13 15:27:40,862 basehttp 1412 7444 "GET /task-assignments/my-assignments/?page=1&limit=10 HTTP/1.1" 200 3306
INFO 2026-02-13 15:28:44,244 basehttp 1412 3180 "GET /departments/all/ HTTP/1.1" 200 877
INFO 2026-02-13 15:28:44,492 basehttp 1412 3180 "GET /departments/all/ HTTP/1.1" 200 877
INFO 2026-02-13 15:28:44,670 basehttp 1412 14360 "GET /task/all/?page=1&limit=10 HTTP/1.1" 200 1316
INFO 2026-02-13 15:28:45,274 basehttp 1412 14360 "GET /task/all/?page=1&limit=10 HTTP/1.1" 200 1316
INFO 2026-02-13 15:28:45,886 basehttp 1412 3180 "GET /task-assignments/all/?page=1&limit=10 HTTP/1.1" 200 3305
INFO 2026-02-13 15:28:46,333 basehttp 1412 3180 "GET /users/?role=employee HTTP/1.1" 200 1169
INFO 2026-02-13 15:28:46,698 basehttp 1412 3180 "GET /users/ HTTP/1.1" 200 1169
INFO 2026-02-13 15:28:47,180 basehttp 1412 14360 "GET /task-assignments/all/?page=1&limit=10 HTTP/1.1" 200 3305
INFO 2026-02-13 15:28:47,498 basehttp 1412 14360 "GET /users/?role=employee HTTP/1.1" 200 1169
INFO 2026-02-13 15:28:47,756 basehttp 1412 14360 "GET /users/ HTTP/1.1" 200 1169
INFO 2026-02-13 15:29:00,536 basehttp 1412 14360 "GET /task-assignments/10/transitions/ HTTP/1.1" 200 224
INFO 2026-02-13 15:29:20,726 basehttp 1412 14360 "POST /task-assignments/update-status/ HTTP/1.1" 200 1804
INFO 2026-02-13 15:29:21,151 basehttp 1412 14360 "GET /task-assignments/all/?page=1&limit=10 HTTP/1.1" 200 3538
INFO 2026-02-13 15:29:38,361 basehttp 1412 14360 "GET /departments/2/employees/ HTTP/1.1" 200 517
INFO 2026-02-13 15:58:48,477 autoreload 1412 4796 D:\DJANGO\FINAL YEAR PROJECTS\Gatete Bertrand\backend\activityApp\models.py changed, reloading.
INFO 2026-02-13 15:58:53,125 autoreload 13524 13044 Watching for file changes with StatReloader
INFO 2026-02-13 15:59:33,113 autoreload 13524 13044 D:\DJANGO\FINAL YEAR PROJECTS\Gatete Bertrand\backend\activityApp\models.py changed, reloading.
INFO 2026-02-13 15:59:36,664 autoreload 10292 9956 Watching for file changes with StatReloader
INFO 2026-02-13 16:04:04,716 autoreload 10292 9956 D:\DJANGO\FINAL YEAR PROJECTS\Gatete Bertrand\backend\activityApp\models.py changed, reloading.
INFO 2026-02-13 16:04:07,850 autoreload 6008 13304 Watching for file changes with StatReloader
INFO 2026-02-13 16:06:14,959 autoreload 6008 13304 D:\DJANGO\FINAL YEAR PROJECTS\Gatete Bertrand\backend\backend\urls.py changed, reloading.
INFO 2026-02-13 16:06:28,832 autoreload 14260 14224 Watching for file changes with StatReloader
INFO 2026-02-13 16:06:44,893 autoreload 14260 14224 D:\DJANGO\FINAL YEAR PROJECTS\Gatete Bertrand\backend\backend\settings.py changed, reloading.
INFO 2026-02-13 16:06:55,192 autoreload 3004 10744 Watching for file changes with StatReloader
INFO 2026-02-13 16:09:40,712 autoreload 7948 13788 Watching for file changes with StatReloader
INFO 2026-02-13 16:19:12,769 autoreload 7948 13788 D:\DJANGO\FINAL YEAR PROJECTS\Gatete Bertrand\backend\activityApp\models.py changed, reloading.
INFO 2026-02-13 16:19:16,063 autoreload 11976 5240 Watching for file changes with StatReloader
INFO 2026-02-13 16:26:12,401 basehttp 11976 13340 "OPTIONS /shift/shifts/ HTTP/1.1" 200 0
INFO 2026-02-13 16:26:12,408 basehttp 11976 14892 "OPTIONS /shift/shifts/ HTTP/1.1" 200 0
WARNING 2026-02-13 16:26:12,467 basehttp 11976 13340 "GET /shift/shifts/ HTTP/1.1" 404 9760
INFO 2026-02-13 16:26:12,508 basehttp 11976 14892 "OPTIONS /request/all/? HTTP/1.1" 200 0
WARNING 2026-02-13 16:26:12,543 basehttp 11976 14892 "GET /shift/shifts/ HTTP/1.1" 404 9760
INFO 2026-02-13 16:26:13,644 basehttp 11976 13804 "GET /request/all/? HTTP/1.1" 200 25
INFO 2026-02-13 16:26:13,675 basehttp 11976 13804 "OPTIONS /users/ HTTP/1.1" 200 0
INFO 2026-02-13 16:26:14,517 basehttp 11976 14892 "GET /request/all/? HTTP/1.1" 200 25
ERROR 2026-02-13 16:26:15,197 basehttp 11976 13804 "GET /users/ HTTP/1.1" 500 453033
ERROR 2026-02-13 16:26:15,789 basehttp 11976 14892 "GET /users/ HTTP/1.1" 500 453033
INFO 2026-02-13 16:33:17,886 basehttp 11976 15224 "GET /request/all/? HTTP/1.1" 200 25
ERROR 2026-02-13 16:33:18,502 basehttp 11976 15224 "GET /users/ HTTP/1.1" 500 453063
INFO 2026-02-13 16:33:18,600 basehttp 11976 15224 "OPTIONS /request/stats/ HTTP/1.1" 200 0
INFO 2026-02-13 16:33:18,680 basehttp 11976 15224 "GET /request/stats/ HTTP/1.1" 200 79
INFO 2026-02-13 16:35:58,251 autoreload 11976 5240 D:\DJANGO\FINAL YEAR PROJECTS\Gatete Bertrand\backend\requestApp\views.py changed, reloading.
INFO 2026-02-13 16:36:02,554 autoreload 7492 9780 Watching for file changes with StatReloader
INFO 2026-02-13 16:36:10,801 basehttp 7492 3344 "OPTIONS /auth/verify-token/ HTTP/1.1" 200 0
INFO 2026-02-13 16:36:10,892 basehttp 7492 1188 "OPTIONS /auth/verify-token/ HTTP/1.1" 200 0
ERROR 2026-02-13 16:36:12,588 basehttp 7492 1188 "GET /auth/verify-token/ HTTP/1.1" 500 452421
ERROR 2026-02-13 16:36:13,104 basehttp 7492 3344 "GET /auth/verify-token/ HTTP/1.1" 500 452421
INFO 2026-02-13 16:36:14,372 basehttp 7492 3344 "OPTIONS /auth/logout/ HTTP/1.1" 200 0
ERROR 2026-02-13 16:36:15,305 basehttp 7492 3344 "POST /auth/logout/ HTTP/1.1" 500 453752
ERROR 2026-02-13 16:36:15,490 basehttp 7492 1188 "POST /auth/logout/ HTTP/1.1" 500 453752
INFO 2026-02-13 16:40:57,216 autoreload 2836 4248 Watching for file changes with StatReloader
INFO 2026-02-13 16:41:41,163 basehttp 2836 10832 "OPTIONS /auth/login/ HTTP/1.1" 200 0
INFO 2026-02-13 16:41:45,825 basehttp 2836 10832 "POST /auth/login/ HTTP/1.1" 200 887
INFO 2026-02-13 16:42:15,609 basehttp 2836 10832 "GET /request/all/? HTTP/1.1" 200 25
INFO 2026-02-13 16:42:15,858 basehttp 2836 7172 "GET /users/ HTTP/1.1" 200 1169
INFO 2026-02-13 16:42:15,895 basehttp 2836 10832 "GET /request/all/? HTTP/1.1" 200 25
INFO 2026-02-13 16:42:16,099 basehttp 2836 10832 "GET /users/ HTTP/1.1" 200 1169
INFO 2026-02-13 16:42:16,225 basehttp 2836 7172 "GET /request/stats/ HTTP/1.1" 200 79
INFO 2026-02-13 16:42:16,404 basehttp 2836 10832 "GET /request/stats/ HTTP/1.1" 200 79
INFO 2026-02-13 16:42:25,500 basehttp 2836 4220 "OPTIONS /request/my-requests/? HTTP/1.1" 200 0
INFO 2026-02-13 16:42:25,504 basehttp 2836 7140 "OPTIONS /request/my-requests/? HTTP/1.1" 200 0
INFO 2026-02-13 16:42:26,103 basehttp 2836 7140 "GET /request/my-requests/? HTTP/1.1" 200 25
INFO 2026-02-13 16:42:26,309 basehttp 2836 7140 "GET /request/my-requests/? HTTP/1.1" 200 25
INFO 2026-02-13 16:42:45,656 basehttp 2836 7140 "OPTIONS /request/create/ HTTP/1.1" 200 0
ERROR 2026-02-13 16:42:45,712 basehttp 2836 7140 "POST /request/create/ HTTP/1.1" 500 126
INFO 2026-02-13 16:44:54,824 autoreload 2836 4248 D:\DJANGO\FINAL YEAR PROJECTS\Gatete Bertrand\backend\userApp\models.py changed, reloading.
INFO 2026-02-13 16:45:01,929 autoreload 10628 10676 Watching for file changes with StatReloader
INFO 2026-02-13 16:45:36,385 autoreload 10628 10676 D:\DJANGO\FINAL YEAR PROJECTS\Gatete Bertrand\backend\userApp\models.py changed, reloading.
INFO 2026-02-13 16:45:39,319 autoreload 5764 9296 Watching for file changes with StatReloader
INFO 2026-02-13 16:46:05,023 autoreload 5764 9296 D:\DJANGO\FINAL YEAR PROJECTS\Gatete Bertrand\backend\userApp\models.py changed, reloading.
INFO 2026-02-13 16:46:11,766 autoreload 6956 1972 Watching for file changes with StatReloader
INFO 2026-02-13 16:47:11,849 autoreload 6956 1972 D:\DJANGO\FINAL YEAR PROJECTS\Gatete Bertrand\backend\userApp\serializers.py changed, reloading.
INFO 2026-02-13 16:47:21,885 autoreload 4240 9480 Watching for file changes with StatReloader
INFO 2026-02-13 16:51:29,655 autoreload 4240 9480 D:\DJANGO\FINAL YEAR PROJECTS\Gatete Bertrand\backend\userApp\models.py changed, reloading.
INFO 2026-02-13 16:51:39,731 autoreload 8340 2012 Watching for file changes with StatReloader
INFO 2026-02-13 16:52:06,699 autoreload 8340 2012 D:\DJANGO\FINAL YEAR PROJECTS\Gatete Bertrand\backend\userApp\serializers.py changed, reloading.
INFO 2026-02-13 16:52:20,388 autoreload 6572 8388 Watching for file changes with StatReloader
INFO 2026-02-13 16:53:48,062 autoreload 6572 8388 D:\DJANGO\FINAL YEAR PROJECTS\Gatete Bertrand\backend\userApp\urls.py changed, reloading.
INFO 2026-02-13 16:53:57,368 autoreload 5388 11688 Watching for file changes with StatReloader
INFO 2026-02-13 16:54:03,707 autoreload 5388 11688 D:\DJANGO\FINAL YEAR PROJECTS\Gatete Bertrand\backend\userApp\urls.py changed, reloading.
INFO 2026-02-13 16:54:08,618 autoreload 14780 10024 Watching for file changes with StatReloader
INFO 2026-02-13 16:59:26,853 autoreload 14780 10024 D:\DJANGO\FINAL YEAR PROJECTS\Gatete Bertrand\backend\activityApp\models.py changed, reloading.
INFO 2026-02-13 17:00:45,911 autoreload 4768 14996 Watching for file changes with StatReloader
INFO 2026-02-13 17:08:29,229 basehttp 4768 14484 "OPTIONS /day-offs/statistics/ HTTP/1.1" 200 0
INFO 2026-02-13 17:08:29,265 basehttp 4768 15220 "OPTIONS /day-offs/statistics/ HTTP/1.1" 200 0
INFO 2026-02-13 17:08:31,454 basehttp 4768 3792 "GET /departments/all/ HTTP/1.1" 200 877
INFO 2026-02-13 17:08:31,477 basehttp 4768 14484 "GET /day-offs/statistics/ HTTP/1.1" 200 1672
INFO 2026-02-13 17:08:31,504 basehttp 4768 14204 "GET /users/ HTTP/1.1" 200 1220
INFO 2026-02-13 17:08:31,837 basehttp 4768 15220 "GET /departments/all/ HTTP/1.1" 200 877
INFO 2026-02-13 17:08:31,886 basehttp 4768 3792 "GET /day-offs/statistics/ HTTP/1.1" 200 1672
INFO 2026-02-13 17:08:31,900 basehttp 4768 14484 "GET /users/ HTTP/1.1" 200 1220
INFO 2026-02-13 17:13:10,897 basehttp 4768 13236 "OPTIONS /departments/all/ HTTP/1.1" 200 0
INFO 2026-02-13 17:13:11,048 basehttp 4768 6924 "GET /users/ HTTP/1.1" 200 1220
INFO 2026-02-13 17:13:11,087 basehttp 4768 13236 "GET /departments/all/ HTTP/1.1" 200 877
INFO 2026-02-13 17:13:11,159 basehttp 4768 12716 "GET /day-offs/statistics/ HTTP/1.1" 200 1672
INFO 2026-02-13 17:15:37,842 basehttp 4768 12716 "GET /users/ HTTP/1.1" 200 1220
INFO 2026-02-13 17:15:37,984 basehttp 4768 13236 "GET /departments/all/ HTTP/1.1" 200 877
INFO 2026-02-13 17:15:38,113 basehttp 4768 6924 "GET /day-offs/statistics/ HTTP/1.1" 200 1672
INFO 2026-02-13 17:18:06,861 basehttp 4768 6924 "OPTIONS /users/3/update/ HTTP/1.1" 200 0
INFO 2026-02-13 17:18:07,179 basehttp 4768 6924 "PUT /users/3/update/ HTTP/1.1" 200 504
INFO 2026-02-13 17:18:07,497 basehttp 4768 6924 "GET /users/ HTTP/1.1" 200 1220
INFO 2026-02-13 17:18:07,577 basehttp 4768 13236 "GET /day-offs/statistics/ HTTP/1.1" 200 1672
INFO 2026-02-13 17:19:25,905 basehttp 4768 13236 "OPTIONS /user/3/day-off/update/ HTTP/1.1" 200 0
INFO 2026-02-13 17:19:26,277 basehttp 4768 13236 "PUT /user/3/day-off/update/ HTTP/1.1" 200 186
INFO 2026-02-13 17:19:26,475 basehttp 4768 13236 "GET /users/ HTTP/1.1" 200 1222
INFO 2026-02-13 17:19:27,003 basehttp 4768 6924 "GET /day-offs/statistics/ HTTP/1.1" 200 1674
INFO 2026-02-13 17:19:37,940 basehttp 4768 6924 "OPTIONS /user/4/day-off/update/ HTTP/1.1" 200 0
INFO 2026-02-13 17:19:38,166 basehttp 4768 6924 "PUT /user/4/day-off/update/ HTTP/1.1" 200 186
INFO 2026-02-13 17:19:38,351 basehttp 4768 6924 "GET /users/ HTTP/1.1" 200 1224
INFO 2026-02-13 17:19:38,444 basehttp 4768 13236 "GET /day-offs/statistics/ HTTP/1.1" 200 1676
INFO 2026-02-13 17:20:07,955 basehttp 4768 13236 "OPTIONS /users/1/update/ HTTP/1.1" 200 0
INFO 2026-02-13 17:20:08,188 basehttp 4768 13236 "PUT /users/1/update/ HTTP/1.1" 200 443
INFO 2026-02-13 17:20:08,429 basehttp 4768 13236 "GET /users/ HTTP/1.1" 200 1224
INFO 2026-02-13 17:20:08,489 basehttp 4768 6924 "GET /day-offs/statistics/ HTTP/1.1" 200 1676
INFO 2026-02-13 17:21:15,256 basehttp 4768 6924 "GET /request/all/? HTTP/1.1" 200 25
INFO 2026-02-13 17:21:15,444 basehttp 4768 13236 "GET /request/all/? HTTP/1.1" 200 25
INFO 2026-02-13 17:21:15,532 basehttp 4768 6924 "GET /users/ HTTP/1.1" 200 1224
INFO 2026-02-13 17:21:15,718 basehttp 4768 6924 "GET /users/ HTTP/1.1" 200 1224
INFO 2026-02-13 17:21:15,810 basehttp 4768 13236 "GET /request/stats/ HTTP/1.1" 200 79
INFO 2026-02-13 17:21:16,209 basehttp 4768 6924 "GET /request/stats/ HTTP/1.1" 200 79
ERROR 2026-02-13 17:21:24,425 basehttp 4768 11028 "POST /request/create/ HTTP/1.1" 500 134
INFO 2026-02-13 17:22:21,747 autoreload 4768 14996 D:\DJANGO\FINAL YEAR PROJECTS\Gatete Bertrand\backend\requestApp\serializers.py changed, reloading.
INFO 2026-02-13 17:22:28,825 autoreload 13608 4528 Watching for file changes with StatReloader
ERROR 2026-02-13 17:22:38,528 basehttp 13608 6592 "POST /request/create/ HTTP/1.1" 500 189
INFO 2026-02-13 17:27:54,498 autoreload 13608 4528 D:\DJANGO\FINAL YEAR PROJECTS\Gatete Bertrand\backend\requestApp\serializers.py changed, reloading.
INFO 2026-02-13 17:27:57,028 autoreload 3916 9776 Watching for file changes with StatReloader
INFO 2026-02-13 17:29:30,917 autoreload 3916 9776 D:\DJANGO\FINAL YEAR PROJECTS\Gatete Bertrand\backend\requestApp\views.py changed, reloading.
INFO 2026-02-13 17:29:43,555 autoreload 14328 13444 Watching for file changes with StatReloader
INFO 2026-02-13 17:30:27,671 autoreload 14328 13444 D:\DJANGO\FINAL YEAR PROJECTS\Gatete Bertrand\backend\requestApp\views.py changed, reloading.
INFO 2026-02-13 17:30:30,702 autoreload 14200 14924 Watching for file changes with StatReloader
ERROR 2026-02-13 17:30:39,749 basehttp 14200 10944 "POST /request/create/ HTTP/1.1" 500 269
INFO 2026-02-13 17:34:14,060 autoreload 14200 14924 D:\DJANGO\FINAL YEAR PROJECTS\Gatete Bertrand\backend\requestApp\serializers.py changed, reloading.
INFO 2026-02-13 17:34:21,084 autoreload 14060 12108 Watching for file changes with StatReloader
INFO 2026-02-13 17:34:42,365 basehttp 14060 11368 "OPTIONS /auth/verify-token/ HTTP/1.1" 200 0
INFO 2026-02-13 17:34:42,380 basehttp 14060 11532 "OPTIONS /auth/verify-token/ HTTP/1.1" 200 0
INFO 2026-02-13 17:34:43,478 basehttp 14060 11368 "GET /auth/verify-token/ HTTP/1.1" 200 461
INFO 2026-02-13 17:34:43,906 basehttp 14060 11368 "GET /auth/verify-token/ HTTP/1.1" 200 461
INFO 2026-02-13 17:34:46,243 basehttp 14060 11368 "GET /request/my-requests/? HTTP/1.1" 200 1674
INFO 2026-02-13 17:34:46,782 basehttp 14060 11368 "GET /request/my-requests/? HTTP/1.1" 200 1674
INFO 2026-02-13 17:35:21,290 basehttp 14060 14584 "GET /auth/verify-token/ HTTP/1.1" 200 398
INFO 2026-02-13 17:35:21,613 basehttp 14060 3164 "GET /auth/verify-token/ HTTP/1.1" 200 398
INFO 2026-02-13 17:35:34,775 basehttp 14060 3164 "GET /request/all/? HTTP/1.1" 200 1674
INFO 2026-02-13 17:35:35,201 basehttp 14060 3164 "GET /users/ HTTP/1.1" 200 1224
INFO 2026-02-13 17:35:35,456 basehttp 14060 3164 "GET /request/stats/ HTTP/1.1" 200 90
INFO 2026-02-13 17:35:35,572 basehttp 14060 14584 "GET /request/all/? HTTP/1.1" 200 1674
INFO 2026-02-13 17:35:35,877 basehttp 14060 14584 "GET /users/ HTTP/1.1" 200 1224
INFO 2026-02-13 17:35:36,089 basehttp 14060 14584 "GET /request/stats/ HTTP/1.1" 200 90
INFO 2026-02-13 17:35:41,183 basehttp 14060 14584 "OPTIONS /request/1/delete/ HTTP/1.1" 200 0
INFO 2026-02-13 17:35:45,300 basehttp 14060 14584 "DELETE /request/1/delete/ HTTP/1.1" 200 199
INFO 2026-02-13 17:35:45,543 basehttp 14060 14584 "GET /request/all/? HTTP/1.1" 200 849
INFO 2026-02-13 17:35:45,856 basehttp 14060 14584 "GET /request/stats/ HTTP/1.1" 200 90
INFO 2026-02-13 17:46:53,158 basehttp 14060 14024 "GET /request/my-requests/? HTTP/1.1" 200 849
INFO 2026-02-13 17:46:53,353 basehttp 14060 1524 "GET /request/all/? HTTP/1.1" 200 849
INFO 2026-02-13 17:46:53,769 basehttp 14060 1524 "GET /users/ HTTP/1.1" 200 1224
INFO 2026-02-13 17:46:54,184 basehttp 14060 1524 "GET /request/stats/ HTTP/1.1" 200 90
INFO 2026-02-13 17:47:06,203 basehttp 14060 14024 "GET /auth/verify-token/ HTTP/1.1" 200 461
INFO 2026-02-13 17:47:06,405 basehttp 14060 14024 "GET /auth/verify-token/ HTTP/1.1" 200 461
INFO 2026-02-13 17:47:09,284 basehttp 14060 14024 "GET /request/my-requests/? HTTP/1.1" 200 849
INFO 2026-02-13 17:47:09,435 basehttp 14060 14024 "GET /request/my-requests/? HTTP/1.1" 200 849
INFO 2026-02-13 17:47:26,479 basehttp 14060 1524 "GET /auth/verify-token/ HTTP/1.1" 200 398
INFO 2026-02-13 17:47:26,633 basehttp 14060 1524 "GET /auth/verify-token/ HTTP/1.1" 200 398
INFO 2026-02-13 17:47:29,204 basehttp 14060 1524 "GET /departments/all/ HTTP/1.1" 200 877
INFO 2026-02-13 17:47:29,216 basehttp 14060 1524 "OPTIONS /task/all/?page=1&limit=10 HTTP/1.1" 200 0
INFO 2026-02-13 17:47:29,778 basehttp 14060 11132 "GET /departments/all/ HTTP/1.1" 200 877
INFO 2026-02-13 17:47:29,863 basehttp 14060 1524 "GET /task/all/?page=1&limit=10 HTTP/1.1" 200 1316
INFO 2026-02-13 17:47:29,958 basehttp 14060 1524 "OPTIONS /task-assignments/all/?page=1&limit=10 HTTP/1.1" 200 0
INFO 2026-02-13 17:47:30,105 basehttp 14060 11132 "GET /task/all/?page=1&limit=10 HTTP/1.1" 200 1316
INFO 2026-02-13 17:47:30,424 basehttp 14060 1524 "GET /task-assignments/all/?page=1&limit=10 HTTP/1.1" 200 3539
INFO 2026-02-13 17:47:30,451 basehttp 14060 1524 "OPTIONS /users/?role=employee HTTP/1.1" 200 0
INFO 2026-02-13 17:47:30,584 basehttp 14060 1524 "GET /users/?role=employee HTTP/1.1" 200 1224
INFO 2026-02-13 17:47:30,691 basehttp 14060 11132 "GET /task-assignments/all/?page=1&limit=10 HTTP/1.1" 200 3533
INFO 2026-02-13 17:47:30,857 basehttp 14060 1524 "GET /users/ HTTP/1.1" 200 1224
INFO 2026-02-13 17:47:30,908 basehttp 14060 11132 "GET /users/?role=employee HTTP/1.1" 200 1224
INFO 2026-02-13 17:47:31,132 basehttp 14060 11132 "GET /users/ HTTP/1.1" 200 1224
INFO 2026-02-13 17:47:32,889 basehttp 14060 11132 "GET /request/all/? HTTP/1.1" 200 849
INFO 2026-02-13 17:47:33,085 basehttp 14060 1524 "GET /request/all/? HTTP/1.1" 200 849
INFO 2026-02-13 17:47:33,198 basehttp 14060 11132 "GET /users/ HTTP/1.1" 200 1224
INFO 2026-02-13 17:47:33,335 basehttp 14060 1524 "GET /users/ HTTP/1.1" 200 1224
INFO 2026-02-13 17:47:33,378 basehttp 14060 11132 "GET /request/stats/ HTTP/1.1" 200 90
INFO 2026-02-13 17:47:33,520 basehttp 14060 1524 "GET /request/stats/ HTTP/1.1" 200 90
INFO 2026-02-13 17:58:28,543 basehttp 14060 14932 "GET /auth/verify-token/ HTTP/1.1" 200 461
INFO 2026-02-13 17:58:28,788 basehttp 14060 14932 "GET /auth/verify-token/ HTTP/1.1" 200 461
INFO 2026-02-13 17:58:31,493 basehttp 14060 14932 "GET /auth/verify-token/ HTTP/1.1" 200 461
INFO 2026-02-13 17:58:31,814 basehttp 14060 14932 "GET /auth/verify-token/ HTTP/1.1" 200 461
INFO 2026-02-13 17:58:33,419 basehttp 14060 14932 "GET /request/my-requests/? HTTP/1.1" 200 849
INFO 2026-02-13 17:58:33,630 basehttp 14060 14932 "GET /request/my-requests/? HTTP/1.1" 200 849
INFO 2026-02-13 17:58:59,052 basehttp 14060 9444 "GET /auth/verify-token/ HTTP/1.1" 200 398
INFO 2026-02-13 17:58:59,311 basehttp 14060 9444 "GET /auth/verify-token/ HTTP/1.1" 200 398
INFO 2026-02-13 17:59:02,631 basehttp 14060 9444 "GET /auth/verify-token/ HTTP/1.1" 200 398
INFO 2026-02-13 17:59:02,781 basehttp 14060 908 "GET /auth/verify-token/ HTTP/1.1" 200 398
INFO 2026-02-13 17:59:04,977 basehttp 14060 908 "GET /request/all/? HTTP/1.1" 200 849
INFO 2026-02-13 17:59:05,260 basehttp 14060 9444 "GET /request/all/? HTTP/1.1" 200 849
INFO 2026-02-13 17:59:05,321 basehttp 14060 908 "GET /users/ HTTP/1.1" 200 1224
INFO 2026-02-13 17:59:05,619 basehttp 14060 9444 "GET /users/ HTTP/1.1" 200 1224
INFO 2026-02-13 17:59:06,230 basehttp 14060 908 "GET /request/stats/ HTTP/1.1" 200 90
INFO 2026-02-13 17:59:06,415 basehttp 14060 9444 "GET /request/stats/ HTTP/1.1" 200 90
INFO 2026-02-13 17:59:52,037 basehttp 14060 14932 "GET /auth/verify-token/ HTTP/1.1" 200 461
INFO 2026-02-13 17:59:52,595 basehttp 14060 14932 "GET /auth/verify-token/ HTTP/1.1" 200 461
INFO 2026-02-13 17:59:55,355 basehttp 14060 14932 "OPTIONS /auth/logout/ HTTP/1.1" 200 0
INFO 2026-02-13 17:59:56,125 basehttp 14060 14932 "POST /auth/logout/ HTTP/1.1" 200 37
INFO 2026-02-13 17:59:57,905 basehttp 14060 14932 "OPTIONS /auth/login/ HTTP/1.1" 200 0
INFO 2026-02-13 18:00:01,807 basehttp 14060 14932 "POST /auth/login/ HTTP/1.1" 200 967
INFO 2026-02-13 18:00:04,245 basehttp 14060 14932 "GET /request/my-requests/? HTTP/1.1" 200 849
INFO 2026-02-13 18:00:04,493 basehttp 14060 14932 "GET /request/my-requests/? HTTP/1.1" 200 849
INFO 2026-02-13 18:01:02,721 basehttp 14060 9444 "OPTIONS /request/all/?user_id=1 HTTP/1.1" 200 0
INFO 2026-02-13 18:01:03,005 basehttp 14060 9444 "GET /request/all/?user_id=1 HTTP/1.1" 200 25
INFO 2026-02-13 18:01:03,674 basehttp 14060 9444 "GET /request/all/?user_id=1 HTTP/1.1" 200 25
INFO 2026-02-13 18:01:05,777 basehttp 14060 9444 "GET /request/all/?user_id=1 HTTP/1.1" 200 25
INFO 2026-02-13 18:01:08,471 basehttp 14060 9444 "GET /request/all/? HTTP/1.1" 200 849
INFO 2026-02-13 18:01:13,728 basehttp 14060 9444 "OPTIONS /request/all/?user_id=4 HTTP/1.1" 200 0
INFO 2026-02-13 18:01:13,881 basehttp 14060 9444 "GET /request/all/?user_id=4 HTTP/1.1" 200 25
INFO 2026-02-13 18:01:17,265 basehttp 14060 9444 "OPTIONS /request/all/?user_id=3 HTTP/1.1" 200 0
INFO 2026-02-13 18:01:17,553 basehttp 14060 9444 "GET /request/all/?user_id=3 HTTP/1.1" 200 849
INFO 2026-02-13 18:01:24,659 basehttp 14060 9444 "OPTIONS /request/all/?status=approved&user_id=3 HTTP/1.1" 200 0
INFO 2026-02-13 18:01:24,896 basehttp 14060 9444 "GET /request/all/?status=approved&user_id=3 HTTP/1.1" 200 25
INFO 2026-02-13 18:01:27,968 basehttp 14060 9444 "GET /request/all/?user_id=3 HTTP/1.1" 200 849
INFO 2026-02-13 18:01:29,349 basehttp 14060 9444 "GET /request/all/?user_id=3 HTTP/1.1" 200 849
INFO 2026-02-13 18:01:32,878 basehttp 14060 9444 "GET /request/all/? HTTP/1.1" 200 849
INFO 2026-02-13 18:01:33,414 basehttp 14060 9444 "GET /request/stats/ HTTP/1.1" 200 90
INFO 2026-02-13 18:01:36,167 basehttp 14060 9444 "GET /request/all/? HTTP/1.1" 200 849
INFO 2026-02-13 18:01:36,425 basehttp 14060 9444 "GET /request/stats/ HTTP/1.1" 200 90
INFO 2026-02-13 18:04:05,092 basehttp 14060 14420 "GET /auth/verify-token/ HTTP/1.1" 200 461
INFO 2026-02-13 18:04:09,780 basehttp 14060 14420 "GET /auth/verify-token/ HTTP/1.1" 200 461
INFO 2026-02-13 18:04:21,664 basehttp 14060 304 "GET /auth/verify-token/ HTTP/1.1" 200 398
INFO 2026-02-13 18:04:24,407 basehttp 14060 304 "GET /auth/verify-token/ HTTP/1.1" 200 398
INFO 2026-02-13 18:04:54,813 basehttp 14060 14420 "GET /request/my-requests/? HTTP/1.1" 200 849
INFO 2026-02-13 18:04:55,022 basehttp 14060 14420 "GET /request/my-requests/? HTTP/1.1" 200 849
INFO 2026-02-13 18:05:14,553 basehttp 14060 14420 "OPTIONS /request/my-requests/?status=pending HTTP/1.1" 200 0
INFO 2026-02-13 18:05:14,741 basehttp 14060 14420 "GET /request/my-requests/?status=pending HTTP/1.1" 200 849
INFO 2026-02-13 18:05:16,563 basehttp 14060 14420 "GET /request/my-requests/?status=pending HTTP/1.1" 200 849
INFO 2026-02-13 18:05:21,813 basehttp 14060 14420 "GET /auth/verify-token/ HTTP/1.1" 200 461
INFO 2026-02-13 18:05:22,105 basehttp 14060 14420 "GET /auth/verify-token/ HTTP/1.1" 200 461
INFO 2026-02-13 18:05:24,988 basehttp 14060 14420 "GET /request/my-requests/? HTTP/1.1" 200 849
INFO 2026-02-13 18:05:25,210 basehttp 14060 14420 "GET /request/my-requests/? HTTP/1.1" 200 849
INFO 2026-02-13 18:05:27,383 basehttp 14060 14420 "GET /request/my-requests/?status=pending HTTP/1.1" 200 849
INFO 2026-02-13 18:05:34,597 basehttp 14060 304 "GET /departments/all/ HTTP/1.1" 200 877
INFO 2026-02-13 18:05:34,803 basehttp 14060 304 "GET /departments/all/ HTTP/1.1" 200 877
INFO 2026-02-13 18:05:34,921 basehttp 14060 8592 "GET /task/all/?page=1&limit=10 HTTP/1.1" 200 1316
INFO 2026-02-13 18:05:35,870 basehttp 14060 8592 "GET /task-assignments/all/?page=1&limit=10 HTTP/1.1" 200 3538
INFO 2026-02-13 18:05:35,965 basehttp 14060 304 "GET /task/all/?page=1&limit=10 HTTP/1.1" 200 1316
INFO 2026-02-13 18:05:36,190 basehttp 14060 8592 "GET /users/?role=employee HTTP/1.1" 200 1224
INFO 2026-02-13 18:05:36,393 basehttp 14060 304 "GET /task-assignments/all/?page=1&limit=10 HTTP/1.1" 200 3538
INFO 2026-02-13 18:05:36,446 basehttp 14060 8592 "GET /users/ HTTP/1.1" 200 1224
INFO 2026-02-13 18:05:36,717 basehttp 14060 304 "GET /users/?role=employee HTTP/1.1" 200 1224
INFO 2026-02-13 18:05:36,956 basehttp 14060 304 "GET /users/ HTTP/1.1" 200 1224
INFO 2026-02-13 18:05:42,033 basehttp 14060 304 "GET /request/all/? HTTP/1.1" 200 849
INFO 2026-02-13 18:05:42,617 basehttp 14060 8592 "GET /request/all/? HTTP/1.1" 200 849
INFO 2026-02-13 18:05:42,686 basehttp 14060 304 "GET /users/ HTTP/1.1" 200 1224
INFO 2026-02-13 18:05:43,113 basehttp 14060 8592 "GET /users/ HTTP/1.1" 200 1224
INFO 2026-02-13 18:05:43,181 basehttp 14060 304 "GET /request/stats/ HTTP/1.1" 200 90
INFO 2026-02-13 18:05:43,412 basehttp 14060 8592 "GET /request/stats/ HTTP/1.1" 200 90
INFO 2026-02-13 18:05:47,587 basehttp 14060 8592 "OPTIONS /request/2/delete/ HTTP/1.1" 200 0
INFO 2026-02-13 18:05:48,108 basehttp 14060 8592 "DELETE /request/2/delete/ HTTP/1.1" 200 199
INFO 2026-02-13 18:05:48,401 basehttp 14060 8592 "GET /request/all/? HTTP/1.1" 200 25
INFO 2026-02-13 18:05:48,668 basehttp 14060 8592 "GET /request/stats/ HTTP/1.1" 200 79
INFO 2026-02-13 18:05:51,910 basehttp 14060 14420 "GET /request/my-requests/?status=pending HTTP/1.1" 200 25
INFO 2026-02-13 18:06:02,495 basehttp 14060 14420 "POST /request/create/ HTTP/1.1" 201 859
INFO 2026-02-13 18:06:02,678 basehttp 14060 14420 "GET /request/my-requests/? HTTP/1.1" 200 848
INFO 2026-02-13 18:06:02,714 basehttp 14060 14420 "OPTIONS /request/stats/ HTTP/1.1" 200 0
WARNING 2026-02-13 18:06:02,864 basehttp 14060 14420 "GET /request/stats/ HTTP/1.1" 403 106
INFO 2026-02-13 18:12:37,413 basehttp 14060 11100 "GET /auth/verify-token/ HTTP/1.1" 200 398
INFO 2026-02-13 18:12:37,657 basehttp 14060 11100 "GET /auth/verify-token/ HTTP/1.1" 200 398
INFO 2026-02-13 18:12:40,195 basehttp 14060 11100 "GET /request/all/? HTTP/1.1" 200 848
INFO 2026-02-13 18:12:40,871 basehttp 14060 11100 "GET /users/ HTTP/1.1" 200 1224
INFO 2026-02-13 18:12:41,029 basehttp 14060 10960 "GET /request/all/? HTTP/1.1" 200 848
INFO 2026-02-13 18:12:41,144 basehttp 14060 11100 "GET /request/stats/ HTTP/1.1" 200 92
INFO 2026-02-13 18:12:41,333 basehttp 14060 10960 "GET /users/ HTTP/1.1" 200 1224
INFO 2026-02-13 18:12:41,600 basehttp 14060 10960 "GET /request/stats/ HTTP/1.1" 200 92
INFO 2026-02-13 18:20:33,824 basehttp 14060 15836 "GET /request/my-requests/? HTTP/1.1" 200 848
INFO 2026-02-13 18:20:33,824 basehttp 14060 15988 "GET /request/all/? HTTP/1.1" 200 848
INFO 2026-02-13 18:20:34,054 basehttp 14060 15836 "GET /request/my-requests/?status=pending HTTP/1.1" 200 848
INFO 2026-02-13 18:20:34,241 basehttp 14060 15988 "GET /users/ HTTP/1.1" 200 1224
INFO 2026-02-13 18:20:35,054 basehttp 14060 15988 "GET /request/stats/ HTTP/1.1" 200 92
INFO 2026-02-13 18:20:38,503 basehttp 14060 15836 "GET /auth/verify-token/ HTTP/1.1" 200 461
INFO 2026-02-13 18:20:38,714 basehttp 14060 15836 "GET /auth/verify-token/ HTTP/1.1" 200 461
INFO 2026-02-13 18:20:41,293 basehttp 14060 15836 "GET /request/my-requests/? HTTP/1.1" 200 848
INFO 2026-02-13 18:20:41,528 basehttp 14060 15836 "GET /request/my-requests/? HTTP/1.1" 200 848
INFO 2026-02-13 18:20:41,612 basehttp 14060 13772 "GET /request/my-requests/?status=pending HTTP/1.1" 200 848
INFO 2026-02-13 18:20:41,799 basehttp 14060 13772 "GET /request/my-requests/?status=pending HTTP/1.1" 200 848
INFO 2026-02-13 18:21:25,931 basehttp 14060 15404 "OPTIONS /auth/login/ HTTP/1.1" 200 0
INFO 2026-02-13 18:21:29,402 basehttp 14060 15404 "POST /auth/login/ HTTP/1.1" 200 904
INFO 2026-02-13 18:21:35,382 basehttp 14060 15404 "OPTIONS /request/all/? HTTP/1.1" 200 0
INFO 2026-02-13 18:21:35,699 basehttp 14060 15404 "GET /request/all/? HTTP/1.1" 200 848
INFO 2026-02-13 18:21:35,755 basehttp 14060 11272 "OPTIONS /users/ HTTP/1.1" 200 0
INFO 2026-02-13 18:21:35,859 basehttp 14060 15404 "GET /request/all/? HTTP/1.1" 200 848
INFO 2026-02-13 18:21:35,895 basehttp 14060 11272 "GET /users/ HTTP/1.1" 200 1224
INFO 2026-02-13 18:21:35,960 basehttp 14060 15404 "OPTIONS /request/stats/ HTTP/1.1" 200 0
INFO 2026-02-13 18:21:36,316 basehttp 14060 15404 "GET /request/stats/ HTTP/1.1" 200 92
INFO 2026-02-13 18:21:36,489 basehttp 14060 11272 "GET /users/ HTTP/1.1" 200 1224
INFO 2026-02-13 18:21:36,766 basehttp 14060 11272 "GET /request/stats/ HTTP/1.1" 200 92
INFO 2026-02-13 18:24:09,148 basehttp 14060 11272 "OPTIONS /request/3/approve/ HTTP/1.1" 200 0
ERROR 2026-02-13 18:24:09,854 basehttp 14060 11272 "POST /request/3/approve/ HTTP/1.1" 500 187
INFO 2026-02-13 18:25:10,593 autoreload 14060 12108 D:\DJANGO\FINAL YEAR PROJECTS\Gatete Bertrand\backend\userApp\models.py changed, reloading.
INFO 2026-02-13 18:25:28,421 autoreload 5344 14268 Watching for file changes with StatReloader
INFO 2026-02-13 18:26:05,310 autoreload 5344 14268 D:\DJANGO\FINAL YEAR PROJECTS\Gatete Bertrand\backend\userApp\serializers.py changed, reloading.
INFO 2026-02-13 18:26:26,347 autoreload 12432 9488 Watching for file changes with StatReloader
INFO 2026-02-13 18:27:19,503 autoreload 7096 8916 Watching for file changes with StatReloader
INFO 2026-02-13 18:27:57,251 basehttp 7096 6900 "OPTIONS /auth/verify-token/ HTTP/1.1" 200 0
INFO 2026-02-13 18:27:57,287 basehttp 7096 3424 "OPTIONS /auth/verify-token/ HTTP/1.1" 200 0
INFO 2026-02-13 18:27:59,897 basehttp 7096 3424 "GET /auth/verify-token/ HTTP/1.1" 200 461
INFO 2026-02-13 18:28:00,076 basehttp 7096 3424 "GET /auth/verify-token/ HTTP/1.1" 200 461
INFO 2026-02-13 18:28:03,488 basehttp 7096 3424 "OPTIONS /request/my-requests/? HTTP/1.1" 200 0
INFO 2026-02-13 18:28:03,489 basehttp 7096 6900 "OPTIONS /request/my-requests/? HTTP/1.1" 200 0
INFO 2026-02-13 18:28:03,728 basehttp 7096 6900 "GET /request/my-requests/? HTTP/1.1" 200 885
INFO 2026-02-13 18:28:03,777 basehttp 7096 3424 "OPTIONS /request/my-requests/?status=pending HTTP/1.1" 200 0
INFO 2026-02-13 18:28:03,928 basehttp 7096 6900 "GET /request/my-requests/? HTTP/1.1" 200 885
INFO 2026-02-13 18:28:04,069 basehttp 7096 3424 "GET /request/my-requests/?status=pending HTTP/1.1" 200 25
INFO 2026-02-13 18:28:04,298 basehttp 7096 3424 "GET /request/my-requests/?status=pending HTTP/1.1" 200 25
INFO 2026-02-13 18:28:47,387 basehttp 7096 3424 "GET /request/my-requests/?status=pending HTTP/1.1" 200 25
INFO 2026-02-13 18:29:07,440 basehttp 7096 3424 "GET /request/my-requests/?status=pending HTTP/1.1" 200 25
INFO 2026-02-13 18:29:14,168 basehttp 7096 3424 "OPTIONS /request/create/ HTTP/1.1" 200 0
INFO 2026-02-13 18:29:14,604 basehttp 7096 3424 "POST /request/create/ HTTP/1.1" 201 854
INFO 2026-02-13 18:29:14,784 basehttp 7096 3424 "GET /request/my-requests/? HTTP/1.1" 200 1704
INFO 2026-02-13 18:29:14,990 basehttp 7096 3424 "GET /request/my-requests/?status=pending HTTP/1.1" 200 843
INFO 2026-02-13 18:29:21,846 basehttp 7096 3424 "GET /request/my-requests/?status=pending HTTP/1.1" 200 843
INFO 2026-02-13 18:29:23,332 basehttp 7096 3424 "GET /request/my-requests/?status=pending HTTP/1.1" 200 843
INFO 2026-02-13 18:35:20,426 basehttp 7096 6848 "GET /request/all/? HTTP/1.1" 200 1704
INFO 2026-02-13 18:35:20,518 basehttp 7096 15836 "GET /request/my-requests/? HTTP/1.1" 200 1704
INFO 2026-02-13 18:35:20,858 basehttp 7096 15836 "GET /request/my-requests/?status=pending HTTP/1.1" 200 843
INFO 2026-02-13 18:35:20,890 basehttp 7096 6848 "GET /users/ HTTP/1.1" 200 1224
INFO 2026-02-13 18:35:21,581 basehttp 7096 6848 "GET /request/stats/ HTTP/1.1" 200 105
INFO 2026-02-13 18:35:58,432 basehttp 7096 15836 "GET /request/my-requests/?status=pending HTTP/1.1" 200 843
INFO 2026-02-13 18:36:13,478 basehttp 7096 15836 "OPTIONS /departments/all/ HTTP/1.1" 200 0
INFO 2026-02-13 18:36:14,327 basehttp 7096 15836 "GET /departments/all/ HTTP/1.1" 200 877
INFO 2026-02-13 18:36:14,403 basehttp 7096 652 "OPTIONS /task-assignments/my-assignments/ HTTP/1.1" 200 0
INFO 2026-02-13 18:36:14,886 basehttp 7096 15836 "GET /departments/all/ HTTP/1.1" 200 877
INFO 2026-02-13 18:36:15,121 basehttp 7096 652 "GET /task-assignments/my-assignments/ HTTP/1.1" 200 3538
INFO 2026-02-13 18:36:15,173 basehttp 7096 15836 "OPTIONS /task/all/?page=1&limit=10&id__in=3,4 HTTP/1.1" 200 0
INFO 2026-02-13 18:36:15,345 basehttp 7096 15836 "GET /task/all/?page=1&limit=10&id__in=3,4 HTTP/1.1" 200 1316
INFO 2026-02-13 18:36:15,414 basehttp 7096 15836 "OPTIONS /task-assignments/my-assignments/?page=1&limit=10 HTTP/1.1" 200 0
INFO 2026-02-13 18:36:15,503 basehttp 7096 652 "GET /task-assignments/my-assignments/ HTTP/1.1" 200 3538
INFO 2026-02-13 18:36:15,767 basehttp 7096 652 "GET /task/all/?page=1&limit=10&id__in=3,4 HTTP/1.1" 200 1316
INFO 2026-02-13 18:36:15,871 basehttp 7096 15836 "GET /task-assignments/my-assignments/?page=1&limit=10 HTTP/1.1" 200 3539
INFO 2026-02-13 18:36:16,385 basehttp 7096 15836 "GET /task-assignments/my-assignments/?page=1&limit=10 HTTP/1.1" 200 3534
INFO 2026-02-13 18:37:12,106 basehttp 7096 15836 "GET /request/my-requests/? HTTP/1.1" 200 1704
INFO 2026-02-13 18:37:12,626 basehttp 7096 15836 "GET /request/my-requests/? HTTP/1.1" 200 1704
INFO 2026-02-13 18:37:12,668 basehttp 7096 652 "GET /request/my-requests/?status=pending HTTP/1.1" 200 843
INFO 2026-02-13 18:37:12,860 basehttp 7096 652 "GET /request/my-requests/?status=pending HTTP/1.1" 200 843
INFO 2026-02-13 18:37:43,381 basehttp 7096 6848 "OPTIONS /departments/all/ HTTP/1.1" 200 0
INFO 2026-02-13 18:37:43,822 basehttp 7096 6848 "GET /departments/all/ HTTP/1.1" 200 877
INFO 2026-02-13 18:37:43,936 basehttp 7096 3164 "OPTIONS /task/all/?page=1&limit=10 HTTP/1.1" 200 0
INFO 2026-02-13 18:37:44,155 basehttp 7096 6848 "GET /departments/all/ HTTP/1.1" 200 877
INFO 2026-02-13 18:37:44,249 basehttp 7096 3164 "GET /task/all/?page=1&limit=10 HTTP/1.1" 200 1316
INFO 2026-02-13 18:37:44,320 basehttp 7096 6848 "OPTIONS /task-assignments/all/?page=1&limit=10 HTTP/1.1" 200 0
INFO 2026-02-13 18:37:44,618 basehttp 7096 8156 "OPTIONS /performance/my-performance/?days=30 HTTP/1.1" 200 0
INFO 2026-02-13 18:37:44,618 basehttp 7096 3164 "GET /task/all/?page=1&limit=10 HTTP/1.1" 200 1316
INFO 2026-02-13 18:37:44,652 basehttp 7096 11216 "OPTIONS /performance/my-performance/?days=30 HTTP/1.1" 200 0
INFO 2026-02-13 18:37:44,715 basehttp 7096 7388 "OPTIONS /performance/my-performance/?days=30 HTTP/1.1" 200 0
INFO 2026-02-13 18:37:44,774 basehttp 7096 15804 "OPTIONS /performance/my-performance/?days=30 HTTP/1.1" 200 0
INFO 2026-02-13 18:37:45,663 basehttp 7096 3164 "GET /performance/my-performance/?days=30 HTTP/1.1" 200 4272
INFO 2026-02-13 18:37:45,963 basehttp 7096 6848 "GET /task-assignments/all/?page=1&limit=10 HTTP/1.1" 200 3533
INFO 2026-02-13 18:37:45,989 basehttp 7096 3164 "OPTIONS /users/?role=employee HTTP/1.1" 200 0
INFO 2026-02-13 18:37:46,299 basehttp 7096 15804 "GET /performance/my-performance/?days=30 HTTP/1.1" 200 4272
INFO 2026-02-13 18:37:46,484 basehttp 7096 3164 "GET /users/?role=employee HTTP/1.1" 200 1224
INFO 2026-02-13 18:37:46,642 basehttp 7096 6848 "GET /task-assignments/all/?page=1&limit=10 HTTP/1.1" 200 3538
INFO 2026-02-13 18:37:46,784 basehttp 7096 15804 "GET /performance/my-performance/?days=30 HTTP/1.1" 200 4272
INFO 2026-02-13 18:37:47,054 basehttp 7096 3164 "GET /users/ HTTP/1.1" 200 1224
INFO 2026-02-13 18:37:47,444 basehttp 7096 6848 "GET /users/?role=employee HTTP/1.1" 200 1224
INFO 2026-02-13 18:37:47,463 basehttp 7096 7388 "GET /performance/my-performance/?days=30 HTTP/1.1" 200 4272
INFO 2026-02-13 18:37:47,720 basehttp 7096 7388 "GET /users/ HTTP/1.1" 200 1224
INFO 2026-02-13 18:37:52,381 basehttp 7096 7388 "OPTIONS /performance/all/?days=30&page=1&limit=12&sort_by=completion_rate&sort_order=desc HTTP/1.1" 200 0
INFO 2026-02-13 18:37:52,679 basehttp 7096 7388 "GET /performance/all/?days=30&page=1&limit=12&sort_by=completion_rate&sort_order=desc HTTP/1.1" 200 1019
INFO 2026-02-13 18:37:54,983 basehttp 7096 7388 "OPTIONS /performance/organization/?days=30 HTTP/1.1" 200 0
INFO 2026-02-13 18:37:54,983 basehttp 7096 6848 "OPTIONS /performance/departments/summaries/?days=30 HTTP/1.1" 200 0
INFO 2026-02-13 18:37:55,548 basehttp 7096 6848 "GET /performance/departments/summaries/?days=30 HTTP/1.1" 200 794
INFO 2026-02-13 18:37:55,808 basehttp 7096 7388 "GET /performance/organization/?days=30 HTTP/1.1" 200 1869
INFO 2026-02-13 19:01:02,130 autoreload 11976 5784 Watching for file changes with StatReloader
INFO 2026-02-13 19:01:13,636 basehttp 11976 5824 "OPTIONS /auth/verify-token/ HTTP/1.1" 200 0
INFO 2026-02-13 19:01:13,687 basehttp 11976 14136 "OPTIONS /auth/verify-token/ HTTP/1.1" 200 0
INFO 2026-02-13 19:01:14,627 basehttp 11976 5824 "GET /auth/verify-token/ HTTP/1.1" 200 398
INFO 2026-02-13 19:01:14,876 basehttp 11976 5824 "GET /auth/verify-token/ HTTP/1.1" 200 398
INFO 2026-02-13 19:01:17,190 basehttp 11976 5824 "OPTIONS /departments/ HTTP/1.1" 200 0
INFO 2026-02-13 19:01:17,190 basehttp 11976 14136 "OPTIONS /analytics/dashboard/?time_range=6months HTTP/1.1" 200 0
INFO 2026-02-13 19:01:17,200 basehttp 11976 5824 "OPTIONS /departments/ HTTP/1.1" 200 0
WARNING 2026-02-13 19:01:17,295 basehttp 11976 5824 "GET /departments/ HTTP/1.1" 404 14083
WARNING 2026-02-13 19:01:17,355 basehttp 11976 5824 "GET /departments/ HTTP/1.1" 404 14083
INFO 2026-02-13 19:01:17,836 basehttp 11976 14136 "GET /analytics/dashboard/?time_range=6months HTTP/1.1" 200 2942
INFO 2026-02-13 19:01:18,246 basehttp 11976 14136 "GET /analytics/dashboard/?time_range=6months HTTP/1.1" 200 2942
INFO 2026-02-13 19:02:25,283 basehttp 11976 14136 "OPTIONS /analytics/dashboard/?time_range=1year HTTP/1.1" 200 0
INFO 2026-02-13 19:02:25,639 basehttp 11976 14136 "GET /analytics/dashboard/?time_range=1year HTTP/1.1" 200 2942
INFO 2026-02-13 19:02:30,791 basehttp 11976 14136 "OPTIONS /analytics/dashboard/?time_range=1month HTTP/1.1" 200 0
INFO 2026-02-13 19:02:31,120 basehttp 11976 14136 "GET /analytics/dashboard/?time_range=1month HTTP/1.1" 200 2942
INFO 2026-02-13 19:02:36,288 basehttp 11976 14136 "OPTIONS /analytics/dashboard/?time_range=3months HTTP/1.1" 200 0
INFO 2026-02-13 19:02:36,679 basehttp 11976 14136 "GET /analytics/dashboard/?time_range=3months HTTP/1.1" 200 2942
INFO 2026-02-13 19:02:57,107 basehttp 11976 14136 "GET /analytics/dashboard/?time_range=3months HTTP/1.1" 200 2942
INFO 2026-02-13 19:03:20,375 basehttp 11976 14136 "GET /analytics/dashboard/?time_range=6months HTTP/1.1" 200 2942
INFO 2026-02-13 19:03:32,409 basehttp 11976 14136 "GET /analytics/dashboard/?time_range=1year HTTP/1.1" 200 2942
INFO 2026-02-13 19:04:02,714 basehttp 11976 14136 "OPTIONS /day-offs/statistics/ HTTP/1.1" 200 0
INFO 2026-02-13 19:04:02,969 basehttp 11976 5824 "GET /users/ HTTP/1.1" 200 1224
INFO 2026-02-13 19:04:03,136 basehttp 11976 14136 "GET /day-offs/statistics/ HTTP/1.1" 200 1676
INFO 2026-02-13 19:04:03,158 basehttp 11976 10184 "GET /departments/all/ HTTP/1.1" 200 877
INFO 2026-02-13 19:04:03,290 basehttp 11976 5824 "GET /users/ HTTP/1.1" 200 1224
INFO 2026-02-13 19:04:03,879 basehttp 11976 14136 "GET /day-offs/statistics/ HTTP/1.1" 200 1676
INFO 2026-02-13 19:04:04,029 basehttp 11976 10184 "GET /departments/all/ HTTP/1.1" 200 877
INFO 2026-02-13 19:23:11,358 autoreload 6604 15228 Watching for file changes with StatReloader
INFO 2026-02-13 19:23:20,021 basehttp 6604 7376 "OPTIONS /dashboard/ HTTP/1.1" 200 0
ERROR 2026-02-13 19:23:20,642 basehttp 6604 7376 "GET /dashboard/ HTTP/1.1" 500 175
INFO 2026-02-13 19:23:24,279 basehttp 6604 7376 "GET /auth/verify-token/ HTTP/1.1" 200 398
INFO 2026-02-13 19:23:24,558 basehttp 6604 7376 "GET /auth/verify-token/ HTTP/1.1" 200 398
ERROR 2026-02-13 19:23:24,676 basehttp 6604 15776 "GET /dashboard/ HTTP/1.1" 500 175
ERROR 2026-02-13 19:23:24,915 basehttp 6604 15776 "GET /dashboard/ HTTP/1.1" 500 175
ERROR 2026-02-13 19:23:25,072 basehttp 6604 15776 "GET /dashboard/ HTTP/1.1" 500 175
INFO 2026-02-13 19:25:05,555 autoreload 6604 15228 D:\DJANGO\FINAL YEAR PROJECTS\Gatete Bertrand\backend\dashboardApp\urls.py changed, reloading.
INFO 2026-02-13 19:25:09,119 autoreload 15388 13048 Watching for file changes with StatReloader
INFO 2026-02-13 19:25:16,400 autoreload 15388 13048 D:\DJANGO\FINAL YEAR PROJECTS\Gatete Bertrand\backend\dashboardApp\urls.py changed, reloading.
INFO 2026-02-13 19:25:21,936 autoreload 11728 15184 Watching for file changes with StatReloader
INFO 2026-02-13 19:25:32,625 basehttp 11728 6676 "GET /auth/verify-token/ HTTP/1.1" 200 398
INFO 2026-02-13 19:25:32,819 basehttp 11728 6676 "GET /auth/verify-token/ HTTP/1.1" 200 398
WARNING 2026-02-13 19:25:32,877 basehttp 11728 8128 "GET /dashboard/ HTTP/1.1" 404 13544
WARNING 2026-02-13 19:25:32,912 basehttp 11728 8128 "GET /dashboard/ HTTP/1.1" 404 13544
WARNING 2026-02-13 19:25:32,959 basehttp 11728 8128 "GET /dashboard/ HTTP/1.1" 404 13544
INFO 2026-02-13 19:25:57,820 basehttp 11728 8128 "GET /auth/verify-token/ HTTP/1.1" 200 398
INFO 2026-02-13 19:25:57,957 basehttp 11728 6676 "OPTIONS /dashboard/dashboard/ HTTP/1.1" 200 0
WARNING 2026-02-13 19:25:57,988 basehttp 11728 6676 "GET /dashboard/dashboard/ HTTP/1.1" 404 13574
INFO 2026-02-13 19:25:57,989 basehttp 11728 14556 "OPTIONS /dashboard/dashboard/ HTTP/1.1" 200 0
WARNING 2026-02-13 19:25:58,027 basehttp 11728 14556 "GET /dashboard/dashboard/ HTTP/1.1" 404 13574
INFO 2026-02-13 19:25:58,103 basehttp 11728 8128 "GET /auth/verify-token/ HTTP/1.1" 200 398
WARNING 2026-02-13 19:25:58,204 basehttp 11728 8128 "GET /dashboard/dashboard/ HTTP/1.1" 404 13574
INFO 2026-02-13 19:30:05,523 autoreload 11728 15184 D:\DJANGO\FINAL YEAR PROJECTS\Gatete Bertrand\backend\dashboardApp\urls.py changed, reloading.
INFO 2026-02-13 19:30:09,248 autoreload 11428 13896 Watching for file changes with StatReloader
INFO 2026-02-13 19:30:22,899 basehttp 11428 15712 "GET /auth/verify-token/ HTTP/1.1" 200 398
INFO 2026-02-13 19:30:23,224 basehttp 11428 15712 "GET /auth/verify-token/ HTTP/1.1" 200 398
WARNING 2026-02-13 19:30:23,231 basehttp 11428 16032 "GET /dashboard/dashboard/ HTTP/1.1" 404 13565
WARNING 2026-02-13 19:30:23,296 basehttp 11428 15712 "GET /dashboard/dashboard/ HTTP/1.1" 404 13565
WARNING 2026-02-13 19:30:23,431 basehttp 11428 15712 "GET /dashboard/dashboard/ HTTP/1.1" 404 13565
INFO 2026-02-13 19:31:14,338 basehttp 11428 15712 "GET /auth/verify-token/ HTTP/1.1" 200 398
ERROR 2026-02-13 19:31:14,552 basehttp 11428 16032 "GET /dashboard/ HTTP/1.1" 500 175
ERROR 2026-02-13 19:31:14,646 basehttp 11428 16032 "GET /dashboard/ HTTP/1.1" 500 175
INFO 2026-02-13 19:31:14,738 basehttp 11428 15712 "GET /auth/verify-token/ HTTP/1.1" 200 398
ERROR 2026-02-13 19:31:14,830 basehttp 11428 15712 "GET /dashboard/ HTTP/1.1" 500 175
INFO 2026-02-13 19:31:16,595 basehttp 11428 15712 "GET /auth/verify-token/ HTTP/1.1" 200 398
INFO 2026-02-13 19:31:16,849 basehttp 11428 15712 "GET /auth/verify-token/ HTTP/1.1" 200 398
ERROR 2026-02-13 19:31:17,101 basehttp 11428 16032 "GET /dashboard/ HTTP/1.1" 500 175
ERROR 2026-02-13 19:31:17,258 basehttp 11428 16032 "GET /dashboard/ HTTP/1.1" 500 175
ERROR 2026-02-13 19:31:17,703 basehttp 11428 16032 "GET /dashboard/ HTTP/1.1" 500 175
INFO 2026-02-13 19:34:19,942 autoreload 11428 13896 D:\DJANGO\FINAL YEAR PROJECTS\Gatete Bertrand\backend\dashboardApp\views.py changed, reloading.
INFO 2026-02-13 19:34:23,208 autoreload 5672 592 Watching for file changes with StatReloader
INFO 2026-02-13 19:34:32,146 basehttp 5672 14716 "GET /auth/verify-token/ HTTP/1.1" 200 398
INFO 2026-02-13 19:34:32,799 basehttp 5672 5676 "GET /dashboard/ HTTP/1.1" 200 4318
INFO 2026-02-13 19:34:32,854 basehttp 5672 14716 "GET /auth/verify-token/ HTTP/1.1" 200 398
INFO 2026-02-13 19:34:33,231 basehttp 5672 5676 "GET /dashboard/ HTTP/1.1" 200 4291
INFO 2026-02-13 19:34:34,433 basehttp 5672 5676 "GET /dashboard/ HTTP/1.1" 200 4269
INFO 2026-02-13 19:35:18,715 basehttp 5672 5676 "GET /users/ HTTP/1.1" 200 1224
INFO 2026-02-13 19:35:18,754 basehttp 5672 14716 "GET /departments/all/ HTTP/1.1" 200 877
INFO 2026-02-13 19:35:19,393 basehttp 5672 14716 "GET /departments/all/ HTTP/1.1" 200 877
INFO 2026-02-13 19:35:19,446 basehttp 5672 5280 "GET /day-offs/statistics/ HTTP/1.1" 200 1676
INFO 2026-02-13 19:35:19,461 basehttp 5672 5676 "GET /users/ HTTP/1.1" 200 1224
INFO 2026-02-13 19:35:19,662 basehttp 5672 5280 "GET /day-offs/statistics/ HTTP/1.1" 200 1676
INFO 2026-02-13 19:35:21,101 basehttp 5672 5280 "GET /dashboard/ HTTP/1.1" 200 4306
INFO 2026-02-13 19:35:21,512 basehttp 5672 5676 "GET /dashboard/ HTTP/1.1" 200 4289
INFO 2026-02-13 20:00:49,235 autoreload 5672 592 D:\DJANGO\FINAL YEAR PROJECTS\Gatete Bertrand\backend\dashboardApp\views.py changed, reloading.
INFO 2026-02-13 20:00:53,631 autoreload 12108 9132 Watching for file changes with StatReloader
INFO 2026-02-13 20:01:02,647 autoreload 12108 9132 D:\DJANGO\FINAL YEAR PROJECTS\Gatete Bertrand\backend\dashboardApp\serializers.py changed, reloading.
INFO 2026-02-13 20:01:06,526 autoreload 16348 14340 Watching for file changes with StatReloader
INFO 2026-02-13 20:03:11,341 autoreload 16348 14340 D:\DJANGO\FINAL YEAR PROJECTS\Gatete Bertrand\backend\dashboardApp\urls.py changed, reloading.
INFO 2026-02-13 20:03:14,527 autoreload 15260 13164 Watching for file changes with StatReloader
INFO 2026-02-13 20:03:55,483 autoreload 15260 13164 D:\DJANGO\FINAL YEAR PROJECTS\Gatete Bertrand\backend\dashboardApp\urls.py changed, reloading.
INFO 2026-02-13 20:04:08,640 autoreload 15096 4888 Watching for file changes with StatReloader
INFO 2026-02-13 20:04:56,189 autoreload 15096 4888 D:\DJANGO\FINAL YEAR PROJECTS\Gatete Bertrand\backend\dashboardApp\urls.py changed, reloading.
INFO 2026-02-13 20:04:59,360 autoreload 15712 10288 Watching for file changes with StatReloader
INFO 2026-02-13 20:06:58,683 autoreload 15712 10288 D:\DJANGO\FINAL YEAR PROJECTS\Gatete Bertrand\backend\dashboardApp\urls.py changed, reloading.
INFO 2026-02-13 20:07:02,253 autoreload 13236 15580 Watching for file changes with StatReloader
INFO 2026-02-13 20:08:16,261 autoreload 13236 15580 D:\DJANGO\FINAL YEAR PROJECTS\Gatete Bertrand\backend\dashboardApp\urls.py changed, reloading.
INFO 2026-02-13 20:08:19,993 autoreload 14648 14592 Watching for file changes with StatReloader
INFO 2026-02-13 20:08:49,985 basehttp 14648 8020 "GET /auth/verify-token/ HTTP/1.1" 200 398
INFO 2026-02-13 20:08:50,179 basehttp 14648 10792 "OPTIONS /dashboard/?range=week HTTP/1.1" 200 0
INFO 2026-02-13 20:08:50,214 basehttp 14648 8692 "OPTIONS /dashboard/?range=week HTTP/1.1" 200 0
INFO 2026-02-13 20:08:50,281 basehttp 14648 8020 "GET /auth/verify-token/ HTTP/1.1" 200 398
ERROR 2026-02-13 20:08:50,565 basehttp 14648 10792 "GET /dashboard/?range=week HTTP/1.1" 500 102
ERROR 2026-02-13 20:08:51,013 basehttp 14648 10792 "GET /dashboard/?range=week HTTP/1.1" 500 102
ERROR 2026-02-13 20:08:51,538 basehttp 14648 10792 "GET /dashboard/?range=week HTTP/1.1" 500 102
INFO 2026-02-13 20:10:15,306 autoreload 14648 14592 D:\DJANGO\FINAL YEAR PROJECTS\Gatete Bertrand\backend\dashboardApp\views.py changed, reloading.
INFO 2026-02-13 20:10:19,275 autoreload 15876 4404 Watching for file changes with StatReloader
INFO 2026-02-13 20:10:27,935 basehttp 15876 236 "GET /auth/verify-token/ HTTP/1.1" 200 398
INFO 2026-02-13 20:10:28,107 basehttp 15876 236 "GET /auth/verify-token/ HTTP/1.1" 200 398
INFO 2026-02-13 20:10:28,397 basehttp 15876 7172 "GET /dashboard/?range=week HTTP/1.1" 200 13344
INFO 2026-02-13 20:10:29,261 basehttp 15876 236 "GET /dashboard/?range=week HTTP/1.1" 200 13304
INFO 2026-02-13 20:10:29,719 basehttp 15876 7172 "GET /dashboard/?range=week HTTP/1.1" 200 13248
INFO 2026-02-13 20:11:29,461 basehttp 15876 7172 "OPTIONS /dashboard/?range=month HTTP/1.1" 200 0
INFO 2026-02-13 20:11:29,847 basehttp 15876 7172 "GET /dashboard/?range=month HTTP/1.1" 200 13257
INFO 2026-02-13 20:11:31,208 basehttp 15876 7172 "OPTIONS /dashboard/?range=day HTTP/1.1" 200 0
INFO 2026-02-13 20:11:31,566 basehttp 15876 7172 "GET /dashboard/?range=day HTTP/1.1" 200 13260
INFO 2026-02-13 20:12:15,095 basehttp 15876 7172 "GET /auth/verify-token/ HTTP/1.1" 200 398
INFO 2026-02-13 20:12:15,289 basehttp 15876 7172 "GET /auth/verify-token/ HTTP/1.1" 200 398
INFO 2026-02-13 20:12:15,937 basehttp 15876 236 "GET /dashboard/?range=week HTTP/1.1" 200 13222
INFO 2026-02-13 20:12:16,424 basehttp 15876 7172 "GET /dashboard/?range=week HTTP/1.1" 200 13191
INFO 2026-02-13 20:12:17,053 basehttp 15876 236 "GET /dashboard/?range=week HTTP/1.1" 200 13188
INFO 2026-02-13 20:12:19,408 basehttp 15876 236 "GET /auth/verify-token/ HTTP/1.1" 200 398
INFO 2026-02-13 20:12:20,124 basehttp 15876 236 "GET /auth/verify-token/ HTTP/1.1" 200 398
INFO 2026-02-13 20:12:20,187 basehttp 15876 7172 "GET /dashboard/?range=week HTTP/1.1" 200 13201
INFO 2026-02-13 20:12:20,612 basehttp 15876 236 "GET /dashboard/?range=week HTTP/1.1" 200 13227
INFO 2026-02-13 20:12:21,075 basehttp 15876 7172 "GET /dashboard/?range=week HTTP/1.1" 200 13203
INFO 2026-02-13 20:15:34,886 autoreload 15876 4404 D:\DJANGO\FINAL YEAR PROJECTS\Gatete Bertrand\backend\dashboardApp\views.py changed, reloading.
INFO 2026-02-13 20:15:37,850 autoreload 6272 14752 Watching for file changes with StatReloader
INFO 2026-02-13 20:15:49,281 basehttp 6272 7604 "GET /auth/verify-token/ HTTP/1.1" 200 398
INFO 2026-02-13 20:15:49,525 basehttp 6272 7604 "GET /auth/verify-token/ HTTP/1.1" 200 398
INFO 2026-02-13 20:15:50,256 basehttp 6272 14992 "GET /dashboard/?range=week HTTP/1.1" 200 13104
INFO 2026-02-13 20:15:50,704 basehttp 6272 7604 "GET /dashboard/?range=week HTTP/1.1" 200 13100
INFO 2026-02-13 20:15:51,116 basehttp 6272 14992 "GET /dashboard/?range=week HTTP/1.1" 200 13070
INFO 2026-02-13 20:17:05,145 basehttp 6272 7604 "GET /departments/all/ HTTP/1.1" 200 877
INFO 2026-02-13 20:17:05,232 basehttp 6272 14992 "GET /users/ HTTP/1.1" 200 1224
INFO 2026-02-13 20:17:05,340 basehttp 6272 15008 "GET /day-offs/statistics/ HTTP/1.1" 200 1676
INFO 2026-02-13 20:17:05,595 basehttp 6272 7604 "GET /departments/all/ HTTP/1.1" 200 877
INFO 2026-02-13 20:17:05,702 basehttp 6272 14992 "GET /users/ HTTP/1.1" 200 1224
INFO 2026-02-13 20:17:05,788 basehttp 6272 15008 "GET /day-offs/statistics/ HTTP/1.1" 200 1676
INFO 2026-02-13 20:17:10,136 basehttp 6272 15008 "GET /departments/all/ HTTP/1.1" 200 877
INFO 2026-02-13 20:17:10,280 basehttp 6272 15008 "GET /departments/all/ HTTP/1.1" 200 877
INFO 2026-02-13 20:17:10,334 basehttp 6272 14992 "GET /task/all/?page=1&limit=10 HTTP/1.1" 200 1316
INFO 2026-02-13 20:17:10,475 basehttp 6272 14992 "GET /task/all/?page=1&limit=10 HTTP/1.1" 200 1316
INFO 2026-02-13 20:17:10,582 basehttp 6272 15008 "GET /task-assignments/all/?page=1&limit=10 HTTP/1.1" 200 3538
INFO 2026-02-13 20:17:10,792 basehttp 6272 14992 "GET /users/?role=employee HTTP/1.1" 200 1224
INFO 2026-02-13 20:17:11,465 basehttp 6272 14992 "GET /users/ HTTP/1.1" 200 1224
INFO 2026-02-13 20:17:11,537 basehttp 6272 15008 "GET /task-assignments/all/?page=1&limit=10 HTTP/1.1" 200 3534
INFO 2026-02-13 20:17:11,868 basehttp 6272 15008 "GET /users/?role=employee HTTP/1.1" 200 1224
INFO 2026-02-13 20:17:12,079 basehttp 6272 15008 "GET /users/ HTTP/1.1" 200 1224
INFO 2026-02-13 20:17:20,297 basehttp 6272 15008 "GET /request/all/? HTTP/1.1" 200 1704
INFO 2026-02-13 20:17:20,505 basehttp 6272 15008 "GET /request/all/? HTTP/1.1" 200 1704
INFO 2026-02-13 20:17:20,537 basehttp 6272 14992 "GET /users/ HTTP/1.1" 200 1224
INFO 2026-02-13 20:17:20,711 basehttp 6272 14992 "GET /users/ HTTP/1.1" 200 1224
INFO 2026-02-13 20:17:20,731 basehttp 6272 15008 "GET /request/stats/ HTTP/1.1" 200 105
INFO 2026-02-13 20:17:20,912 basehttp 6272 15008 "GET /request/stats/ HTTP/1.1" 200 105
INFO 2026-02-13 20:17:24,290 basehttp 6272 15008 "GET /performance/my-performance/?days=30 HTTP/1.1" 200 4276
INFO 2026-02-13 20:17:24,645 basehttp 6272 14992 "GET /performance/my-performance/?days=30 HTTP/1.1" 200 4276
INFO 2026-02-13 20:17:25,198 basehttp 6272 15008 "GET /performance/my-performance/?days=30 HTTP/1.1" 200 4276
INFO 2026-02-13 20:17:25,668 basehttp 6272 14992 "GET /performance/my-performance/?days=30 HTTP/1.1" 200 4276
WARNING 2026-02-13 20:17:29,281 basehttp 6272 14992 "GET /departments/ HTTP/1.1" 404 14236
WARNING 2026-02-13 20:17:29,350 basehttp 6272 14992 "GET /departments/ HTTP/1.1" 404 14236
INFO 2026-02-13 20:17:29,650 basehttp 6272 15008 "GET /analytics/dashboard/?time_range=6months HTTP/1.1" 200 2942
INFO 2026-02-13 20:17:29,983 basehttp 6272 15008 "GET /analytics/dashboard/?time_range=6months HTTP/1.1" 200 2942
INFO 2026-02-13 20:18:30,420 basehttp 6272 15008 "OPTIONS /users/employees/ HTTP/1.1" 200 0
INFO 2026-02-13 20:18:30,650 basehttp 6272 14992 "GET /users/employees/ HTTP/1.1" 200 451
INFO 2026-02-13 20:18:30,708 basehttp 6272 15008 "GET /departments/all/ HTTP/1.1" 200 877
INFO 2026-02-13 20:18:30,785 basehttp 6272 14992 "GET /users/employees/ HTTP/1.1" 200 451
INFO 2026-02-13 20:18:31,270 basehttp 6272 15008 "GET /departments/all/ HTTP/1.1" 200 877
INFO 2026-02-13 20:18:35,464 basehttp 6272 15008 "GET /departments/all/ HTTP/1.1" 200 877
INFO 2026-02-13 20:18:35,660 basehttp 6272 15008 "GET /departments/all/ HTTP/1.1" 200 877
INFO 2026-02-13 20:18:35,722 basehttp 6272 14992 "GET /task/all/?page=1&limit=10 HTTP/1.1" 200 1316
INFO 2026-02-13 20:18:35,919 basehttp 6272 14992 "GET /task/all/?page=1&limit=10 HTTP/1.1" 200 1316
INFO 2026-02-13 20:18:36,490 basehttp 6272 15008 "GET /task-assignments/all/?page=1&limit=10 HTTP/1.1" 200 3538
INFO 2026-02-13 20:18:36,828 basehttp 6272 14992 "GET /users/?role=employee HTTP/1.1" 200 1224
INFO 2026-02-13 20:18:37,229 basehttp 6272 14992 "GET /users/ HTTP/1.1" 200 1224
INFO 2026-02-13 20:18:37,370 basehttp 6272 15008 "GET /task-assignments/all/?page=1&limit=10 HTTP/1.1" 200 3533
INFO 2026-02-13 20:18:37,728 basehttp 6272 15008 "GET /users/?role=employee HTTP/1.1" 200 1224
INFO 2026-02-13 20:18:37,963 basehttp 6272 15008 "GET /users/ HTTP/1.1" 200 1224
WARNING 2026-02-13 20:18:41,512 basehttp 6272 15008 "GET /departments/ HTTP/1.1" 404 14236
WARNING 2026-02-13 20:18:41,592 basehttp 6272 15008 "GET /departments/ HTTP/1.1" 404 14236
INFO 2026-02-13 20:18:41,866 basehttp 6272 14992 "GET /analytics/dashboard/?time_range=6months HTTP/1.1" 200 2942
INFO 2026-02-13 20:18:42,414 basehttp 6272 14992 "GET /analytics/dashboard/?time_range=6months HTTP/1.1" 200 2942
INFO 2026-02-13 20:19:25,761 basehttp 6272 14992 "GET /auth/verify-token/ HTTP/1.1" 200 398
INFO 2026-02-13 20:19:26,220 basehttp 6272 14992 "GET /auth/verify-token/ HTTP/1.1" 200 398
INFO 2026-02-13 20:19:26,386 basehttp 6272 15008 "GET /dashboard/?range=week HTTP/1.1" 200 13208
INFO 2026-02-13 20:19:26,786 basehttp 6272 14992 "GET /dashboard/?range=week HTTP/1.1" 200 13197
INFO 2026-02-13 20:19:27,582 basehttp 6272 15008 "GET /dashboard/?range=week HTTP/1.1" 200 13177
INFO 2026-02-13 20:19:40,455 basehttp 6272 15008 "GET /departments/all/ HTTP/1.1" 200 877
INFO 2026-02-13 20:19:40,569 basehttp 6272 14992 "GET /analytics/dashboard/?time_range=6months HTTP/1.1" 200 2942
INFO 2026-02-13 20:19:40,626 basehttp 6272 15008 "GET /departments/all/ HTTP/1.1" 200 877
INFO 2026-02-13 20:19:40,857 basehttp 6272 14992 "GET /analytics/dashboard/?time_range=6months HTTP/1.1" 200 2942
INFO 2026-02-13 20:24:12,142 autoreload 6272 14752 D:\DJANGO\FINAL YEAR PROJECTS\Gatete Bertrand\backend\backend\urls.py changed, reloading.
INFO 2026-02-13 20:24:20,921 autoreload 8720 16168 Watching for file changes with StatReloader
INFO 2026-02-13 20:24:36,871 autoreload 8720 16168 D:\DJANGO\FINAL YEAR PROJECTS\Gatete Bertrand\backend\backend\urls.py changed, reloading.
INFO 2026-02-13 20:24:44,916 autoreload 14832 8900 Watching for file changes with StatReloader
INFO 2026-02-13 20:40:23,848 basehttp 14832 16108 "OPTIONS /activity/activities/?page=1&page_size=50 HTTP/1.1" 200 0
INFO 2026-02-13 20:40:24,664 basehttp 14832 16108 "GET /activity/activities/?page=1&page_size=50 HTTP/1.1" 200 31964
INFO 2026-02-13 20:41:07,637 basehttp 14832 16108 "OPTIONS /activity/activities/?page=2&page_size=50 HTTP/1.1" 200 0
INFO 2026-02-13 20:41:07,875 basehttp 14832 16108 "GET /activity/activities/?page=2&page_size=50 HTTP/1.1" 200 31335
INFO 2026-02-13 20:41:21,536 basehttp 14832 1004 "OPTIONS /auth/verify-token/ HTTP/1.1" 200 0
INFO 2026-02-13 20:41:21,576 basehttp 14832 15440 "OPTIONS /auth/verify-token/ HTTP/1.1" 200 0
INFO 2026-02-13 20:41:22,345 basehttp 14832 1004 "GET /auth/verify-token/ HTTP/1.1" 200 461
INFO 2026-02-13 20:41:22,464 basehttp 14832 15440 "OPTIONS /dashboard/?range=week HTTP/1.1" 200 0
INFO 2026-02-13 20:41:22,491 basehttp 14832 15536 "OPTIONS /dashboard/?range=week HTTP/1.1" 200 0
INFO 2026-02-13 20:41:22,641 basehttp 14832 1004 "GET /auth/verify-token/ HTTP/1.1" 200 461
ERROR 2026-02-13 20:41:23,854 basehttp 14832 15536 "GET /dashboard/?range=week HTTP/1.1" 500 115
ERROR 2026-02-13 20:41:24,003 basehttp 14832 15536 "GET /dashboard/?range=week HTTP/1.1" 500 115
ERROR 2026-02-13 20:41:24,151 basehttp 14832 15536 "GET /dashboard/?range=week HTTP/1.1" 500 115
INFO 2026-02-13 20:41:31,817 basehttp 14832 15536 "OPTIONS /departments/all/ HTTP/1.1" 200 0
INFO 2026-02-13 20:41:31,817 basehttp 14832 1004 "OPTIONS /departments/all/ HTTP/1.1" 200 0
INFO 2026-02-13 20:41:32,056 basehttp 14832 1004 "GET /departments/all/ HTTP/1.1" 200 877
INFO 2026-02-13 20:41:32,113 basehttp 14832 15536 "OPTIONS /task-assignments/my-assignments/ HTTP/1.1" 200 0
INFO 2026-02-13 20:41:32,655 basehttp 14832 1004 "GET /departments/all/ HTTP/1.1" 200 877
INFO 2026-02-13 20:41:32,691 basehttp 14832 15536 "GET /task-assignments/my-assignments/ HTTP/1.1" 200 3534
INFO 2026-02-13 20:41:32,704 basehttp 14832 1004 "OPTIONS /task/all/?page=1&limit=10&id__in=3,4 HTTP/1.1" 200 0
INFO 2026-02-13 20:41:32,925 basehttp 14832 1004 "GET /task/all/?page=1&limit=10&id__in=3,4 HTTP/1.1" 200 1316
INFO 2026-02-13 20:41:32,954 basehttp 14832 1004 "OPTIONS /task-assignments/my-assignments/?page=1&limit=10 HTTP/1.1" 200 0
INFO 2026-02-13 20:41:32,993 basehttp 14832 15536 "GET /task-assignments/my-assignments/ HTTP/1.1" 200 3538
INFO 2026-02-13 20:41:33,336 basehttp 14832 1004 "GET /task-assignments/my-assignments/?page=1&limit=10 HTTP/1.1" 200 3534
INFO 2026-02-13 20:41:33,380 basehttp 14832 15536 "GET /task/all/?page=1&limit=10&id__in=3,4 HTTP/1.1" 200 1316
INFO 2026-02-13 20:41:33,732 basehttp 14832 15536 "GET /task-assignments/my-assignments/?page=1&limit=10 HTTP/1.1" 200 3538
ERROR 2026-02-13 20:41:34,921 basehttp 14832 15536 "GET /dashboard/?range=week HTTP/1.1" 500 115
ERROR 2026-02-13 20:41:35,039 basehttp 14832 15536 "GET /dashboard/?range=week HTTP/1.1" 500 115
INFO 2026-02-13 20:43:22,292 autoreload 14832 8900 D:\DJANGO\FINAL YEAR PROJECTS\Gatete Bertrand\backend\dashboardApp\views.py changed, reloading.
INFO 2026-02-13 20:43:26,153 autoreload 15112 15604 Watching for file changes with StatReloader
INFO 2026-02-13 20:43:36,295 basehttp 15112 5440 "GET /auth/verify-token/ HTTP/1.1" 200 461
INFO 2026-02-13 20:43:36,539 basehttp 15112 5440 "GET /auth/verify-token/ HTTP/1.1" 200 461
INFO 2026-02-13 20:43:36,790 basehttp 15112 7828 "GET /dashboard/?range=week HTTP/1.1" 200 6614
INFO 2026-02-13 20:43:37,303 basehttp 15112 5440 "GET /dashboard/?range=week HTTP/1.1" 200 6587
INFO 2026-02-13 20:43:37,588 basehttp 15112 7828 "GET /dashboard/?range=week HTTP/1.1" 200 6592
INFO 2026-02-13 20:44:08,978 basehttp 15112 5440 "OPTIONS /performance/my-performance/?days=30 HTTP/1.1" 200 0
INFO 2026-02-13 20:44:08,978 basehttp 15112 7828 "OPTIONS /performance/my-performance/?days=30 HTTP/1.1" 200 0
INFO 2026-02-13 20:44:09,011 basehttp 15112 10508 "OPTIONS /performance/my-performance/?days=30 HTTP/1.1" 200 0
INFO 2026-02-13 20:44:09,045 basehttp 15112 10544 "OPTIONS /performance/my-performance/?days=30 HTTP/1.1" 200 0
INFO 2026-02-13 20:44:09,406 basehttp 15112 7828 "GET /performance/my-performance/?days=30 HTTP/1.1" 200 3737
INFO 2026-02-13 20:44:09,773 basehttp 15112 10544 "GET /performance/my-performance/?days=30 HTTP/1.1" 200 3737
INFO 2026-02-13 20:44:10,368 basehttp 15112 7828 "GET /performance/my-performance/?days=30 HTTP/1.1" 200 3737
INFO 2026-02-13 20:44:10,795 basehttp 15112 7828 "GET /performance/my-performance/?days=30 HTTP/1.1" 200 3737
INFO 2026-02-13 20:44:11,747 basehttp 15112 7828 "GET /dashboard/?range=week HTTP/1.1" 200 6693
INFO 2026-02-13 20:44:12,014 basehttp 15112 10544 "GET /dashboard/?range=week HTTP/1.1" 200 6672
INFO 2026-02-13 20:44:59,259 basehttp 15112 16380 "OPTIONS /activity/activities/?page=1&page_size=50&activity_type=dayoff_request_create HTTP/1.1" 200 0
INFO 2026-02-13 20:44:59,311 basehttp 15112 16380 "GET /activity/activities/?page=1&page_size=50&activity_type=dayoff_request_create HTTP/1.1" 200 138
INFO 2026-02-13 20:45:03,157 basehttp 15112 16380 "OPTIONS /activity/activities/?page=1&page_size=50&activity_type=task_create HTTP/1.1" 200 0
INFO 2026-02-13 20:45:03,213 basehttp 15112 16380 "GET /activity/activities/?page=1&page_size=50&activity_type=task_create HTTP/1.1" 200 1370
INFO 2026-02-13 20:45:06,256 basehttp 15112 16380 "OPTIONS /activity/activities/?page=1&page_size=50&activity_type=user_logout HTTP/1.1" 200 0
INFO 2026-02-13 20:45:06,316 basehttp 15112 16380 "GET /activity/activities/?page=1&page_size=50&activity_type=user_logout HTTP/1.1" 200 2709
INFO 2026-02-13 20:45:08,735 basehttp 15112 16380 "GET /activity/activities/?page=1&page_size=50 HTTP/1.1" 200 32119
INFO 2026-02-13 20:45:38,058 basehttp 15112 16380 "GET /activity/activities/?page=1&page_size=50 HTTP/1.1" 200 32119
INFO 2026-02-13 20:45:40,014 basehttp 15112 16380 "GET /activity/activities/?page=1&page_size=50 HTTP/1.1" 200 32119
INFO 2026-02-13 20:47:27,997 basehttp 15112 16380 "OPTIONS /activity/cleanup/ HTTP/1.1" 200 0
INFO 2026-02-13 20:47:28,185 basehttp 15112 16380 "DELETE /activity/cleanup/ HTTP/1.1" 200 82
INFO 2026-02-13 20:47:31,346 basehttp 15112 16380 "GET /activity/activities/?page=1&page_size=50 HTTP/1.1" 200 32079
INFO 2026-02-13 20:49:06,924 basehttp 15112 16380 "DELETE /activity/cleanup/ HTTP/1.1" 200 83
INFO 2026-02-13 20:49:13,901 basehttp 15112 16380 "GET /activity/activities/?page=1&page_size=50 HTTP/1.1" 200 32040
INFO 2026-02-13 20:50:05,962 basehttp 15112 16380 "DELETE /activity/cleanup/ HTTP/1.1" 200 83
INFO 2026-02-13 20:50:07,972 basehttp 15112 16380 "GET /activity/activities/?page=1&page_size=50 HTTP/1.1" 200 31993
INFO 2026-02-13 20:50:21,095 basehttp 15112 16380 "DELETE /activity/cleanup/ HTTP/1.1" 200 81
INFO 2026-02-13 20:50:22,821 basehttp 15112 16380 "GET /activity/activities/?page=1&page_size=50 HTTP/1.1" 200 31945
INFO 2026-02-13 20:50:29,774 basehttp 15112 16380 "OPTIONS /activity/activities/?page=5&page_size=50 HTTP/1.1" 200 0
INFO 2026-02-13 20:50:30,018 basehttp 15112 16380 "GET /activity/activities/?page=5&page_size=50 HTTP/1.1" 200 31481
INFO 2026-02-13 20:52:35,503 basehttp 15112 16380 "DELETE /activity/cleanup/ HTTP/1.1" 200 81
INFO 2026-02-13 20:52:38,461 basehttp 15112 16380 "GET /activity/activities/?page=1&page_size=50 HTTP/1.1" 200 31915
INFO 2026-02-13 20:53:03,280 basehttp 15112 16380 "OPTIONS /activity/activities/?page=1&page_size=50&activity_type=user_login HTTP/1.1" 200 0
INFO 2026-02-13 20:53:03,502 basehttp 15112 16380 "GET /activity/activities/?page=1&page_size=50&activity_type=user_login HTTP/1.1" 200 31411
INFO 2026-02-13 20:53:14,650 basehttp 15112 16380 "DELETE /activity/cleanup/ HTTP/1.1" 200 81
INFO 2026-02-13 20:53:17,006 basehttp 15112 16380 "GET /activity/activities/?page=1&page_size=50&activity_type=user_login HTTP/1.1" 200 31411
INFO 2026-02-13 20:53:26,354 basehttp 15112 16380 "OPTIONS /activity/activities/?page=2&page_size=50&activity_type=user_login HTTP/1.1" 200 0
INFO 2026-02-13 20:53:26,584 basehttp 15112 16380 "GET /activity/activities/?page=2&page_size=50&activity_type=user_login HTTP/1.1" 200 31515
INFO 2026-02-13 20:53:37,213 basehttp 15112 16380 "GET /activity/activities/?page=1&page_size=50 HTTP/1.1" 200 31889
INFO 2026-02-13 20:56:34,252 autoreload 15112 15604 D:\DJANGO\FINAL YEAR PROJECTS\Gatete Bertrand\backend\activityApp\views.py changed, reloading.
INFO 2026-02-13 20:56:36,791 autoreload 15356 9288 Watching for file changes with StatReloader
INFO 2026-02-13 20:57:34,988 basehttp 15356 13760 "DELETE /activity/cleanup/ HTTP/1.1" 200 81
INFO 2026-02-13 20:57:37,644 basehttp 15356 13760 "GET /activity/activities/?page=1&page_size=50 HTTP/1.1" 200 31859
INFO 2026-02-13 20:57:51,768 basehttp 15356 13760 "GET /auth/verify-token/ HTTP/1.1" 200 398
INFO 2026-02-13 20:57:52,402 basehttp 15356 13760 "GET /auth/verify-token/ HTTP/1.1" 200 398
INFO 2026-02-13 20:57:52,433 basehttp 15356 13380 "GET /dashboard/?range=week HTTP/1.1" 200 13155
INFO 2026-02-13 20:57:52,843 basehttp 15356 13380 "GET /dashboard/?range=week HTTP/1.1" 200 13133
INFO 2026-02-13 20:57:53,278 basehttp 15356 13380 "GET /dashboard/?range=week HTTP/1.1" 200 13108
INFO 2026-02-13 20:57:56,041 basehttp 15356 13380 "GET /activity/activities/?page=1&page_size=50 HTTP/1.1" 200 31816
INFO 2026-02-13 20:57:56,314 basehttp 15356 13760 "GET /activity/activities/?page=1&page_size=50 HTTP/1.1" 200 31816
INFO 2026-02-13 21:07:10,770 autoreload 15356 9288 D:\DJANGO\FINAL YEAR PROJECTS\Gatete Bertrand\backend\activityApp\views.py changed, reloading.
INFO 2026-02-13 21:07:13,145 autoreload 8048 14220 Watching for file changes with StatReloader
WARNING 2026-02-13 21:07:41,653 basehttp 8048 1012 "DELETE /activity/cleanup/ HTTP/1.1" 400 159
INFO 2026-02-13 21:07:48,627 basehttp 8048 1012 "OPTIONS /auth/verify-token/ HTTP/1.1" 200 0
INFO 2026-02-13 21:07:48,644 basehttp 8048 1012 "OPTIONS /auth/verify-token/ HTTP/1.1" 200 0
INFO 2026-02-13 21:07:49,588 basehttp 8048 1012 "GET /auth/verify-token/ HTTP/1.1" 200 398
INFO 2026-02-13 21:07:49,849 basehttp 8048 1012 "GET /auth/verify-token/ HTTP/1.1" 200 398
INFO 2026-02-13 21:07:50,101 basehttp 8048 9884 "GET /dashboard/?range=week HTTP/1.1" 200 13124
INFO 2026-02-13 21:07:50,500 basehttp 8048 9884 "GET /dashboard/?range=week HTTP/1.1" 200 13100
INFO 2026-02-13 21:07:51,089 basehttp 8048 1012 "GET /dashboard/?range=week HTTP/1.1" 200 13072
INFO 2026-02-13 21:07:55,303 basehttp 8048 1012 "GET /activity/activities/?page=1&page_size=50 HTTP/1.1" 200 31761
INFO 2026-02-13 21:07:55,536 basehttp 8048 9884 "GET /activity/activities/?page=1&page_size=50 HTTP/1.1" 200 31761
WARNING 2026-02-13 21:09:30,842 basehttp 8048 16368 "DELETE /activity/cleanup/ HTTP/1.1" 400 159
INFO 2026-02-13 21:11:33,015 autoreload 8048 14220 D:\DJANGO\FINAL YEAR PROJECTS\Gatete Bertrand\backend\activityApp\views.py changed, reloading.
INFO 2026-02-13 21:11:35,414 autoreload 8804 15448 Watching for file changes with StatReloader
INFO 2026-02-13 21:11:45,720 basehttp 8804 6572 "GET /auth/verify-token/ HTTP/1.1" 200 398
INFO 2026-02-13 21:11:46,289 basehttp 8804 6572 "GET /auth/verify-token/ HTTP/1.1" 200 398
INFO 2026-02-13 21:11:46,415 basehttp 8804 12584 "GET /dashboard/?range=week HTTP/1.1" 200 13088
INFO 2026-02-13 21:11:46,911 basehttp 8804 12584 "GET /dashboard/?range=week HTTP/1.1" 200 13099
INFO 2026-02-13 21:11:47,781 basehttp 8804 12584 "GET /dashboard/?range=week HTTP/1.1" 200 13071
INFO 2026-02-13 21:11:54,133 basehttp 8804 12584 "GET /activity/activities/?page=1&page_size=50 HTTP/1.1" 200 31642
INFO 2026-02-13 21:11:54,375 basehttp 8804 12584 "GET /activity/activities/?page=1&page_size=50 HTTP/1.1" 200 31642
INFO 2026-02-13 21:12:02,821 basehttp 8804 12584 "DELETE /activity/cleanup/ HTTP/1.1" 200 359
INFO 2026-02-13 21:12:20,575 basehttp 8804 12584 "GET /auth/verify-token/ HTTP/1.1" 200 398
INFO 2026-02-13 21:12:20,754 basehttp 8804 12584 "GET /auth/verify-token/ HTTP/1.1" 200 398
INFO 2026-02-13 21:12:21,006 basehttp 8804 6572 "GET /dashboard/?range=week HTTP/1.1" 200 13081
INFO 2026-02-13 21:12:21,781 basehttp 8804 6572 "GET /dashboard/?range=week HTTP/1.1" 200 13079
INFO 2026-02-13 21:12:22,139 basehttp 8804 6572 "GET /dashboard/?range=week HTTP/1.1" 200 13051
INFO 2026-02-13 21:12:24,086 basehttp 8804 6572 "GET /activity/activities/?page=1&page_size=50 HTTP/1.1" 200 31576
INFO 2026-02-13 21:12:24,317 basehttp 8804 6572 "GET /activity/activities/?page=1&page_size=50 HTTP/1.1" 200 31576
INFO 2026-02-13 21:17:33,022 autoreload 8804 15448 D:\DJANGO\FINAL YEAR PROJECTS\Gatete Bertrand\backend\activityApp\views.py changed, reloading.
INFO 2026-02-13 21:17:35,763 autoreload 7456 4380 Watching for file changes with StatReloader
INFO 2026-02-13 21:18:03,512 basehttp 7456 4260 "GET /auth/verify-token/ HTTP/1.1" 200 398
INFO 2026-02-13 21:18:03,729 basehttp 7456 4260 "GET /auth/verify-token/ HTTP/1.1" 200 398
INFO 2026-02-13 21:18:04,092 basehttp 7456 15792 "GET /dashboard/?range=week HTTP/1.1" 200 13104
INFO 2026-02-13 21:18:04,821 basehttp 7456 4260 "GET /dashboard/?range=week HTTP/1.1" 200 13103
INFO 2026-02-13 21:18:05,280 basehttp 7456 15792 "GET /dashboard/?range=week HTTP/1.1" 200 13070
INFO 2026-02-13 21:18:07,845 basehttp 7456 15792 "GET /activity/activities/?page=1&page_size=50 HTTP/1.1" 200 31437
INFO 2026-02-13 21:18:08,123 basehttp 7456 15792 "GET /activity/activities/?page=1&page_size=50 HTTP/1.1" 200 31437
INFO 2026-02-13 21:18:18,017 basehttp 7456 15792 "DELETE /activity/cleanup/ HTTP/1.1" 200 359
INFO 2026-02-13 21:22:44,088 autoreload 7456 4380 D:\DJANGO\FINAL YEAR PROJECTS\Gatete Bertrand\backend\activityApp\views.py changed, reloading.
INFO 2026-02-13 21:22:47,435 autoreload 15976 2580 Watching for file changes with StatReloader
INFO 2026-02-13 21:22:57,043 basehttp 15976 14532 "GET /auth/verify-token/ HTTP/1.1" 200 398
INFO 2026-02-13 21:22:57,305 basehttp 15976 14532 "GET /auth/verify-token/ HTTP/1.1" 200 398
INFO 2026-02-13 21:22:57,942 basehttp 15976 8572 "GET /dashboard/?range=week HTTP/1.1" 200 13107
INFO 2026-02-13 21:22:58,309 basehttp 15976 14532 "GET /dashboard/?range=week HTTP/1.1" 200 13101
INFO 2026-02-13 21:22:58,721 basehttp 15976 8572 "GET /dashboard/?range=week HTTP/1.1" 200 13071
INFO 2026-02-13 21:23:01,607 basehttp 15976 8572 "GET /activity/activities/?page=1&page_size=50 HTTP/1.1" 200 31322
INFO 2026-02-13 21:23:01,839 basehttp 15976 8572 "GET /activity/activities/?page=1&page_size=50 HTTP/1.1" 200 31322
INFO 2026-02-13 21:23:08,050 basehttp 15976 8572 "DELETE /activity/cleanup/ HTTP/1.1" 200 271
INFO 2026-02-13 21:23:10,454 basehttp 15976 8572 "GET /activity/activities/?page=1&page_size=50 HTTP/1.1" 200 783
INFO 2026-02-13 21:23:58,828 basehttp 15976 8572 "GET /auth/verify-token/ HTTP/1.1" 200 398
INFO 2026-02-13 21:23:59,006 basehttp 15976 8572 "GET /auth/verify-token/ HTTP/1.1" 200 398
INFO 2026-02-13 21:23:59,516 basehttp 15976 14532 "GET /dashboard/?range=week HTTP/1.1" 200 11716
INFO 2026-02-13 21:23:59,973 basehttp 15976 14532 "GET /dashboard/?range=week HTTP/1.1" 200 11986
INFO 2026-02-13 21:24:00,389 basehttp 15976 8572 "GET /dashboard/?range=week HTTP/1.1" 200 12259
INFO 2026-02-13 21:24:10,939 basehttp 15976 8572 "GET /auth/verify-token/ HTTP/1.1" 200 398
INFO 2026-02-13 21:24:11,151 basehttp 15976 8572 "GET /auth/verify-token/ HTTP/1.1" 200 398
INFO 2026-02-13 21:24:11,479 basehttp 15976 14532 "GET /dashboard/?range=week HTTP/1.1" 200 13122
INFO 2026-02-13 21:24:11,835 basehttp 15976 8572 "GET /dashboard/?range=week HTTP/1.1" 200 13076
INFO 2026-02-13 21:24:12,180 basehttp 15976 8572 "GET /dashboard/?range=week HTTP/1.1" 200 13051
INFO 2026-02-13 21:24:14,740 basehttp 15976 8572 "GET /activity/activities/?page=1&page_size=50 HTTP/1.1" 200 6960
INFO 2026-02-13 21:24:14,820 basehttp 15976 8572 "GET /activity/activities/?page=1&page_size=50 HTTP/1.1" 200 6960
INFO 2026-02-13 21:24:24,466 basehttp 15976 8572 "DELETE /activity/cleanup/ HTTP/1.1" 200 268
INFO 2026-02-13 21:24:25,809 basehttp 15976 8572 "GET /activity/activities/?page=1&page_size=50 HTTP/1.1" 200 782
INFO 2026-02-13 21:24:44,788 basehttp 15976 8572 "OPTIONS /users/ HTTP/1.1" 200 0
INFO 2026-02-13 21:24:44,789 basehttp 15976 14532 "OPTIONS /departments/all/ HTTP/1.1" 200 0
INFO 2026-02-13 21:24:44,813 basehttp 15976 8572 "OPTIONS /day-offs/statistics/ HTTP/1.1" 200 0
INFO 2026-02-13 21:24:44,832 basehttp 15976 14532 "OPTIONS /day-offs/statistics/ HTTP/1.1" 200 0
INFO 2026-02-13 21:24:47,842 basehttp 15976 8572 "GET /departments/all/ HTTP/1.1" 200 877
INFO 2026-02-13 21:24:47,967 basehttp 15976 13736 "GET /day-offs/statistics/ HTTP/1.1" 200 1676
INFO 2026-02-13 21:24:47,988 basehttp 15976 14780 "GET /users/ HTTP/1.1" 200 1224
INFO 2026-02-13 21:24:48,762 basehttp 15976 14780 "GET /day-offs/statistics/ HTTP/1.1" 200 1676
INFO 2026-02-13 21:24:48,762 basehttp 15976 8572 "GET /departments/all/ HTTP/1.1" 200 877
INFO 2026-02-13 21:24:48,775 basehttp 15976 13736 "GET /users/ HTTP/1.1" 200 1224
INFO 2026-02-13 21:24:52,072 basehttp 15976 13736 "GET /departments/all/ HTTP/1.1" 200 877
INFO 2026-02-13 21:24:52,082 basehttp 15976 8572 "GET /users/employees/ HTTP/1.1" 200 451
INFO 2026-02-13 21:24:52,283 basehttp 15976 13736 "GET /departments/all/ HTTP/1.1" 200 877
INFO 2026-02-13 21:24:52,317 basehttp 15976 8572 "GET /users/employees/ HTTP/1.1" 200 451
INFO 2026-02-13 21:24:55,009 basehttp 15976 8572 "GET /departments/all/ HTTP/1.1" 200 877
INFO 2026-02-13 21:24:55,019 basehttp 15976 8572 "OPTIONS /task/all/?page=1&limit=10 HTTP/1.1" 200 0
INFO 2026-02-13 21:24:55,531 basehttp 15976 8572 "GET /departments/all/ HTTP/1.1" 200 877
INFO 2026-02-13 21:24:55,563 basehttp 15976 13736 "GET /task/all/?page=1&limit=10 HTTP/1.1" 200 1316
INFO 2026-02-13 21:24:55,576 basehttp 15976 13736 "OPTIONS /task-assignments/all/?page=1&limit=10 HTTP/1.1" 200 0
INFO 2026-02-13 21:24:55,704 basehttp 15976 13736 "GET /task/all/?page=1&limit=10 HTTP/1.1" 200 1316
INFO 2026-02-13 21:24:55,757 basehttp 15976 8572 "GET /task-assignments/all/?page=1&limit=10 HTTP/1.1" 200 3538
INFO 2026-02-13 21:24:55,768 basehttp 15976 13736 "OPTIONS /users/?role=employee HTTP/1.1" 200 0
INFO 2026-02-13 21:24:55,877 basehttp 15976 13736 "GET /users/?role=employee HTTP/1.1" 200 1224
INFO 2026-02-13 21:24:56,186 basehttp 15976 13736 "GET /users/ HTTP/1.1" 200 1224
INFO 2026-02-13 21:24:56,433 basehttp 15976 8572 "GET /task-assignments/all/?page=1&limit=10 HTTP/1.1" 200 3538
INFO 2026-02-13 21:24:56,574 basehttp 15976 8572 "GET /users/?role=employee HTTP/1.1" 200 1224
INFO 2026-02-13 21:24:56,732 basehttp 15976 8572 "GET /users/ HTTP/1.1" 200 1224
INFO 2026-02-13 21:24:58,505 basehttp 15976 8572 "OPTIONS /request/all/? HTTP/1.1" 200 0
INFO 2026-02-13 21:24:58,505 basehttp 15976 13736 "OPTIONS /request/all/? HTTP/1.1" 200 0
INFO 2026-02-13 21:24:58,814 basehttp 15976 13736 "GET /request/all/? HTTP/1.1" 200 1704
INFO 2026-02-13 21:24:59,011 basehttp 15976 8572 "GET /users/ HTTP/1.1" 200 1224
INFO 2026-02-13 21:24:59,017 basehttp 15976 8572 "OPTIONS /request/stats/ HTTP/1.1" 200 0
INFO 2026-02-13 21:24:59,156 basehttp 15976 13736 "GET /request/all/? HTTP/1.1" 200 1704
INFO 2026-02-13 21:24:59,486 basehttp 15976 8572 "GET /request/stats/ HTTP/1.1" 200 105
INFO 2026-02-13 21:25:00,009 basehttp 15976 13736 "GET /users/ HTTP/1.1" 200 1224
INFO 2026-02-13 21:25:00,232 basehttp 15976 13736 "GET /request/stats/ HTTP/1.1" 200 105
INFO 2026-02-13 21:25:06,680 basehttp 15976 8572 "OPTIONS /performance/my-performance/?days=30 HTTP/1.1" 200 0
INFO 2026-02-13 21:25:06,680 basehttp 15976 13736 "OPTIONS /performance/my-performance/?days=30 HTTP/1.1" 200 0
INFO 2026-02-13 21:25:06,680 basehttp 15976 14780 "OPTIONS /performance/my-performance/?days=30 HTTP/1.1" 200 0
INFO 2026-02-13 21:25:06,680 basehttp 15976 14532 "OPTIONS /performance/my-performance/?days=30 HTTP/1.1" 200 0
INFO 2026-02-13 21:25:07,151 basehttp 15976 13736 "GET /performance/my-performance/?days=30 HTTP/1.1" 200 3668
INFO 2026-02-13 21:25:07,742 basehttp 15976 13736 "GET /performance/my-performance/?days=30 HTTP/1.1" 200 3693
INFO 2026-02-13 21:25:08,120 basehttp 15976 14532 "GET /performance/my-performance/?days=30 HTTP/1.1" 200 3693
INFO 2026-02-13 21:25:08,475 basehttp 15976 13736 "GET /performance/my-performance/?days=30 HTTP/1.1" 200 3693
INFO 2026-02-13 21:25:11,308 basehttp 15976 13736 "OPTIONS /performance/all/?days=30&page=1&limit=12&sort_by=completion_rate&sort_order=desc HTTP/1.1" 200 0
INFO 2026-02-13 21:25:11,627 basehttp 15976 13736 "GET /performance/all/?days=30&page=1&limit=12&sort_by=completion_rate&sort_order=desc HTTP/1.1" 200 821
INFO 2026-02-13 21:25:11,974 basehttp 15976 13736 "OPTIONS /performance/organization/?days=30 HTTP/1.1" 200 0
INFO 2026-02-13 21:25:11,974 basehttp 15976 14532 "OPTIONS /performance/departments/summaries/?days=30 HTTP/1.1" 200 0
INFO 2026-02-13 21:25:12,632 basehttp 15976 13736 "GET /performance/departments/summaries/?days=30 HTTP/1.1" 200 794
INFO 2026-02-13 21:25:12,712 basehttp 15976 14532 "GET /performance/organization/?days=30 HTTP/1.1" 200 1671
INFO 2026-02-13 21:25:13,487 basehttp 15976 14532 "GET /performance/all/?days=30&page=1&limit=12&sort_by=completion_rate&sort_order=desc HTTP/1.1" 200 821
INFO 2026-02-13 21:25:19,661 basehttp 15976 14532 "OPTIONS /analytics/dashboard/?time_range=6months HTTP/1.1" 200 0
INFO 2026-02-13 21:25:19,832 basehttp 15976 14532 "GET /departments/all/ HTTP/1.1" 200 877
INFO 2026-02-13 21:25:20,052 basehttp 15976 13736 "GET /analytics/dashboard/?time_range=6months HTTP/1.1" 200 2942
INFO 2026-02-13 21:25:20,149 basehttp 15976 14532 "GET /departments/all/ HTTP/1.1" 200 877
INFO 2026-02-13 21:25:20,334 basehttp 15976 13736 "GET /analytics/dashboard/?time_range=6months HTTP/1.1" 200 2942
INFO 2026-02-13 21:25:31,204 basehttp 15976 13736 "GET /users/ HTTP/1.1" 200 1224
INFO 2026-02-13 21:25:31,278 basehttp 15976 14532 "GET /departments/all/ HTTP/1.1" 200 877
INFO 2026-02-13 21:25:31,437 basehttp 15976 8572 "GET /day-offs/statistics/ HTTP/1.1" 200 1676
INFO 2026-02-13 21:25:31,475 basehttp 15976 13736 "GET /users/ HTTP/1.1" 200 1224
INFO 2026-02-13 21:25:31,615 basehttp 15976 14532 "GET /departments/all/ HTTP/1.1" 200 877
INFO 2026-02-13 21:25:31,897 basehttp 15976 8572 "GET /day-offs/statistics/ HTTP/1.1" 200 1676
INFO 2026-02-13 21:25:34,800 basehttp 15976 8572 "GET /performance/my-performance/?days=30 HTTP/1.1" 200 3761
INFO 2026-02-13 21:25:35,486 basehttp 15976 14532 "GET /performance/my-performance/?days=30 HTTP/1.1" 200 3761
INFO 2026-02-13 21:25:35,820 basehttp 15976 14532 "GET /performance/my-performance/?days=30 HTTP/1.1" 200 3761
INFO 2026-02-13 21:25:36,198 basehttp 15976 14532 "GET /performance/my-performance/?days=30 HTTP/1.1" 200 3761
INFO 2026-02-13 21:25:37,186 basehttp 15976 14532 "GET /departments/all/ HTTP/1.1" 200 877
INFO 2026-02-13 21:25:37,242 basehttp 15976 8572 "GET /analytics/dashboard/?time_range=6months HTTP/1.1" 200 2942
INFO 2026-02-13 21:25:37,374 basehttp 15976 14532 "GET /departments/all/ HTTP/1.1" 200 877
INFO 2026-02-13 21:25:37,591 basehttp 15976 8572 "GET /analytics/dashboard/?time_range=6months HTTP/1.1" 200 2942
INFO 2026-02-13 21:34:01,408 basehttp 15976 1684 "GET /users/ HTTP/1.1" 200 1224
INFO 2026-02-13 21:34:01,492 basehttp 15976 13900 "GET /departments/all/ HTTP/1.1" 200 877
INFO 2026-02-13 21:34:01,521 basehttp 15976 7640 "GET /day-offs/statistics/ HTTP/1.1" 200 1676
INFO 2026-02-13 21:34:01,887 basehttp 15976 1684 "GET /users/ HTTP/1.1" 200 1224
INFO 2026-02-13 21:34:01,929 basehttp 15976 13900 "GET /departments/all/ HTTP/1.1" 200 877
INFO 2026-02-13 21:34:02,033 basehttp 15976 7640 "GET /day-offs/statistics/ HTTP/1.1" 200 1676
INFO 2026-02-13 21:38:47,198 basehttp 15976 7640 "OPTIONS /profile/ HTTP/1.1" 200 0
INFO 2026-02-13 21:38:47,198 basehttp 15976 13900 "OPTIONS /profile/ HTTP/1.1" 200 0
WARNING 2026-02-13 21:38:47,260 basehttp 15976 13900 "GET /profile/ HTTP/1.1" 401 172
WARNING 2026-02-13 21:38:47,361 basehttp 15976 13900 "GET /profile/ HTTP/1.1" 401 172
INFO 2026-02-13 21:39:31,783 basehttp 15976 15656 "GET /auth/verify-token/ HTTP/1.1" 200 398
INFO 2026-02-13 21:39:32,084 basehttp 15976 15656 "GET /auth/verify-token/ HTTP/1.1" 200 398
INFO 2026-02-13 21:39:32,747 basehttp 15976 11364 "GET /dashboard/?range=week HTTP/1.1" 200 13266
INFO 2026-02-13 21:39:33,093 basehttp 15976 11364 "GET /dashboard/?range=week HTTP/1.1" 200 13240
INFO 2026-02-13 21:39:33,479 basehttp 15976 15656 "GET /dashboard/?range=week HTTP/1.1" 200 13199
WARNING 2026-02-13 21:39:34,997 basehttp 15976 15656 "GET /profile/ HTTP/1.1" 401 172
WARNING 2026-02-13 21:39:35,010 basehttp 15976 15656 "GET /profile/ HTTP/1.1" 401 172
INFO 2026-02-13 21:43:17,354 basehttp 15976 15656 "GET /profile/ HTTP/1.1" 200 376
INFO 2026-02-13 21:43:55,497 basehttp 15976 15656 "OPTIONS /profile/update/ HTTP/1.1" 200 0
WARNING 2026-02-13 21:43:55,663 basehttp 15976 15656 "PUT /profile/update/ HTTP/1.1" 400 33
INFO 2026-02-13 21:44:12,845 basehttp 15976 15656 "PUT /profile/update/ HTTP/1.1" 200 427
INFO 2026-02-13 21:44:13,023 basehttp 15976 15656 "GET /profile/ HTTP/1.1" 200 376
INFO 2026-02-13 21:44:22,788 basehttp 15976 15656 "PUT /profile/update/ HTTP/1.1" 200 429
INFO 2026-02-13 21:44:22,927 basehttp 15976 15656 "GET /profile/ HTTP/1.1" 200 378
INFO 2026-02-13 21:44:30,866 basehttp 15976 15656 "PUT /profile/update/ HTTP/1.1" 200 427
INFO 2026-02-13 21:44:31,004 basehttp 15976 15656 "GET /profile/ HTTP/1.1" 200 376
INFO 2026-02-13 21:47:19,635 basehttp 15976 15656 "GET /users/ HTTP/1.1" 200 1224
INFO 2026-02-13 21:47:19,672 basehttp 15976 15768 "GET /departments/all/ HTTP/1.1" 200 877
INFO 2026-02-13 21:47:19,849 basehttp 15976 692 "GET /day-offs/statistics/ HTTP/1.1" 200 1676
INFO 2026-02-13 21:47:19,998 basehttp 15976 15656 "GET /users/ HTTP/1.1" 200 1224
INFO 2026-02-13 21:47:20,131 basehttp 15976 15768 "GET /departments/all/ HTTP/1.1" 200 877
INFO 2026-02-13 21:47:20,132 basehttp 15976 692 "GET /day-offs/statistics/ HTTP/1.1" 200 1676
INFO 2026-02-13 21:49:28,827 basehttp 15976 692 "OPTIONS /users/3/update/ HTTP/1.1" 200 0
INFO 2026-02-13 21:49:29,174 basehttp 15976 692 "PUT /users/3/update/ HTTP/1.1" 200 506
INFO 2026-02-13 21:49:29,642 basehttp 15976 692 "GET /users/ HTTP/1.1" 200 1224
INFO 2026-02-13 21:49:30,026 basehttp 15976 15768 "GET /day-offs/statistics/ HTTP/1.1" 200 1676
INFO 2026-02-13 21:49:39,425 basehttp 15976 9188 "GET /auth/verify-token/ HTTP/1.1" 200 461
INFO 2026-02-13 21:49:39,621 basehttp 15976 9188 "GET /auth/verify-token/ HTTP/1.1" 200 461
INFO 2026-02-13 21:49:40,255 basehttp 15976 12876 "GET /dashboard/?range=week HTTP/1.1" 200 4864
INFO 2026-02-13 21:49:40,510 basehttp 15976 9188 "GET /dashboard/?range=week HTTP/1.1" 200 5140
INFO 2026-02-13 21:49:40,739 basehttp 15976 9188 "GET /dashboard/?range=week HTTP/1.1" 200 5415
INFO 2026-02-13 21:49:43,832 basehttp 15976 9188 "OPTIONS /auth/logout/ HTTP/1.1" 200 0
INFO 2026-02-13 21:49:44,216 basehttp 15976 12876 "GET /dashboard/?range=week HTTP/1.1" 200 5692
INFO 2026-02-13 21:49:44,586 basehttp 15976 9188 "POST /auth/logout/ HTTP/1.1" 200 37
INFO 2026-02-13 21:49:44,746 basehttp 15976 3956 - Broken pipe from ('127.0.0.1', 64465)
INFO 2026-02-13 21:49:47,284 basehttp 15976 9188 "OPTIONS /auth/login/ HTTP/1.1" 200 0
WARNING 2026-02-13 21:49:50,672 basehttp 15976 9188 "POST /auth/login/ HTTP/1.1" 401 98
WARNING 2026-02-13 21:50:04,719 basehttp 15976 9188 "POST /auth/login/ HTTP/1.1" 401 98
INFO 2026-02-13 21:50:29,099 basehttp 15976 15768 "PUT /users/3/update/ HTTP/1.1" 200 549
INFO 2026-02-13 21:50:29,688 basehttp 15976 692 "GET /day-offs/statistics/ HTTP/1.1" 200 1676
INFO 2026-02-13 21:50:29,744 basehttp 15976 15768 "GET /users/ HTTP/1.1" 200 1224
INFO 2026-02-13 21:50:37,884 basehttp 15976 9188 "POST /auth/login/ HTTP/1.1" 200 967
INFO 2026-02-13 21:50:38,219 basehttp 15976 9188 "GET /dashboard/?range=week HTTP/1.1" 200 6596
INFO 2026-02-13 21:50:39,139 basehttp 15976 12876 "GET /dashboard/?range=week HTTP/1.1" 200 6595
INFO 2026-02-13 21:51:07,506 basehttp 15976 12876 "GET /departments/all/ HTTP/1.1" 200 877
INFO 2026-02-13 21:51:07,665 basehttp 15976 12876 "GET /departments/all/ HTTP/1.1" 200 877
INFO 2026-02-13 21:51:07,808 basehttp 15976 9188 "GET /task-assignments/my-assignments/ HTTP/1.1" 200 3538
INFO 2026-02-13 21:51:08,570 basehttp 15976 9188 "GET /task-assignments/my-assignments/ HTTP/1.1" 200 3538
INFO 2026-02-13 21:51:08,668 basehttp 15976 12876 "GET /task/all/?page=1&limit=10&id__in=3,4 HTTP/1.1" 200 1316
INFO 2026-02-13 21:51:08,874 basehttp 15976 12876 "GET /task/all/?page=1&limit=10&id__in=3,4 HTTP/1.1" 200 1316
INFO 2026-02-13 21:51:09,008 basehttp 15976 9188 "GET /task-assignments/my-assignments/?page=1&limit=10 HTTP/1.1" 200 3534
INFO 2026-02-13 21:51:09,281 basehttp 15976 9188 "GET /task-assignments/my-assignments/?page=1&limit=10 HTTP/1.1" 200 3534
INFO 2026-02-13 21:51:23,622 basehttp 15976 9188 "GET /performance/my-performance/?days=30 HTTP/1.1" 200 3658
INFO 2026-02-13 21:51:24,067 basehttp 15976 12876 "GET /performance/my-performance/?days=30 HTTP/1.1" 200 3658
INFO 2026-02-13 21:51:24,400 basehttp 15976 9188 "GET /performance/my-performance/?days=30 HTTP/1.1" 200 3658
INFO 2026-02-13 21:51:24,782 basehttp 15976 12876 "GET /performance/my-performance/?days=30 HTTP/1.1" 200 3659
INFO 2026-02-13 21:51:29,982 basehttp 15976 12876 "OPTIONS /performance/my-performance/?days=7 HTTP/1.1" 200 0
INFO 2026-02-13 21:51:30,245 basehttp 15976 12876 "GET /performance/my-performance/?days=7 HTTP/1.1" 200 1611
INFO 2026-02-13 21:51:35,189 basehttp 15976 12876 "OPTIONS /performance/my-performance/?days=90 HTTP/1.1" 200 0
INFO 2026-02-13 21:51:35,968 basehttp 15976 12876 "GET /performance/my-performance/?days=90 HTTP/1.1" 200 8999
INFO 2026-02-13 21:52:04,134 basehttp 15976 12876 "OPTIONS /profile/ HTTP/1.1" 200 0
INFO 2026-02-13 21:52:04,135 basehttp 15976 9188 "OPTIONS /profile/ HTTP/1.1" 200 0
INFO 2026-02-13 21:52:04,500 basehttp 15976 9188 "GET /profile/ HTTP/1.1" 200 439
INFO 2026-02-13 21:52:04,600 basehttp 15976 9188 "GET /profile/ HTTP/1.1" 200 439
INFO 2026-02-13 21:56:36,714 basehttp 15976 9188 "GET /profile/ HTTP/1.1" 200 439
INFO 2026-02-13 21:56:38,069 basehttp 15976 3280 "GET /users/ HTTP/1.1" 200 1224
INFO 2026-02-13 21:56:38,079 basehttp 15976 6468 "GET /departments/all/ HTTP/1.1" 200 877
INFO 2026-02-13 21:56:38,142 basehttp 15976 15152 "GET /day-offs/statistics/ HTTP/1.1" 200 1676
INFO 2026-02-13 21:57:02,128 basehttp 15976 15152 "GET /profile/ HTTP/1.1" 200 376
INFO 2026-02-13 21:57:02,545 basehttp 15976 15152 "GET /profile/ HTTP/1.1" 200 376
INFO 2026-02-13 21:57:04,983 basehttp 15976 15152 "GET /departments/all/ HTTP/1.1" 200 877
INFO 2026-02-13 21:57:05,082 basehttp 15976 6468 "GET /analytics/dashboard/?time_range=6months HTTP/1.1" 200 2942
INFO 2026-02-13 21:57:05,639 basehttp 15976 15152 "GET /departments/all/ HTTP/1.1" 200 877
INFO 2026-02-13 21:57:05,649 basehttp 15976 6468 "GET /analytics/dashboard/?time_range=6months HTTP/1.1" 200 2942
INFO 2026-02-13 21:57:37,075 basehttp 15976 9188 "GET /auth/verify-token/ HTTP/1.1" 200 461
INFO 2026-02-13 21:57:37,376 basehttp 15976 9188 "GET /auth/verify-token/ HTTP/1.1" 200 461
INFO 2026-02-13 21:57:38,073 basehttp 15976 14916 "GET /dashboard/?range=week HTTP/1.1" 200 6746
INFO 2026-02-13 21:57:38,442 basehttp 15976 9188 "GET /dashboard/?range=week HTTP/1.1" 200 6692
INFO 2026-02-13 21:57:38,874 basehttp 15976 14916 "GET /dashboard/?range=week HTTP/1.1" 200 6638
INFO 2026-02-13 21:57:43,152 basehttp 15976 14916 "OPTIONS /activity/my-activities/?page=1&page_size=50 HTTP/1.1" 200 0
INFO 2026-02-13 21:57:43,153 basehttp 15976 9188 "OPTIONS /activity/my-activities/?page=1&page_size=50 HTTP/1.1" 200 0
INFO 2026-02-13 21:57:43,417 basehttp 15976 14916 "GET /activity/my-activities/?page=1&page_size=50 HTTP/1.1" 200 22508
INFO 2026-02-13 21:57:43,612 basehttp 15976 14916 "GET /activity/my-activities/?page=1&page_size=50 HTTP/1.1" 200 22508
INFO 2026-02-13 21:58:02,964 basehttp 15976 14916 "GET /dashboard/?range=week HTTP/1.1" 200 6584
INFO 2026-02-13 21:58:03,272 basehttp 15976 14916 "GET /dashboard/?range=week HTTP/1.1" 200 6561
INFO 2026-02-13 21:58:08,806 basehttp 15976 14916 "OPTIONS /request/my-requests/? HTTP/1.1" 200 0
INFO 2026-02-13 21:58:08,807 basehttp 15976 9188 "OPTIONS /request/my-requests/? HTTP/1.1" 200 0
INFO 2026-02-13 21:58:09,192 basehttp 15976 9188 "GET /request/my-requests/? HTTP/1.1" 200 1704
INFO 2026-02-13 21:58:09,215 basehttp 15976 14916 "OPTIONS /request/my-requests/?status=pending HTTP/1.1" 200 0
INFO 2026-02-13 21:58:09,413 basehttp 15976 9188 "GET /request/my-requests/? HTTP/1.1" 200 1704
INFO 2026-02-13 21:58:09,522 basehttp 15976 14916 "GET /request/my-requests/?status=pending HTTP/1.1" 200 843
INFO 2026-02-13 21:58:09,710 basehttp 15976 14916 "GET /request/my-requests/?status=pending HTTP/1.1" 200 843
INFO 2026-02-13 21:59:34,831 basehttp 15976 6468 "GET /auth/verify-token/ HTTP/1.1" 200 398
INFO 2026-02-13 21:59:35,064 basehttp 15976 6468 "GET /auth/verify-token/ HTTP/1.1" 200 398
INFO 2026-02-13 21:59:35,483 basehttp 15976 15152 "GET /dashboard/?range=week HTTP/1.1" 200 13159
INFO 2026-02-13 21:59:35,972 basehttp 15976 6468 "GET /dashboard/?range=week HTTP/1.1" 200 13150
INFO 2026-02-13 21:59:36,439 basehttp 15976 15152 "GET /dashboard/?range=week HTTP/1.1" 200 13142
INFO 2026-02-13 22:01:32,830 basehttp 15976 15152 "GET /departments/all/ HTTP/1.1" 200 877
INFO 2026-02-13 22:01:32,838 basehttp 15976 6468 "GET /users/employees/ HTTP/1.1" 200 451
INFO 2026-02-13 22:01:33,135 basehttp 15976 15152 "GET /departments/all/ HTTP/1.1" 200 877
INFO 2026-02-13 22:01:33,224 basehttp 15976 6468 "GET /users/employees/ HTTP/1.1" 200 451
INFO 2026-02-13 22:04:19,367 basehttp 15976 6468 "GET /dashboard/?range=week HTTP/1.1" 200 13198
INFO 2026-02-13 22:04:19,755 basehttp 15976 15152 "GET /dashboard/?range=week HTTP/1.1" 200 13167
INFO 2026-02-13 22:04:49,175 basehttp 15976 6468 "GET /departments/all/ HTTP/1.1" 200 877
INFO 2026-02-13 22:04:49,280 basehttp 15976 15152 "GET /users/ HTTP/1.1" 200 1224
INFO 2026-02-13 22:04:49,384 basehttp 15976 13232 "GET /day-offs/statistics/ HTTP/1.1" 200 1676
INFO 2026-02-13 22:04:49,766 basehttp 15976 6468 "GET /departments/all/ HTTP/1.1" 200 877
INFO 2026-02-13 22:04:49,826 basehttp 15976 15152 "GET /users/ HTTP/1.1" 200 1224
INFO 2026-02-13 22:04:49,868 basehttp 15976 13232 "GET /day-offs/statistics/ HTTP/1.1" 200 1676
INFO 2026-02-13 22:04:54,414 basehttp 15976 13232 "GET /departments/all/ HTTP/1.1" 200 877
INFO 2026-02-13 22:04:54,445 basehttp 15976 15152 "GET /users/employees/ HTTP/1.1" 200 451
INFO 2026-02-13 22:04:54,799 basehttp 15976 13232 "GET /users/employees/ HTTP/1.1" 200 451
INFO 2026-02-13 22:04:54,985 basehttp 15976 15152 "GET /departments/all/ HTTP/1.1" 200 877
INFO 2026-02-13 22:05:42,652 basehttp 15976 15152 "GET /departments/all/ HTTP/1.1" 200 877
INFO 2026-02-13 22:05:42,797 basehttp 15976 15152 "GET /departments/all/ HTTP/1.1" 200 877
INFO 2026-02-13 22:05:42,880 basehttp 15976 13232 "GET /task/all/?page=1&limit=10 HTTP/1.1" 200 1316
INFO 2026-02-13 22:05:43,003 basehttp 15976 13232 "GET /task/all/?page=1&limit=10 HTTP/1.1" 200 1316
INFO 2026-02-13 22:05:43,097 basehttp 15976 15152 "GET /task-assignments/all/?page=1&limit=10 HTTP/1.1" 200 3538
INFO 2026-02-13 22:05:43,285 basehttp 15976 13232 "GET /users/?role=employee HTTP/1.1" 200 1224
INFO 2026-02-13 22:05:43,366 basehttp 15976 15152 "GET /task-assignments/all/?page=1&limit=10 HTTP/1.1" 200 3538
INFO 2026-02-13 22:05:43,517 basehttp 15976 13232 "GET /users/ HTTP/1.1" 200 1224
INFO 2026-02-13 22:05:44,007 basehttp 15976 15152 "GET /users/?role=employee HTTP/1.1" 200 1224
INFO 2026-02-13 22:05:44,207 basehttp 15976 15152 "GET /users/ HTTP/1.1" 200 1224
INFO 2026-02-13 22:05:54,134 basehttp 15976 15152 "GET /departments/all/ HTTP/1.1" 200 877
INFO 2026-02-13 22:05:54,219 basehttp 15976 13232 "GET /users/employees/ HTTP/1.1" 200 451
INFO 2026-02-13 22:05:54,446 basehttp 15976 15152 "GET /departments/all/ HTTP/1.1" 200 877
INFO 2026-02-13 22:05:54,488 basehttp 15976 13232 "GET /users/employees/ HTTP/1.1" 200 451
INFO 2026-02-13 22:05:58,874 basehttp 15976 13232 "GET /performance/my-performance/?days=30 HTTP/1.1" 200 3829
INFO 2026-02-13 22:05:59,309 basehttp 15976 15152 "GET /performance/my-performance/?days=30 HTTP/1.1" 200 3829
INFO 2026-02-13 22:05:59,685 basehttp 15976 13232 "GET /performance/my-performance/?days=30 HTTP/1.1" 200 3830
INFO 2026-02-13 22:06:00,263 basehttp 15976 13232 "GET /performance/my-performance/?days=30 HTTP/1.1" 200 3830
INFO 2026-02-13 22:06:14,587 basehttp 15976 15152 "GET /performance/departments/summaries/?days=30 HTTP/1.1" 200 794
INFO 2026-02-13 22:06:14,776 basehttp 15976 13232 "GET /performance/organization/?days=30 HTTP/1.1" 200 1805
INFO 2026-02-13 22:06:24,409 basehttp 15976 13232 "GET /dashboard/?range=week HTTP/1.1" 200 13379
INFO 2026-02-13 22:06:24,762 basehttp 15976 13232 "GET /dashboard/?range=week HTTP/1.1" 200 13335
INFO 2026-02-13 22:06:46,909 basehttp 15976 13232 "GET /performance/my-performance/?days=30 HTTP/1.1" 200 3830
INFO 2026-02-13 22:06:47,243 basehttp 15976 15152 "GET /performance/my-performance/?days=30 HTTP/1.1" 200 3830
INFO 2026-02-13 22:06:48,036 basehttp 15976 13232 "GET /performance/my-performance/?days=30 HTTP/1.1" 200 3830
INFO 2026-02-13 22:06:48,433 basehttp 15976 13232 "GET /performance/my-performance/?days=30 HTTP/1.1" 200 3830
INFO 2026-02-13 22:06:50,620 basehttp 15976 13232 "GET /departments/all/ HTTP/1.1" 200 877
INFO 2026-02-13 22:06:50,981 basehttp 15976 13232 "GET /departments/all/ HTTP/1.1" 200 877
INFO 2026-02-13 22:06:51,426 basehttp 15976 15152 "GET /task/all/?page=1&limit=10 HTTP/1.1" 200 1316
INFO 2026-02-13 22:06:51,749 basehttp 15976 15152 "GET /task/all/?page=1&limit=10 HTTP/1.1" 200 1316
INFO 2026-02-13 22:06:51,771 basehttp 15976 13232 "GET /task-assignments/all/?page=1&limit=10 HTTP/1.1" 200 3538
INFO 2026-02-13 22:06:51,923 basehttp 15976 15152 "GET /users/?role=employee HTTP/1.1" 200 1224
INFO 2026-02-13 22:06:52,122 basehttp 15976 15152 "GET /users/ HTTP/1.1" 200 1224
INFO 2026-02-13 22:06:52,124 basehttp 15976 13232 "GET /task-assignments/all/?page=1&limit=10 HTTP/1.1" 200 3538
INFO 2026-02-13 22:06:52,327 basehttp 15976 13232 "GET /users/?role=employee HTTP/1.1" 200 1224
INFO 2026-02-13 22:06:52,536 basehttp 15976 13232 "GET /users/ HTTP/1.1" 200 1224
INFO 2026-02-13 22:06:54,475 basehttp 15976 15152 "GET /task/all/?page=1&limit=10 HTTP/1.1" 200 1316
INFO 2026-02-13 22:06:54,530 basehttp 15976 13232 "GET /task-assignments/all/?page=1&limit=10 HTTP/1.1" 200 3538
INFO 2026-02-13 22:06:58,657 basehttp 15976 13232 "GET /task/all/?page=1&limit=10 HTTP/1.1" 200 1316
INFO 2026-02-13 22:06:59,014 basehttp 15976 15152 "GET /task-assignments/all/?page=1&limit=10 HTTP/1.1" 200 3538
INFO 2026-02-13 22:07:04,748 basehttp 15976 15152 "GET /request/all/? HTTP/1.1" 200 1704
INFO 2026-02-13 22:07:05,309 basehttp 15976 15152 "GET /request/all/? HTTP/1.1" 200 1704
INFO 2026-02-13 22:07:05,376 basehttp 15976 13232 "GET /users/ HTTP/1.1" 200 1224
INFO 2026-02-13 22:07:05,572 basehttp 15976 13232 "GET /users/ HTTP/1.1" 200 1224
INFO 2026-02-13 22:07:05,627 basehttp 15976 15152 "GET /request/stats/ HTTP/1.1" 200 105
INFO 2026-02-13 22:07:05,828 basehttp 15976 15152 "GET /request/stats/ HTTP/1.1" 200 105
INFO 2026-02-13 22:08:05,783 basehttp 15976 15152 "GET /users/ HTTP/1.1" 200 1224
INFO 2026-02-13 22:08:05,903 basehttp 15976 6468 "GET /day-offs/statistics/ HTTP/1.1" 200 1676
INFO 2026-02-13 22:08:05,926 basehttp 15976 13232 "GET /departments/all/ HTTP/1.1" 200 877
INFO 2026-02-13 22:08:06,035 basehttp 15976 15152 "GET /users/ HTTP/1.1" 200 1224
INFO 2026-02-13 22:08:06,297 basehttp 15976 13232 "GET /departments/all/ HTTP/1.1" 200 877
INFO 2026-02-13 22:08:06,357 basehttp 15976 6468 "GET /day-offs/statistics/ HTTP/1.1" 200 1676
INFO 2026-02-13 22:08:23,227 basehttp 15976 6468 "GET /performance/my-performance/?days=30 HTTP/1.1" 200 3831
INFO 2026-02-13 22:08:23,871 basehttp 15976 6468 "GET /performance/my-performance/?days=30 HTTP/1.1" 200 3831
INFO 2026-02-13 22:08:24,216 basehttp 15976 13232 "GET /performance/my-performance/?days=30 HTTP/1.1" 200 3831
INFO 2026-02-13 22:08:24,560 basehttp 15976 6468 "GET /performance/my-performance/?days=30 HTTP/1.1" 200 3831
INFO 2026-02-13 22:08:35,209 basehttp 15976 2484 "GET /performance/my-performance/?days=30 HTTP/1.1" 200 3673
INFO 2026-02-13 22:08:35,945 basehttp 15976 4724 "GET /performance/my-performance/?days=30 HTTP/1.1" 200 3673
INFO 2026-02-13 22:08:36,340 basehttp 15976 2484 "GET /performance/my-performance/?days=30 HTTP/1.1" 200 3673
INFO 2026-02-13 22:08:36,883 basehttp 15976 4724 "GET /performance/my-performance/?days=30 HTTP/1.1" 200 3673
INFO 2026-02-13 22:09:03,029 basehttp 15976 3436 "GET /activity/my-activities/?page=1&page_size=50 HTTP/1.1" 200 28936
INFO 2026-02-13 22:09:03,272 basehttp 15976 10544 "GET /activity/my-activities/?page=1&page_size=50 HTTP/1.1" 200 28936
INFO 2026-02-13 22:09:46,344 basehttp 15976 10544 "GET /dashboard/?range=week HTTP/1.1" 200 6791
INFO 2026-02-13 22:09:46,572 basehttp 15976 3436 "GET /dashboard/?range=week HTTP/1.1" 200 6766
INFO 2026-02-13 22:09:48,147 basehttp 15976 3436 "GET /activity/my-activities/?page=1&page_size=50 HTTP/1.1" 200 30184
INFO 2026-02-13 22:09:48,406 basehttp 15976 10544 "GET /activity/my-activities/?page=1&page_size=50 HTTP/1.1" 200 30184
INFO 2026-02-13 22:10:08,242 basehttp 15976 10544 "OPTIONS /activity/my-activities/?page=1&page_size=50&status_code=400 HTTP/1.1" 200 0
INFO 2026-02-13 22:10:08,276 basehttp 15976 10544 "GET /activity/my-activities/?page=1&page_size=50&status_code=400 HTTP/1.1" 200 143
INFO 2026-02-13 22:10:13,042 basehttp 15976 10544 "OPTIONS /activity/my-activities/?page=1&page_size=50&status_code=200 HTTP/1.1" 200 0
INFO 2026-02-13 22:10:13,278 basehttp 15976 10544 "GET /activity/my-activities/?page=1&page_size=50&status_code=200 HTTP/1.1" 200 28865
INFO 2026-02-13 22:10:22,517 basehttp 15976 10544 "GET /activity/my-activities/?page=1&page_size=50 HTTP/1.1" 200 30184
INFO 2026-02-13 22:10:35,245 basehttp 15976 10544 "OPTIONS /activity/my-activities/?page=1&page_size=50&search=p HTTP/1.1" 200 0
INFO 2026-02-13 22:10:35,505 basehttp 15976 10544 "GET /activity/my-activities/?page=1&page_size=50&search=p HTTP/1.1" 200 30184
INFO 2026-02-13 22:10:41,004 basehttp 15976 10544 "OPTIONS /activity/my-activities/?page=1&page_size=50&search=po HTTP/1.1" 200 0
INFO 2026-02-13 22:10:41,242 basehttp 15976 10544 "GET /activity/my-activities/?page=1&page_size=50&search=po HTTP/1.1" 200 30184
INFO 2026-02-13 22:10:44,389 basehttp 15976 10544 "OPTIONS /activity/my-activities/?page=1&page_size=50&search=pos HTTP/1.1" 200 0
INFO 2026-02-13 22:10:44,610 basehttp 15976 10544 "GET /activity/my-activities/?page=1&page_size=50&search=pos HTTP/1.1" 200 30184
INFO 2026-02-13 22:10:46,724 basehttp 15976 10544 "OPTIONS /activity/my-activities/?page=1&page_size=50&search=post HTTP/1.1" 200 0
INFO 2026-02-13 22:10:46,943 basehttp 15976 10544 "GET /activity/my-activities/?page=1&page_size=50&search=post HTTP/1.1" 200 30184
INFO 2026-02-13 22:10:56,220 basehttp 15976 10544 "GET /dashboard/?range=week HTTP/1.1" 200 6751
INFO 2026-02-13 22:10:56,521 basehttp 15976 10544 "GET /dashboard/?range=week HTTP/1.1" 200 6726
INFO 2026-02-13 22:11:27,326 basehttp 15976 10056 "GET /performance/all/?days=30&page=1&limit=12&sort_by=completion_rate&sort_order=desc HTTP/1.1" 200 955
INFO 2026-02-13 22:11:30,239 basehttp 15976 14612 "GET /performance/departments/summaries/?days=30 HTTP/1.1" 200 794
INFO 2026-02-13 22:11:30,355 basehttp 15976 10056 "GET /performance/organization/?days=30 HTTP/1.1" 200 1805
INFO 2026-02-14 06:54:05,880 autoreload 7920 3152 Watching for file changes with StatReloader
INFO 2026-02-14 06:56:29,894 basehttp 7920 9568 "OPTIONS /auth/verify-token/ HTTP/1.1" 200 0
INFO 2026-02-14 06:56:29,895 basehttp 7920 4628 "OPTIONS /auth/verify-token/ HTTP/1.1" 200 0
INFO 2026-02-14 06:56:36,400 basehttp 7920 9568 "OPTIONS /auth/login/ HTTP/1.1" 200 0
INFO 2026-02-14 06:56:39,454 basehttp 7920 4628 "GET /auth/verify-token/ HTTP/1.1" 200 398
INFO 2026-02-14 06:56:39,585 basehttp 7920 15868 "OPTIONS /dashboard/?range=week HTTP/1.1" 200 0
INFO 2026-02-14 06:56:39,599 basehttp 7920 5856 "OPTIONS /dashboard/?range=week HTTP/1.1" 200 0
INFO 2026-02-14 06:56:39,663 basehttp 7920 9568 "POST /auth/login/ HTTP/1.1" 200 904
INFO 2026-02-14 06:56:39,893 basehttp 7920 9568 "OPTIONS /auth/logout/ HTTP/1.1" 200 0
INFO 2026-02-14 06:56:40,247 basehttp 7920 4628 - Broken pipe from ('127.0.0.1', 56759)
INFO 2026-02-14 06:56:40,883 basehttp 7920 15868 "GET /dashboard/?range=week HTTP/1.1" 200 13217
INFO 2026-02-14 06:56:42,014 basehttp 7920 5856 "GET /dashboard/?range=week HTTP/1.1" 200 13227
INFO 2026-02-14 06:56:42,206 basehttp 7920 9568 "POST /auth/logout/ HTTP/1.1" 200 37
INFO 2026-02-14 06:56:42,401 basehttp 7920 15868 - Broken pipe from ('127.0.0.1', 56768)
INFO 2026-02-14 06:58:32,333 basehttp 7920 9568 "POST /auth/login/ HTTP/1.1" 200 904
INFO 2026-02-14 06:58:36,952 basehttp 7920 9568 "GET /dashboard/?range=week HTTP/1.1" 200 13137
INFO 2026-02-14 06:58:41,499 basehttp 7920 5856 "GET /dashboard/?range=week HTTP/1.1" 200 13108
INFO 2026-02-14 07:27:04,210 autoreload 7920 3152 D:\DJANGO\FINAL YEAR PROJECTS\Gatete Bertrand\backend\backend\settings.py changed, reloading.
INFO 2026-02-14 07:27:08,933 autoreload 15656 14484 Watching for file changes with StatReloader
INFO 2026-02-14 07:27:17,131 autoreload 15656 14484 D:\DJANGO\FINAL YEAR PROJECTS\Gatete Bertrand\backend\backend\urls.py changed, reloading.
INFO 2026-02-14 07:27:19,306 autoreload 15860 3084 Watching for file changes with StatReloader
INFO 2026-02-14 07:27:27,270 autoreload 15860 3084 D:\DJANGO\FINAL YEAR PROJECTS\Gatete Bertrand\backend\backend\urls.py changed, reloading.
INFO 2026-02-14 07:27:29,582 autoreload 3520 6740 Watching for file changes with StatReloader
INFO 2026-02-14 07:28:00,509 autoreload 3520 6740 D:\DJANGO\FINAL YEAR PROJECTS\Gatete Bertrand\backend\reportApp\views.py changed, reloading.
INFO 2026-02-14 07:28:02,089 autoreload 7252 14508 Watching for file changes with StatReloader
INFO 2026-02-14 07:36:41,086 basehttp 7252 9304 "OPTIONS /auth/verify-token/ HTTP/1.1" 200 0
INFO 2026-02-14 07:36:41,087 basehttp 7252 15472 "OPTIONS /auth/verify-token/ HTTP/1.1" 200 0
INFO 2026-02-14 07:36:41,842 basehttp 7252 9304 "GET /auth/verify-token/ HTTP/1.1" 200 461
INFO 2026-02-14 07:36:41,912 basehttp 7252 15472 "OPTIONS /dashboard/?range=week HTTP/1.1" 200 0
INFO 2026-02-14 07:36:41,914 basehttp 7252 13484 "OPTIONS /dashboard/?range=week HTTP/1.1" 200 0
INFO 2026-02-14 07:36:42,168 basehttp 7252 9304 "GET /auth/verify-token/ HTTP/1.1" 200 461
INFO 2026-02-14 07:36:42,353 basehttp 7252 13484 "GET /dashboard/?range=week HTTP/1.1" 200 6666
INFO 2026-02-14 07:36:43,270 basehttp 7252 13484 "GET /dashboard/?range=week HTTP/1.1" 200 6584
INFO 2026-02-14 07:36:43,620 basehttp 7252 9304 "GET /dashboard/?range=week HTTP/1.1" 200 6532
INFO 2026-02-14 07:36:45,345 basehttp 7252 9304 "OPTIONS /auth/logout/ HTTP/1.1" 200 0
INFO 2026-02-14 07:36:45,811 basehttp 7252 13484 "GET /dashboard/?range=week HTTP/1.1" 200 6529
INFO 2026-02-14 07:36:45,836 basehttp 7252 9304 "POST /auth/logout/ HTTP/1.1" 200 37
INFO 2026-02-14 07:36:46,130 basehttp 7252 13484 - Broken pipe from ('127.0.0.1', 57768)
INFO 2026-02-14 07:46:41,246 basehttp 7252 15944 "GET /auth/verify-token/ HTTP/1.1" 200 398
INFO 2026-02-14 07:46:42,453 basehttp 7252 13548 "GET /auth/verify-token/ HTTP/1.1" 200 398
INFO 2026-02-14 07:46:42,453 basehttp 7252 15944 "GET /dashboard/?range=week HTTP/1.1" 200 13127
INFO 2026-02-14 07:46:42,774 basehttp 7252 13548 "GET /dashboard/?range=week HTTP/1.1" 200 13113
INFO 2026-02-14 07:46:43,084 basehttp 7252 15944 "GET /dashboard/?range=week HTTP/1.1" 200 13104
INFO 2026-02-14 07:46:47,015 basehttp 7252 15944 "OPTIONS /report/available/ HTTP/1.1" 200 0
INFO 2026-02-14 07:46:47,015 basehttp 7252 1716 "OPTIONS /users/all/ HTTP/1.1" 200 0
INFO 2026-02-14 07:46:47,016 basehttp 7252 13548 "OPTIONS /departments/all/ HTTP/1.1" 200 0
INFO 2026-02-14 07:46:47,020 basehttp 7252 15944 "OPTIONS /users/all/ HTTP/1.1" 200 0
INFO 2026-02-14 07:46:47,029 basehttp 7252 1716 "OPTIONS /departments/all/ HTTP/1.1" 200 0
INFO 2026-02-14 07:46:47,029 basehttp 7252 10420 "OPTIONS /report/available/ HTTP/1.1" 200 0
INFO 2026-02-14 07:46:47,051 basehttp 7252 13548 "GET /report/available/ HTTP/1.1" 200 714
INFO 2026-02-14 07:46:47,079 basehttp 7252 10420 "GET /report/available/ HTTP/1.1" 200 714
WARNING 2026-02-14 07:46:47,153 basehttp 7252 15944 "GET /users/all/ HTTP/1.1" 404 12623
WARNING 2026-02-14 07:46:47,179 basehttp 7252 10420 "GET /users/all/ HTTP/1.1" 404 12623
INFO 2026-02-14 07:46:47,217 basehttp 7252 13548 "GET /departments/all/ HTTP/1.1" 200 877
INFO 2026-02-14 07:46:47,345 basehttp 7252 10420 "GET /departments/all/ HTTP/1.1" 200 877
INFO 2026-02-14 07:47:05,841 basehttp 7252 10420 "OPTIONS /report/users/ HTTP/1.1" 200 0
ERROR 2026-02-14 07:47:06,040 basehttp 7252 10420 "POST /report/users/ HTTP/1.1" 500 133
INFO 2026-02-14 07:48:24,628 basehttp 7252 10420 "OPTIONS /report/tasks/ HTTP/1.1" 200 0
ERROR 2026-02-14 07:48:24,774 basehttp 7252 10420 "POST /report/tasks/ HTTP/1.1" 500 133
INFO 2026-02-14 07:51:27,615 autoreload 7252 14508 D:\DJANGO\FINAL YEAR PROJECTS\Gatete Bertrand\backend\reportApp\serializers.py changed, reloading.
INFO 2026-02-14 07:51:33,337 autoreload 1660 16124 Watching for file changes with StatReloader
INFO 2026-02-14 07:52:01,772 autoreload 1660 16124 D:\DJANGO\FINAL YEAR PROJECTS\Gatete Bertrand\backend\reportApp\utils.py changed, reloading.
INFO 2026-02-14 07:52:03,765 autoreload 9244 14720 Watching for file changes with StatReloader
INFO 2026-02-14 08:03:29,716 autoreload 10100 14624 Watching for file changes with StatReloader
INFO 2026-02-14 08:04:04,026 basehttp 10100 3952 "OPTIONS /auth/password-reset/request-otp/ HTTP/1.1" 200 0
INFO 2026-02-14 08:04:31,405 basehttp 10100 3952 - Broken pipe from ('127.0.0.1', 58908)
INFO 2026-02-14 08:04:31,421 basehttp 10100 14704 - Broken pipe from ('127.0.0.1', 58880)
INFO 2026-02-14 08:04:57,495 basehttp 10100 6124 "POST /auth/login/ HTTP/1.1" 200 904
INFO 2026-02-14 08:04:58,226 basehttp 10100 6124 "GET /dashboard/?range=week HTTP/1.1" 200 13268
INFO 2026-02-14 08:04:58,706 basehttp 10100 10796 "GET /dashboard/?range=week HTTP/1.1" 200 13262
INFO 2026-02-14 08:05:03,970 basehttp 10100 10796 "GET /report/available/ HTTP/1.1" 200 714
WARNING 2026-02-14 08:05:03,974 basehttp 10100 2700 "GET /users/all/ HTTP/1.1" 404 12623
INFO 2026-02-14 08:05:04,042 basehttp 10100 2700 "GET /report/available/ HTTP/1.1" 200 714
WARNING 2026-02-14 08:05:04,057 basehttp 10100 6220 "GET /users/all/ HTTP/1.1" 404 12623
INFO 2026-02-14 08:05:04,098 basehttp 10100 6124 "GET /departments/all/ HTTP/1.1" 200 877
INFO 2026-02-14 08:05:04,285 basehttp 10100 6220 "GET /departments/all/ HTTP/1.1" 200 877
INFO 2026-02-14 08:05:38,213 basehttp 10100 6220 "GET /auth/verify-token/ HTTP/1.1" 200 398
INFO 2026-02-14 08:05:38,434 basehttp 10100 6124 "GET /auth/verify-token/ HTTP/1.1" 200 398
INFO 2026-02-14 08:05:38,740 basehttp 10100 6220 "GET /dashboard/?range=week HTTP/1.1" 200 13203
INFO 2026-02-14 08:05:39,451 basehttp 10100 6124 "GET /dashboard/?range=week HTTP/1.1" 200 13115
INFO 2026-02-14 08:05:39,742 basehttp 10100 6220 "GET /dashboard/?range=week HTTP/1.1" 200 13093
INFO 2026-02-14 08:05:44,300 basehttp 10100 2700 "OPTIONS /users/ HTTP/1.1" 200 0
INFO 2026-02-14 08:05:44,322 basehttp 10100 6220 "GET /report/available/ HTTP/1.1" 200 714
INFO 2026-02-14 08:05:44,407 basehttp 10100 10796 "GET /report/available/ HTTP/1.1" 200 714
INFO 2026-02-14 08:05:44,484 basehttp 10100 6124 "GET /departments/all/ HTTP/1.1" 200 877
INFO 2026-02-14 08:05:44,523 basehttp 10100 2700 "GET /users/ HTTP/1.1" 200 1224
INFO 2026-02-14 08:05:44,689 basehttp 10100 10796 "GET /departments/all/ HTTP/1.1" 200 877
INFO 2026-02-14 08:05:44,727 basehttp 10100 6124 "GET /users/ HTTP/1.1" 200 1224
INFO 2026-02-14 08:05:58,147 basehttp 10100 6124 "POST /report/users/ HTTP/1.1" 200 1560
INFO 2026-02-14 08:08:10,883 basehttp 10100 7748 "OPTIONS /auth/login/ HTTP/1.1" 200 0
WARNING 2026-02-14 08:08:11,045 basehttp 10100 7748 "POST /auth/login/ HTTP/1.1" 401 70
INFO 2026-02-14 08:08:38,340 basehttp 10100 6124 "OPTIONS /report/assignments/ HTTP/1.1" 200 0
INFO 2026-02-14 08:08:38,579 basehttp 10100 6124 "POST /report/assignments/ HTTP/1.1" 200 1728
INFO 2026-02-14 08:09:39,066 basehttp 10100 6124 "GET /dashboard/?range=week HTTP/1.1" 200 13213
INFO 2026-02-14 08:09:39,420 basehttp 10100 10796 "GET /dashboard/?range=week HTTP/1.1" 200 13208
INFO 2026-02-14 08:10:00,597 basehttp 10100 10796 "OPTIONS /day-offs/statistics/ HTTP/1.1" 200 0
INFO 2026-02-14 08:10:00,600 basehttp 10100 6124 "OPTIONS /day-offs/statistics/ HTTP/1.1" 200 0
INFO 2026-02-14 08:10:00,798 basehttp 10100 10796 "GET /users/ HTTP/1.1" 200 1224
INFO 2026-02-14 08:10:00,864 basehttp 10100 2700 "GET /day-offs/statistics/ HTTP/1.1" 200 1676
INFO 2026-02-14 08:10:00,886 basehttp 10100 6124 "GET /departments/all/ HTTP/1.1" 200 877
INFO 2026-02-14 08:10:00,990 basehttp 10100 6220 "GET /users/ HTTP/1.1" 200 1224
INFO 2026-02-14 08:10:01,136 basehttp 10100 6372 "GET /departments/all/ HTTP/1.1" 200 877
INFO 2026-02-14 08:10:01,539 basehttp 10100 10796 "GET /day-offs/statistics/ HTTP/1.1" 200 1676
INFO 2026-02-14 08:10:06,210 basehttp 10100 10796 "GET /report/available/ HTTP/1.1" 200 714
INFO 2026-02-14 08:10:06,239 basehttp 10100 6124 "GET /report/available/ HTTP/1.1" 200 714
INFO 2026-02-14 08:10:06,389 basehttp 10100 6372 "GET /departments/all/ HTTP/1.1" 200 877
INFO 2026-02-14 08:10:06,426 basehttp 10100 6220 "GET /users/ HTTP/1.1" 200 1224
INFO 2026-02-14 08:10:06,527 basehttp 10100 6124 "GET /departments/all/ HTTP/1.1" 200 877
INFO 2026-02-14 08:10:06,567 basehttp 10100 6372 "GET /users/ HTTP/1.1" 200 1224
INFO 2026-02-14 08:10:12,636 basehttp 10100 6372 "OPTIONS /report/dayoff/ HTTP/1.1" 200 0
INFO 2026-02-14 08:10:12,807 basehttp 10100 6372 "POST /report/dayoff/ HTTP/1.1" 200 1285
INFO 2026-02-14 08:10:37,168 basehttp 10100 6372 "OPTIONS /report/activities/ HTTP/1.1" 200 0
ERROR 2026-02-14 08:10:37,453 basehttp 10100 6372 "POST /report/activities/ HTTP/1.1" 500 109
INFO 2026-02-14 08:16:59,885 autoreload 10100 14624 D:\DJANGO\FINAL YEAR PROJECTS\Gatete Bertrand\backend\reportApp\views.py changed, reloading.
INFO 2026-02-14 08:17:03,593 autoreload 13696 7624 Watching for file changes with StatReloader
ERROR 2026-02-14 08:17:24,374 basehttp 13696 15660 "POST /report/activities/ HTTP/1.1" 500 109
INFO 2026-02-14 08:17:45,754 basehttp 13696 15660 "GET /auth/verify-token/ HTTP/1.1" 200 398
INFO 2026-02-14 08:17:46,271 basehttp 13696 15660 "GET /auth/verify-token/ HTTP/1.1" 200 398
INFO 2026-02-14 08:17:46,342 basehttp 13696 15628 "GET /dashboard/?range=week HTTP/1.1" 200 13296
INFO 2026-02-14 08:17:46,730 basehttp 13696 15660 "GET /dashboard/?range=week HTTP/1.1" 200 13257
INFO 2026-02-14 08:17:47,268 basehttp 13696 15628 "GET /dashboard/?range=week HTTP/1.1" 200 13215
INFO 2026-02-14 08:17:51,576 basehttp 13696 15628 "GET /report/available/ HTTP/1.1" 200 714
INFO 2026-02-14 08:17:51,622 basehttp 13696 15628 "GET /report/available/ HTTP/1.1" 200 714
INFO 2026-02-14 08:17:51,738 basehttp 13696 15660 "GET /departments/all/ HTTP/1.1" 200 877
INFO 2026-02-14 08:17:51,817 basehttp 13696 1888 "GET /users/ HTTP/1.1" 200 1224
INFO 2026-02-14 08:17:51,929 basehttp 13696 15628 "GET /departments/all/ HTTP/1.1" 200 877
INFO 2026-02-14 08:17:51,969 basehttp 13696 15660 "GET /users/ HTTP/1.1" 200 1224
INFO 2026-02-14 08:17:59,775 basehttp 13696 15660 "OPTIONS /report/organization/ HTTP/1.1" 200 0
INFO 2026-02-14 08:18:00,065 basehttp 13696 15660 "POST /report/organization/ HTTP/1.1" 200 978
ERROR 2026-02-14 08:18:54,790 basehttp 13696 15660 "POST /report/organization/ HTTP/1.1" 500 107
ERROR 2026-02-14 08:19:18,281 basehttp 13696 15660 "POST /report/activities/ HTTP/1.1" 500 110
INFO 2026-02-14 08:21:22,528 basehttp 13696 15660 "OPTIONS /report/departments/ HTTP/1.1" 200 0
INFO 2026-02-14 08:21:22,755 basehttp 13696 15660 "POST /report/departments/ HTTP/1.1" 200 906
INFO 2026-02-14 08:21:37,800 basehttp 13696 15660 "POST /report/departments/ HTTP/1.1" 200 906
INFO 2026-02-14 08:25:27,699 autoreload 13696 7624 D:\DJANGO\FINAL YEAR PROJECTS\Gatete Bertrand\backend\reportApp\utils.py changed, reloading.
INFO 2026-02-14 08:25:30,339 autoreload 5664 5872 Watching for file changes with StatReloader
INFO 2026-02-14 08:26:11,279 autoreload 5664 5872 D:\DJANGO\FINAL YEAR PROJECTS\Gatete Bertrand\backend\reportApp\views.py changed, reloading.
INFO 2026-02-14 08:26:14,175 autoreload 14872 4216 Watching for file changes with StatReloader
INFO 2026-02-14 08:26:26,567 basehttp 14872 10176 "GET /auth/verify-token/ HTTP/1.1" 200 398
INFO 2026-02-14 08:26:27,053 basehttp 14872 7628 "GET /auth/verify-token/ HTTP/1.1" 200 398
INFO 2026-02-14 08:26:27,109 basehttp 14872 10176 "GET /dashboard/?range=week HTTP/1.1" 200 13328
INFO 2026-02-14 08:26:27,440 basehttp 14872 7628 "GET /dashboard/?range=week HTTP/1.1" 200 13284
INFO 2026-02-14 08:26:27,774 basehttp 14872 10176 "GET /dashboard/?range=week HTTP/1.1" 200 13250
INFO 2026-02-14 08:26:29,964 basehttp 14872 10176 "GET /report/available/ HTTP/1.1" 200 714
INFO 2026-02-14 08:26:30,086 basehttp 14872 11248 "GET /report/available/ HTTP/1.1" 200 714
INFO 2026-02-14 08:26:30,170 basehttp 14872 7628 "GET /departments/all/ HTTP/1.1" 200 877
INFO 2026-02-14 08:26:30,201 basehttp 14872 9904 "GET /users/ HTTP/1.1" 200 1224
INFO 2026-02-14 08:26:30,333 basehttp 14872 11248 "GET /departments/all/ HTTP/1.1" 200 877
INFO 2026-02-14 08:26:30,379 basehttp 14872 7628 "GET /users/ HTTP/1.1" 200 1224
INFO 2026-02-14 08:26:36,366 basehttp 14872 7628 "POST /report/activities/ HTTP/1.1" 200 118137
INFO 2026-02-14 08:27:22,021 basehttp 14872 7628 "POST /report/activities/ HTTP/1.1" 200 442
INFO 2026-02-14 08:27:31,522 basehttp 14872 7628 "POST /report/organization/ HTTP/1.1" 200 1071
INFO 2026-02-14 08:27:43,156 basehttp 14872 7628 "POST /report/organization/ HTTP/1.1" 200 1094
INFO 2026-02-14 08:28:39,036 basehttp 14872 7628 "POST /report/tasks/ HTTP/1.1" 200 1978
INFO 2026-02-14 08:29:22,678 basehttp 14872 2888 "POST /auth/login/ HTTP/1.1" 200 967
INFO 2026-02-14 08:29:23,526 basehttp 14872 2888 "GET /dashboard/?range=week HTTP/1.1" 200 6597
INFO 2026-02-14 08:29:23,789 basehttp 14872 2888 "GET /dashboard/?range=week HTTP/1.1" 200 6568
INFO 2026-02-14 08:29:26,887 basehttp 14872 3948 "OPTIONS /departments/all/ HTTP/1.1" 200 0
INFO 2026-02-14 08:29:26,888 basehttp 14872 2888 "OPTIONS /report/available/ HTTP/1.1" 200 0
INFO 2026-02-14 08:29:26,890 basehttp 14872 9564 "OPTIONS /report/available/ HTTP/1.1" 200 0
INFO 2026-02-14 08:29:26,892 basehttp 14872 2060 "OPTIONS /departments/all/ HTTP/1.1" 200 0
INFO 2026-02-14 08:29:26,995 basehttp 14872 2060 "GET /report/available/ HTTP/1.1" 200 629
INFO 2026-02-14 08:29:27,039 basehttp 14872 2060 "GET /report/available/ HTTP/1.1" 200 629
INFO 2026-02-14 08:29:27,178 basehttp 14872 9564 "GET /departments/all/ HTTP/1.1" 200 877
INFO 2026-02-14 08:29:27,347 basehttp 14872 9564 "GET /departments/all/ HTTP/1.1" 200 877
INFO 2026-02-14 08:29:31,622 basehttp 14872 9564 "OPTIONS /report/performance/ HTTP/1.1" 200 0
WARNING 2026-02-14 08:29:31,650 basehttp 14872 9564 "POST /report/performance/ HTTP/1.1" 400 76
WARNING 2026-02-14 08:29:40,390 basehttp 14872 9564 "POST /report/performance/ HTTP/1.1" 400 76
WARNING 2026-02-14 08:29:58,578 basehttp 14872 9564 "POST /report/performance/ HTTP/1.1" 400 76
WARNING 2026-02-14 08:30:03,649 basehttp 14872 9564 "POST /report/performance/ HTTP/1.1" 400 76
INFO 2026-02-14 08:30:08,402 basehttp 14872 9564 "OPTIONS /report/dayoff/ HTTP/1.1" 200 0
INFO 2026-02-14 08:30:08,620 basehttp 14872 9564 "POST /report/dayoff/ HTTP/1.1" 200 1385
INFO 2026-02-14 08:32:36,292 autoreload 14872 4216 D:\DJANGO\FINAL YEAR PROJECTS\Gatete Bertrand\backend\reportApp\serializers.py changed, reloading.
INFO 2026-02-14 08:32:39,288 autoreload 11372 3664 Watching for file changes with StatReloader
INFO 2026-02-14 08:32:48,808 autoreload 11372 3664 D:\DJANGO\FINAL YEAR PROJECTS\Gatete Bertrand\backend\reportApp\serializers.py changed, reloading.
INFO 2026-02-14 08:32:51,171 autoreload 15812 13516 Watching for file changes with StatReloader
INFO 2026-02-14 08:32:59,784 autoreload 15812 13516 D:\DJANGO\FINAL YEAR PROJECTS\Gatete Bertrand\backend\reportApp\serializers.py changed, reloading.
INFO 2026-02-14 08:33:01,873 autoreload 14768 8604 Watching for file changes with StatReloader
INFO 2026-02-14 08:33:15,278 basehttp 14768 10224 "GET /auth/verify-token/ HTTP/1.1" 200 398
INFO 2026-02-14 08:33:15,555 basehttp 14768 5360 "GET /auth/verify-token/ HTTP/1.1" 200 398
INFO 2026-02-14 08:33:15,748 basehttp 14768 10224 "GET /dashboard/?range=week HTTP/1.1" 200 13195
INFO 2026-02-14 08:33:16,355 basehttp 14768 5360 "GET /dashboard/?range=week HTTP/1.1" 200 13165
INFO 2026-02-14 08:33:16,705 basehttp 14768 10224 "GET /dashboard/?range=week HTTP/1.1" 200 13158
INFO 2026-02-14 08:33:18,199 basehttp 14768 10224 "GET /report/available/ HTTP/1.1" 200 714
INFO 2026-02-14 08:33:18,265 basehttp 14768 11276 "GET /report/available/ HTTP/1.1" 200 714
INFO 2026-02-14 08:33:18,370 basehttp 14768 5360 "GET /departments/all/ HTTP/1.1" 200 877
INFO 2026-02-14 08:33:18,414 basehttp 14768 6520 "GET /users/ HTTP/1.1" 200 1224
INFO 2026-02-14 08:33:18,506 basehttp 14768 11276 "GET /departments/all/ HTTP/1.1" 200 877
INFO 2026-02-14 08:33:18,547 basehttp 14768 5360 "GET /users/ HTTP/1.1" 200 1224
INFO 2026-02-14 08:33:22,745 basehttp 14768 5360 "POST /report/departments/ HTTP/1.1" 200 934
INFO 2026-02-14 08:33:40,414 basehttp 14768 5360 "POST /report/activities/ HTTP/1.1" 200 126101
INFO 2026-02-14 08:34:16,834 basehttp 14768 5360 "POST /report/users/ HTTP/1.1" 200 1658
INFO 2026-02-14 08:34:30,323 autoreload 14768 8604 D:\DJANGO\FINAL YEAR PROJECTS\Gatete Bertrand\backend\reportApp\serializers.py changed, reloading.
INFO 2026-02-14 08:34:32,831 autoreload 15164 2248 Watching for file changes with StatReloader
INFO 2026-02-14 08:34:41,036 autoreload 15164 2248 D:\DJANGO\FINAL YEAR PROJECTS\Gatete Bertrand\backend\reportApp\serializers.py changed, reloading.
INFO 2026-02-14 08:34:43,566 autoreload 6572 4520 Watching for file changes with StatReloader
INFO 2026-02-14 08:35:48,643 autoreload 6572 4520 D:\DJANGO\FINAL YEAR PROJECTS\Gatete Bertrand\backend\reportApp\utils.py changed, reloading.
INFO 2026-02-14 08:35:50,759 autoreload 8788 13532 Watching for file changes with StatReloader
INFO 2026-02-14 08:36:04,572 autoreload 8788 13532 D:\DJANGO\FINAL YEAR PROJECTS\Gatete Bertrand\backend\reportApp\utils.py changed, reloading.
INFO 2026-02-14 08:36:06,797 autoreload 10768 5960 Watching for file changes with StatReloader
INFO 2026-02-14 08:36:43,902 autoreload 10768 5960 D:\DJANGO\FINAL YEAR PROJECTS\Gatete Bertrand\backend\reportApp\utils.py changed, reloading.
INFO 2026-02-14 08:36:47,009 autoreload 6056 4016 Watching for file changes with StatReloader
INFO 2026-02-14 08:37:04,214 autoreload 6056 4016 D:\DJANGO\FINAL YEAR PROJECTS\Gatete Bertrand\backend\reportApp\utils.py changed, reloading.
INFO 2026-02-14 08:37:06,474 autoreload 7624 15628 Watching for file changes with StatReloader
INFO 2026-02-14 08:38:13,469 autoreload 7624 15628 D:\DJANGO\FINAL YEAR PROJECTS\Gatete Bertrand\backend\reportApp\utils.py changed, reloading.
INFO 2026-02-14 08:38:15,617 autoreload 16044 15348 Watching for file changes with StatReloader
INFO 2026-02-14 08:38:46,707 autoreload 16044 15348 D:\DJANGO\FINAL YEAR PROJECTS\Gatete Bertrand\backend\reportApp\utils.py changed, reloading.
INFO 2026-02-14 08:38:49,056 autoreload 600 1980 Watching for file changes with StatReloader
INFO 2026-02-14 08:39:26,763 autoreload 600 1980 D:\DJANGO\FINAL YEAR PROJECTS\Gatete Bertrand\backend\reportApp\utils.py changed, reloading.
INFO 2026-02-14 08:39:28,515 autoreload 13664 2396 Watching for file changes with StatReloader
INFO 2026-02-14 08:39:39,690 basehttp 13664 5584 "GET /auth/verify-token/ HTTP/1.1" 200 398
INFO 2026-02-14 08:39:39,857 basehttp 13664 3992 "GET /auth/verify-token/ HTTP/1.1" 200 398
INFO 2026-02-14 08:39:40,624 basehttp 13664 5584 "GET /dashboard/?range=week HTTP/1.1" 200 13191
INFO 2026-02-14 08:39:40,997 basehttp 13664 3992 "GET /dashboard/?range=week HTTP/1.1" 200 13165
INFO 2026-02-14 08:39:41,449 basehttp 13664 5584 "GET /dashboard/?range=week HTTP/1.1" 200 13128
INFO 2026-02-14 08:39:43,908 basehttp 13664 5584 "GET /report/available/ HTTP/1.1" 200 714
INFO 2026-02-14 08:39:43,987 basehttp 13664 3960 "GET /report/available/ HTTP/1.1" 200 714
INFO 2026-02-14 08:39:44,052 basehttp 13664 3992 "GET /departments/all/ HTTP/1.1" 200 877
INFO 2026-02-14 08:39:44,136 basehttp 13664 10044 "GET /users/ HTTP/1.1" 200 1224
INFO 2026-02-14 08:39:44,193 basehttp 13664 3960 "GET /departments/all/ HTTP/1.1" 200 877
INFO 2026-02-14 08:39:44,624 basehttp 13664 3992 "GET /users/ HTTP/1.1" 200 1224
INFO 2026-02-14 08:39:48,250 basehttp 13664 3992 "POST /report/users/ HTTP/1.1" 200 1577
INFO 2026-02-14 08:46:56,202 basehttp 13664 10904 "GET /report/available/ HTTP/1.1" 200 629
INFO 2026-02-14 08:46:56,281 basehttp 13664 10648 "GET /report/available/ HTTP/1.1" 200 714
INFO 2026-02-14 08:46:56,559 basehttp 13664 3952 "GET /departments/all/ HTTP/1.1" 200 877
INFO 2026-02-14 08:46:56,561 basehttp 13664 6040 "GET /departments/all/ HTTP/1.1" 200 877
INFO 2026-02-14 08:46:56,562 basehttp 13664 7908 "GET /users/ HTTP/1.1" 200 1224
INFO 2026-02-14 08:47:07,527 basehttp 13664 7908 "POST /report/departments/ HTTP/1.1" 200 920
INFO 2026-02-14 08:48:03,602 basehttp 13664 7908 "POST /report/activities/ HTTP/1.1" 200 124625
INFO 2026-02-14 08:49:55,667 autoreload 13664 2396 D:\DJANGO\FINAL YEAR PROJECTS\Gatete Bertrand\backend\reportApp\utils.py changed, reloading.
INFO 2026-02-14 08:49:57,917 autoreload 8348 8608 Watching for file changes with StatReloader
INFO 2026-02-14 08:50:12,542 basehttp 8348 10212 "GET /auth/verify-token/ HTTP/1.1" 200 398
INFO 2026-02-14 08:50:12,755 basehttp 8348 15164 "GET /auth/verify-token/ HTTP/1.1" 200 398
INFO 2026-02-14 08:50:13,058 basehttp 8348 10212 "GET /dashboard/?range=week HTTP/1.1" 200 13207
INFO 2026-02-14 08:50:13,610 basehttp 8348 15164 "GET /dashboard/?range=week HTTP/1.1" 200 13194
INFO 2026-02-14 08:50:14,083 basehttp 8348 10212 "GET /dashboard/?range=week HTTP/1.1" 200 13154
INFO 2026-02-14 08:50:16,783 basehttp 8348 10212 "GET /report/available/ HTTP/1.1" 200 714
INFO 2026-02-14 08:50:16,881 basehttp 8348 10212 "GET /report/available/ HTTP/1.1" 200 714
INFO 2026-02-14 08:50:16,975 basehttp 8348 15164 "GET /departments/all/ HTTP/1.1" 200 877
INFO 2026-02-14 08:50:17,064 basehttp 8348 12732 "GET /users/ HTTP/1.1" 200 1224
INFO 2026-02-14 08:50:17,265 basehttp 8348 10212 "GET /departments/all/ HTTP/1.1" 200 877
INFO 2026-02-14 08:50:17,455 basehttp 8348 15164 "GET /users/ HTTP/1.1" 200 1224
INFO 2026-02-14 08:50:22,024 basehttp 8348 15164 "POST /report/activities/ HTTP/1.1" 200 115534
INFO 2026-02-14 08:51:45,912 basehttp 8348 15164 "GET /dashboard/?range=week HTTP/1.1" 200 13143
INFO 2026-02-14 08:51:46,435 basehttp 8348 10212 "GET /dashboard/?range=week HTTP/1.1" 200 13141
INFO 2026-02-14 08:51:48,661 basehttp 8348 10212 "OPTIONS /users/employees/ HTTP/1.1" 200 0
INFO 2026-02-14 08:51:48,663 basehttp 8348 15164 "OPTIONS /users/employees/ HTTP/1.1" 200 0
INFO 2026-02-14 08:51:48,786 basehttp 8348 10212 "GET /departments/all/ HTTP/1.1" 200 877
INFO 2026-02-14 08:51:48,880 basehttp 8348 15164 "GET /users/employees/ HTTP/1.1" 200 451
INFO 2026-02-14 08:51:48,963 basehttp 8348 12732 "GET /departments/all/ HTTP/1.1" 200 877
INFO 2026-02-14 08:51:49,416 basehttp 8348 10212 "GET /users/employees/ HTTP/1.1" 200 451
INFO 2026-02-14 08:51:57,148 basehttp 8348 10212 "OPTIONS /performance/my-performance/?days=30 HTTP/1.1" 200 0
INFO 2026-02-14 08:51:57,148 basehttp 8348 12732 "OPTIONS /performance/my-performance/?days=30 HTTP/1.1" 200 0
INFO 2026-02-14 08:51:57,149 basehttp 8348 15164 "OPTIONS /performance/my-performance/?days=30 HTTP/1.1" 200 0
INFO 2026-02-14 08:51:57,153 basehttp 8348 9124 "OPTIONS /performance/my-performance/?days=30 HTTP/1.1" 200 0
INFO 2026-02-14 08:51:57,631 basehttp 8348 9124 "GET /performance/my-performance/?days=30 HTTP/1.1" 200 3874
INFO 2026-02-14 08:51:58,241 basehttp 8348 12732 "GET /performance/my-performance/?days=30 HTTP/1.1" 200 3874
INFO 2026-02-14 08:51:58,682 basehttp 8348 9124 "GET /performance/my-performance/?days=30 HTTP/1.1" 200 3874
INFO 2026-02-14 08:51:58,985 basehttp 8348 12732 "GET /performance/my-performance/?days=30 HTTP/1.1" 200 3874
INFO 2026-02-14 08:52:02,038 basehttp 8348 12732 "GET /report/available/ HTTP/1.1" 200 714
INFO 2026-02-14 08:52:02,064 basehttp 8348 10212 "GET /report/available/ HTTP/1.1" 200 714
INFO 2026-02-14 08:52:02,339 basehttp 8348 9124 "GET /departments/all/ HTTP/1.1" 200 877
INFO 2026-02-14 08:52:02,383 basehttp 8348 15164 "GET /users/ HTTP/1.1" 200 1224
INFO 2026-02-14 08:52:02,560 basehttp 8348 10212 "GET /departments/all/ HTTP/1.1" 200 877
INFO 2026-02-14 08:52:02,601 basehttp 8348 9124 "GET /users/ HTTP/1.1" 200 1224
INFO 2026-02-14 08:52:09,260 basehttp 8348 9124 "OPTIONS /report/performance/ HTTP/1.1" 200 0
WARNING 2026-02-14 08:52:09,440 basehttp 8348 9124 "POST /report/performance/ HTTP/1.1" 400 76
INFO 2026-02-14 08:52:47,133 basehttp 8348 9124 "POST /report/users/ HTTP/1.1" 200 1577
WARNING 2026-02-14 09:01:48,167 basehttp 8348 7172 "POST /report/performance/ HTTP/1.1" 400 76
INFO 2026-02-14 09:08:47,356 autoreload 8348 8608 D:\DJANGO\FINAL YEAR PROJECTS\Gatete Bertrand\backend\reportApp\views.py changed, reloading.
INFO 2026-02-14 09:08:50,788 autoreload 11520 5588 Watching for file changes with StatReloader
INFO 2026-02-14 09:09:06,131 basehttp 11520 13396 "OPTIONS /auth/verify-token/ HTTP/1.1" 200 0
INFO 2026-02-14 09:09:06,149 basehttp 11520 5568 "OPTIONS /auth/verify-token/ HTTP/1.1" 200 0
INFO 2026-02-14 09:09:06,892 basehttp 11520 5568 "GET /auth/verify-token/ HTTP/1.1" 200 398
INFO 2026-02-14 09:09:07,027 basehttp 11520 13396 "GET /auth/verify-token/ HTTP/1.1" 200 398
INFO 2026-02-14 09:09:07,049 basehttp 11520 13396 "OPTIONS /dashboard/?range=week HTTP/1.1" 200 0
INFO 2026-02-14 09:09:07,472 basehttp 11520 13396 "GET /dashboard/?range=week HTTP/1.1" 200 13231
INFO 2026-02-14 09:09:07,916 basehttp 11520 5568 "GET /dashboard/?range=week HTTP/1.1" 200 13175
INFO 2026-02-14 09:09:08,275 basehttp 11520 13396 "GET /dashboard/?range=week HTTP/1.1" 200 13147
INFO 2026-02-14 09:09:10,822 basehttp 11520 13396 "GET /report/available/ HTTP/1.1" 200 714
INFO 2026-02-14 09:09:10,852 basehttp 11520 12948 "GET /report/available/ HTTP/1.1" 200 714
INFO 2026-02-14 09:09:11,000 basehttp 11520 5568 "GET /departments/all/ HTTP/1.1" 200 877
INFO 2026-02-14 09:09:11,073 basehttp 11520 8720 "GET /users/ HTTP/1.1" 200 1224
INFO 2026-02-14 09:09:11,228 basehttp 11520 12948 "GET /departments/all/ HTTP/1.1" 200 877
INFO 2026-02-14 09:09:11,618 basehttp 11520 5568 "GET /users/ HTTP/1.1" 200 1224
INFO 2026-02-14 09:09:15,659 basehttp 11520 5568 "POST /report/performance/ HTTP/1.1" 200 1080
INFO 2026-02-14 09:09:48,362 basehttp 11520 12468 "POST /report/performance/ HTTP/1.1" 200 1230
INFO 2026-02-14 09:10:12,668 basehttp 11520 12468 "GET /departments/all/ HTTP/1.1" 200 877
INFO 2026-02-14 09:10:12,693 basehttp 11520 14148 "OPTIONS /task-assignments/my-assignments/ HTTP/1.1" 200 0
INFO 2026-02-14 09:10:13,098 basehttp 11520 12468 "GET /departments/all/ HTTP/1.1" 200 877
INFO 2026-02-14 09:10:13,113 basehttp 11520 14148 "GET /task-assignments/my-assignments/ HTTP/1.1" 200 3538
INFO 2026-02-14 09:10:13,126 basehttp 11520 12468 "OPTIONS /task/all/?page=1&limit=10&id__in=3,4 HTTP/1.1" 200 0
INFO 2026-02-14 09:10:13,305 basehttp 11520 14148 "GET /task-assignments/my-assignments/ HTTP/1.1" 200 3538
INFO 2026-02-14 09:10:13,364 basehttp 11520 12468 "GET /task/all/?page=1&limit=10&id__in=3,4 HTTP/1.1" 200 1316
INFO 2026-02-14 09:10:13,413 basehttp 11520 14148 "OPTIONS /task-assignments/my-assignments/?page=1&limit=10 HTTP/1.1" 200 0
INFO 2026-02-14 09:10:13,599 basehttp 11520 12468 "GET /task/all/?page=1&limit=10&id__in=3,4 HTTP/1.1" 200 1316
INFO 2026-02-14 09:10:13,685 basehttp 11520 14148 "GET /task-assignments/my-assignments/?page=1&limit=10 HTTP/1.1" 200 3538
INFO 2026-02-14 09:10:13,880 basehttp 11520 14148 "GET /task-assignments/my-assignments/?page=1&limit=10 HTTP/1.1" 200 3538
INFO 2026-02-14 09:10:33,459 basehttp 11520 14148 "GET /task-assignments/my-assignments/?page=1&limit=10 HTTP/1.1" 200 3538
INFO 2026-02-14 09:10:33,511 basehttp 11520 12468 "GET /task-assignments/my-assignments/ HTTP/1.1" 200 3538
INFO 2026-02-14 09:10:33,620 basehttp 11520 12468 "GET /task/all/?page=1&limit=10&id__in=3,4 HTTP/1.1" 200 1316
INFO 2026-02-14 09:10:50,287 basehttp 11520 14148 "GET /task-assignments/my-assignments/?page=1&limit=10 HTTP/1.1" 200 3534
INFO 2026-02-14 09:10:50,323 basehttp 11520 12468 "GET /task-assignments/my-assignments/ HTTP/1.1" 200 3538
INFO 2026-02-14 09:10:50,467 basehttp 11520 12468 "GET /task/all/?page=1&limit=10&id__in=3,4 HTTP/1.1" 200 1316
INFO 2026-02-14 09:11:01,143 basehttp 11520 12468 "GET /task-assignments/my-assignments/?page=1&limit=10 HTTP/1.1" 200 3538
INFO 2026-02-14 09:11:01,184 basehttp 11520 14148 "GET /task-assignments/my-assignments/ HTTP/1.1" 200 3539
INFO 2026-02-14 09:11:01,299 basehttp 11520 14148 "GET /task/all/?page=1&limit=10&id__in=3,4 HTTP/1.1" 200 1316
INFO 2026-02-14 09:11:23,113 basehttp 11520 14148 "GET /dashboard/?range=week HTTP/1.1" 200 6552
INFO 2026-02-14 09:11:23,575 basehttp 11520 12468 "GET /dashboard/?range=week HTTP/1.1" 200 6530
INFO 2026-02-14 09:14:38,160 basehttp 11520 12468 "GET /auth/verify-token/ HTTP/1.1" 200 461
INFO 2026-02-14 09:14:38,413 basehttp 11520 12468 "GET /auth/verify-token/ HTTP/1.1" 200 461
INFO 2026-02-14 09:14:38,556 basehttp 11520 14148 "GET /dashboard/?range=week HTTP/1.1" 200 6577
INFO 2026-02-14 09:14:38,958 basehttp 11520 14148 "GET /dashboard/?range=week HTTP/1.1" 200 6577
INFO 2026-02-14 09:14:39,741 basehttp 11520 12468 "GET /dashboard/?range=week HTTP/1.1" 200 6552
INFO 2026-02-14 09:19:32,198 basehttp 11520 6440 "GET /dashboard/?range=week HTTP/1.1" 200 13088
INFO 2026-02-14 09:19:32,875 basehttp 11520 1368 "GET /dashboard/?range=week HTTP/1.1" 200 13089
INFO 2026-02-14 09:19:40,351 basehttp 11520 1368 "GET /performance/my-performance/?days=30 HTTP/1.1" 200 3874
INFO 2026-02-14 09:19:40,740 basehttp 11520 6440 "GET /performance/my-performance/?days=30 HTTP/1.1" 200 3874
INFO 2026-02-14 09:19:41,449 basehttp 11520 1368 "GET /performance/my-performance/?days=30 HTTP/1.1" 200 3874
INFO 2026-02-14 09:19:41,950 basehttp 11520 6440 "GET /performance/my-performance/?days=30 HTTP/1.1" 200 3874
INFO 2026-02-14 09:19:52,272 basehttp 11520 6440 "GET /users/ HTTP/1.1" 200 1224
INFO 2026-02-14 09:19:52,365 basehttp 11520 1368 "GET /departments/all/ HTTP/1.1" 200 877
INFO 2026-02-14 09:19:52,405 basehttp 11520 11176 "GET /day-offs/statistics/ HTTP/1.1" 200 1676
INFO 2026-02-14 09:19:52,499 basehttp 11520 6132 "GET /users/ HTTP/1.1" 200 1224
INFO 2026-02-14 09:19:52,587 basehttp 11520 6440 "GET /departments/all/ HTTP/1.1" 200 877
INFO 2026-02-14 09:19:52,706 basehttp 11520 1368 "GET /day-offs/statistics/ HTTP/1.1" 200 1676
INFO 2026-02-14 09:23:27,036 basehttp 11520 10296 "GET /dashboard/?range=week HTTP/1.1" 200 6553
INFO 2026-02-14 09:23:27,219 basehttp 11520 6132 "GET /day-offs/statistics/ HTTP/1.1" 200 1676
INFO 2026-02-14 09:23:27,244 basehttp 11520 1368 "GET /users/ HTTP/1.1" 200 1224
INFO 2026-02-14 09:23:27,248 basehttp 11520 6440 "GET /departments/all/ HTTP/1.1" 200 877
INFO 2026-02-14 09:23:27,734 basehttp 11520 1368 "GET /departments/all/ HTTP/1.1" 200 877
INFO 2026-02-14 09:23:27,767 basehttp 11520 11176 "GET /day-offs/statistics/ HTTP/1.1" 200 1676
INFO 2026-02-14 09:23:27,768 basehttp 11520 10296 "GET /dashboard/?range=week HTTP/1.1" 200 6557
INFO 2026-02-14 09:23:27,784 basehttp 11520 6132 "GET /users/ HTTP/1.1" 200 1224
INFO 2026-02-14 09:23:43,987 basehttp 11520 11176 "OPTIONS /profile/ HTTP/1.1" 200 0
INFO 2026-02-14 09:23:43,987 basehttp 11520 6132 "OPTIONS /profile/ HTTP/1.1" 200 0
INFO 2026-02-14 09:23:44,329 basehttp 11520 6132 "GET /profile/ HTTP/1.1" 200 376
INFO 2026-02-14 09:23:44,554 basehttp 11520 11176 "GET /profile/ HTTP/1.1" 200 376
INFO 2026-02-14 09:23:44,641 basehttp 11520 6132 "GET /users/ HTTP/1.1" 200 1224
INFO 2026-02-14 09:23:44,648 basehttp 11520 1368 "GET /departments/all/ HTTP/1.1" 200 877
INFO 2026-02-14 09:23:44,792 basehttp 11520 6440 "GET /day-offs/statistics/ HTTP/1.1" 200 1676
INFO 2026-02-14 09:23:44,925 basehttp 11520 11176 "GET /users/ HTTP/1.1" 200 1224
INFO 2026-02-14 09:23:44,984 basehttp 11520 6132 "GET /departments/all/ HTTP/1.1" 200 877
INFO 2026-02-14 09:23:45,611 basehttp 11520 1368 "GET /day-offs/statistics/ HTTP/1.1" 200 1676
INFO 2026-02-14 09:23:45,745 basehttp 11520 11176 "GET /departments/all/ HTTP/1.1" 200 877
INFO 2026-02-14 09:23:45,745 basehttp 11520 6440 "GET /users/ HTTP/1.1" 200 1224
INFO 2026-02-14 09:23:45,853 basehttp 11520 6132 "GET /day-offs/statistics/ HTTP/1.1" 200 1676
INFO 2026-02-14 09:23:51,131 basehttp 11520 6132 "GET /departments/all/ HTTP/1.1" 200 877
INFO 2026-02-14 09:23:51,146 basehttp 11520 6132 "OPTIONS /task/all/?page=1&limit=10 HTTP/1.1" 200 0
INFO 2026-02-14 09:23:51,377 basehttp 11520 6440 "GET /departments/all/ HTTP/1.1" 200 877
INFO 2026-02-14 09:23:51,427 basehttp 11520 6132 "GET /task/all/?page=1&limit=10 HTTP/1.1" 200 1316
INFO 2026-02-14 09:23:51,475 basehttp 11520 6132 "OPTIONS /task-assignments/all/?page=1&limit=10 HTTP/1.1" 200 0
INFO 2026-02-14 09:23:51,600 basehttp 11520 6440 "GET /task/all/?page=1&limit=10 HTTP/1.1" 200 1316
INFO 2026-02-14 09:23:51,665 basehttp 11520 6132 "GET /task-assignments/all/?page=1&limit=10 HTTP/1.1" 200 3538
INFO 2026-02-14 09:23:51,677 basehttp 11520 6132 "OPTIONS /users/?role=employee HTTP/1.1" 200 0
INFO 2026-02-14 09:23:51,850 basehttp 11520 6132 "GET /users/?role=employee HTTP/1.1" 200 1224
INFO 2026-02-14 09:23:51,968 basehttp 11520 6440 "GET /task-assignments/all/?page=1&limit=10 HTTP/1.1" 200 3538
INFO 2026-02-14 09:23:52,066 basehttp 11520 6132 "GET /users/ HTTP/1.1" 200 1224
INFO 2026-02-14 09:23:52,283 basehttp 11520 6440 "GET /users/?role=employee HTTP/1.1" 200 1224
INFO 2026-02-14 09:23:52,625 basehttp 11520 6440 "GET /users/ HTTP/1.1" 200 1224
INFO 2026-02-14 09:23:54,648 basehttp 11520 6440 "GET /profile/ HTTP/1.1" 200 376
INFO 2026-02-14 09:23:54,901 basehttp 11520 6132 "GET /profile/ HTTP/1.1" 200 376
INFO 2026-02-14 09:23:54,965 basehttp 11520 6440 "GET /departments/all/ HTTP/1.1" 200 877
INFO 2026-02-14 09:23:55,121 basehttp 11520 6132 "GET /departments/all/ HTTP/1.1" 200 877
INFO 2026-02-14 09:23:55,181 basehttp 11520 6440 "GET /task/all/?page=1&limit=10 HTTP/1.1" 200 1316
INFO 2026-02-14 09:23:55,670 basehttp 11520 6132 "GET /task/all/?page=1&limit=10 HTTP/1.1" 200 1316
INFO 2026-02-14 09:23:55,745 basehttp 11520 6440 "GET /task-assignments/all/?page=1&limit=10 HTTP/1.1" 200 3539
INFO 2026-02-14 09:23:55,922 basehttp 11520 6440 "GET /users/?role=employee HTTP/1.1" 200 1224
INFO 2026-02-14 09:23:55,977 basehttp 11520 6132 "GET /task-assignments/all/?page=1&limit=10 HTTP/1.1" 200 3533
INFO 2026-02-14 09:23:56,096 basehttp 11520 6440 "GET /users/ HTTP/1.1" 200 1224
INFO 2026-02-14 09:23:56,230 basehttp 11520 6132 "GET /users/?role=employee HTTP/1.1" 200 1224
INFO 2026-02-14 09:23:56,412 basehttp 11520 6132 "GET /users/ HTTP/1.1" 200 1224
INFO 2026-02-14 09:24:08,955 basehttp 11520 6132 "OPTIONS /departments/3/employees/ HTTP/1.1" 200 0
INFO 2026-02-14 09:24:09,133 basehttp 11520 6132 "GET /departments/3/employees/ HTTP/1.1" 200 151
INFO 2026-02-14 09:24:20,417 basehttp 11520 6132 "OPTIONS /request/all/? HTTP/1.1" 200 0
INFO 2026-02-14 09:24:20,417 basehttp 11520 6440 "OPTIONS /request/all/? HTTP/1.1" 200 0
INFO 2026-02-14 09:24:20,636 basehttp 11520 6440 "GET /request/all/? HTTP/1.1" 200 1704
INFO 2026-02-14 09:24:20,810 basehttp 11520 6132 "GET /request/all/? HTTP/1.1" 200 1704
INFO 2026-02-14 09:24:20,910 basehttp 11520 6440 "GET /users/ HTTP/1.1" 200 1224
INFO 2026-02-14 09:24:20,917 basehttp 11520 6440 "OPTIONS /request/stats/ HTTP/1.1" 200 0
INFO 2026-02-14 09:24:21,100 basehttp 11520 6132 "GET /users/ HTTP/1.1" 200 1224
INFO 2026-02-14 09:24:21,165 basehttp 11520 6440 "GET /request/stats/ HTTP/1.1" 200 105
INFO 2026-02-14 09:24:21,657 basehttp 11520 6132 "GET /request/stats/ HTTP/1.1" 200 105
INFO 2026-02-14 09:24:25,745 basehttp 11520 6132 "GET /performance/my-performance/?days=30 HTTP/1.1" 200 3905
INFO 2026-02-14 09:24:26,099 basehttp 11520 6440 "GET /performance/my-performance/?days=30 HTTP/1.1" 200 3905
INFO 2026-02-14 09:24:26,703 basehttp 11520 6132 "GET /performance/my-performance/?days=30 HTTP/1.1" 200 3905
INFO 2026-02-14 09:24:27,057 basehttp 11520 6440 "GET /performance/my-performance/?days=30 HTTP/1.1" 200 3905
INFO 2026-02-14 09:24:28,698 basehttp 11520 6440 "GET /report/available/ HTTP/1.1" 200 714
INFO 2026-02-14 09:24:28,725 basehttp 11520 1368 "GET /report/available/ HTTP/1.1" 200 714
INFO 2026-02-14 09:24:28,822 basehttp 11520 6132 "GET /departments/all/ HTTP/1.1" 200 877
INFO 2026-02-14 09:24:28,880 basehttp 11520 11176 "GET /users/ HTTP/1.1" 200 1224
INFO 2026-02-14 09:24:28,974 basehttp 11520 1368 "GET /departments/all/ HTTP/1.1" 200 877
INFO 2026-02-14 09:24:29,040 basehttp 11520 6132 "GET /users/ HTTP/1.1" 200 1224
INFO 2026-02-14 09:24:33,303 basehttp 11520 6132 "POST /report/dayoff/ HTTP/1.1" 200 1345
INFO 2026-02-14 09:24:42,370 basehttp 11520 6132 "GET /departments/all/ HTTP/1.1" 200 877
INFO 2026-02-14 09:24:42,442 basehttp 11520 1368 "GET /users/employees/ HTTP/1.1" 200 451
INFO 2026-02-14 09:24:42,890 basehttp 11520 11176 "GET /departments/all/ HTTP/1.1" 200 877
INFO 2026-02-14 09:24:42,932 basehttp 11520 6132 "GET /users/employees/ HTTP/1.1" 200 451
INFO 2026-02-14 09:24:49,143 basehttp 11520 6132 "OPTIONS /activity/activities/?page=1&page_size=50 HTTP/1.1" 200 0
INFO 2026-02-14 09:24:49,144 basehttp 11520 11176 "OPTIONS /activity/activities/?page=1&page_size=50 HTTP/1.1" 200 0
INFO 2026-02-14 09:24:49,410 basehttp 11520 11176 "GET /activity/activities/?page=1&page_size=50 HTTP/1.1" 200 31936
INFO 2026-02-14 09:24:49,592 basehttp 11520 6132 "GET /activity/activities/?page=1&page_size=50 HTTP/1.1" 200 31936
INFO 2026-02-14 09:25:05,146 basehttp 11520 6132 "GET /performance/my-performance/?days=30 HTTP/1.1" 200 3905
INFO 2026-02-14 09:25:05,424 basehttp 11520 11176 "GET /performance/my-performance/?days=30 HTTP/1.1" 200 3905
INFO 2026-02-14 09:25:05,717 basehttp 11520 6132 "GET /performance/my-performance/?days=30 HTTP/1.1" 200 3905
INFO 2026-02-14 09:25:06,105 basehttp 11520 11176 "GET /performance/my-performance/?days=30 HTTP/1.1" 200 3905
INFO 2026-02-14 09:25:27,528 basehttp 11520 10296 "GET /dashboard/?range=week HTTP/1.1" 200 6565
INFO 2026-02-14 09:25:27,563 basehttp 11520 11176 "GET /performance/my-performance/?days=30 HTTP/1.1" 200 3905
INFO 2026-02-14 09:25:27,787 basehttp 11520 10296 "GET /dashboard/?range=week HTTP/1.1" 200 6559
INFO 2026-02-14 09:25:28,370 basehttp 11520 6132 "GET /performance/my-performance/?days=30 HTTP/1.1" 200 3905
INFO 2026-02-14 09:25:28,804 basehttp 11520 11176 "GET /performance/my-performance/?days=30 HTTP/1.1" 200 3905
INFO 2026-02-14 09:25:29,087 basehttp 11520 6132 "GET /performance/my-performance/?days=30 HTTP/1.1" 200 3905
INFO 2026-02-14 09:29:38,545 basehttp 11520 8948 "OPTIONS /performance/all/?days=30&page=1&limit=12&sort_by=completion_rate&sort_order=desc HTTP/1.1" 200 0
INFO 2026-02-14 09:29:41,460 basehttp 11520 8948 "GET /performance/all/?days=30&page=1&limit=12&sort_by=completion_rate&sort_order=desc HTTP/1.1" 200 1008
INFO 2026-02-14 09:29:53,163 basehttp 11520 8948 "OPTIONS /performance/all/?days=30&page=1&limit=12&sort_by=productivity_score&sort_order=desc HTTP/1.1" 200 0
INFO 2026-02-14 09:29:53,412 basehttp 11520 8948 "GET /performance/all/?days=30&page=1&limit=12&sort_by=productivity_score&sort_order=desc HTTP/1.1" 200 1008
INFO 2026-02-14 09:29:54,979 basehttp 11520 8948 "OPTIONS /performance/all/?days=30&page=1&limit=12&sort_by=completed_tasks&sort_order=desc HTTP/1.1" 200 0
INFO 2026-02-14 09:29:55,210 basehttp 11520 8948 "GET /performance/all/?days=30&page=1&limit=12&sort_by=completed_tasks&sort_order=desc HTTP/1.1" 200 1008
INFO 2026-02-14 09:29:56,546 basehttp 11520 8948 "OPTIONS /performance/all/?days=30&page=1&limit=12&sort_by=name&sort_order=desc HTTP/1.1" 200 0
INFO 2026-02-14 09:29:56,708 basehttp 11520 8948 "GET /performance/all/?days=30&page=1&limit=12&sort_by=name&sort_order=desc HTTP/1.1" 200 1008
INFO 2026-02-14 09:29:58,578 basehttp 11520 8948 "OPTIONS /performance/all/?days=30&page=1&limit=12&sort_by=name&sort_order=asc HTTP/1.1" 200 0
INFO 2026-02-14 09:29:58,777 basehttp 11520 8948 "GET /performance/all/?days=30&page=1&limit=12&sort_by=name&sort_order=asc HTTP/1.1" 200 1008
INFO 2026-02-14 09:30:01,159 basehttp 11520 8948 "OPTIONS /performance/organization/?days=30 HTTP/1.1" 200 0
INFO 2026-02-14 09:30:01,233 basehttp 11520 14912 "OPTIONS /performance/departments/summaries/?days=30 HTTP/1.1" 200 0
INFO 2026-02-14 09:30:01,778 basehttp 11520 8948 "GET /performance/departments/summaries/?days=30 HTTP/1.1" 200 794
INFO 2026-02-14 09:30:01,909 basehttp 11520 14912 "GET /performance/organization/?days=30 HTTP/1.1" 200 1858
INFO 2026-02-14 09:40:26,260 autoreload 11520 5588 D:\DJANGO\FINAL YEAR PROJECTS\Gatete Bertrand\backend\performanceApp\services.py changed, reloading.
INFO 2026-02-14 09:40:28,683 autoreload 8432 9824 Watching for file changes with StatReloader
INFO 2026-02-14 09:41:48,488 autoreload 8432 9824 D:\DJANGO\FINAL YEAR PROJECTS\Gatete Bertrand\backend\performanceApp\services.py changed, reloading.
INFO 2026-02-14 09:41:50,151 autoreload 2520 7624 Watching for file changes with StatReloader
INFO 2026-02-14 09:41:58,924 basehttp 2520 16360 "GET /profile/ HTTP/1.1" 200 376
ERROR 2026-02-14 09:41:59,355 basehttp 2520 16360 "GET /performance/my-performance/?days=30 HTTP/1.1" 500 86
INFO 2026-02-14 09:41:59,457 basehttp 2520 9460 "GET /profile/ HTTP/1.1" 200 376
ERROR 2026-02-14 09:41:59,520 basehttp 2520 16360 "GET /performance/my-performance/?days=30 HTTP/1.1" 500 86
ERROR 2026-02-14 09:41:59,653 basehttp 2520 9460 "GET /performance/my-performance/?days=30 HTTP/1.1" 500 86
ERROR 2026-02-14 09:41:59,779 basehttp 2520 16360 "GET /performance/my-performance/?days=30 HTTP/1.1" 500 86
ERROR 2026-02-14 09:42:04,714 basehttp 2520 16360 "GET /performance/all/?days=30&page=1&limit=12&sort_by=completion_rate&sort_order=desc HTTP/1.1" 500 81
INFO 2026-02-14 09:42:42,547 autoreload 2520 7624 D:\DJANGO\FINAL YEAR PROJECTS\Gatete Bertrand\backend\performanceApp\services.py changed, reloading.
INFO 2026-02-14 09:42:44,316 autoreload 2212 2492 Watching for file changes with StatReloader
INFO 2026-02-14 09:42:50,327 basehttp 2212 12260 "GET /profile/ HTTP/1.1" 200 376
ERROR 2026-02-14 09:42:50,592 basehttp 2212 12260 "GET /performance/my-performance/?days=30 HTTP/1.1" 500 86
INFO 2026-02-14 09:42:50,706 basehttp 2212 13656 "GET /profile/ HTTP/1.1" 200 376
ERROR 2026-02-14 09:42:50,757 basehttp 2212 6660 "GET /performance/my-performance/?days=30 HTTP/1.1" 500 86
ERROR 2026-02-14 09:42:50,901 basehttp 2212 13656 "GET /performance/my-performance/?days=30 HTTP/1.1" 500 86
ERROR 2026-02-14 09:42:51,034 basehttp 2212 6660 "GET /performance/my-performance/?days=30 HTTP/1.1" 500 86
INFO 2026-02-14 09:42:52,178 basehttp 2212 6660 "GET /performance/all/?days=30&page=1&limit=12&sort_by=completion_rate&sort_order=desc HTTP/1.1" 200 828
INFO 2026-02-14 09:42:56,222 basehttp 2212 13656 "GET /performance/departments/summaries/?days=30 HTTP/1.1" 200 794
INFO 2026-02-14 09:42:56,879 basehttp 2212 6660 "GET /performance/organization/?days=30 HTTP/1.1" 200 1678
ERROR 2026-02-14 09:43:04,909 basehttp 2212 6660 "GET /performance/my-performance/?days=30 HTTP/1.1" 500 86
INFO 2026-02-14 09:47:20,393 autoreload 2212 2492 D:\DJANGO\FINAL YEAR PROJECTS\Gatete Bertrand\backend\performanceApp\services.py changed, reloading.
INFO 2026-02-14 09:47:22,605 autoreload 6700 9500 Watching for file changes with StatReloader
INFO 2026-02-14 09:47:27,207 autoreload 6700 9500 D:\DJANGO\FINAL YEAR PROJECTS\Gatete Bertrand\backend\performanceApp\services.py changed, reloading.
INFO 2026-02-14 09:47:28,909 autoreload 12224 2624 Watching for file changes with StatReloader
INFO 2026-02-14 09:47:38,804 basehttp 12224 13484 "GET /profile/ HTTP/1.1" 200 376
INFO 2026-02-14 09:47:39,080 basehttp 12224 15376 "GET /profile/ HTTP/1.1" 200 376
INFO 2026-02-14 09:47:39,727 basehttp 12224 13484 "GET /performance/my-performance/?days=30 HTTP/1.1" 200 3520
INFO 2026-02-14 09:47:40,287 basehttp 12224 15376 "GET /performance/my-performance/?days=30 HTTP/1.1" 200 3520
INFO 2026-02-14 09:47:40,897 basehttp 12224 13484 "GET /performance/my-performance/?days=30 HTTP/1.1" 200 3520
INFO 2026-02-14 09:47:41,282 basehttp 12224 15376 "GET /performance/my-performance/?days=30 HTTP/1.1" 200 3520
INFO 2026-02-14 09:47:56,373 basehttp 12224 15376 "GET /performance/all/?days=30&page=1&limit=12&sort_by=completion_rate&sort_order=desc HTTP/1.1" 200 828
INFO 2026-02-14 09:48:00,940 basehttp 12224 13484 "GET /performance/departments/summaries/?days=30 HTTP/1.1" 200 794
INFO 2026-02-14 09:48:01,072 basehttp 12224 15376 "GET /performance/organization/?days=30 HTTP/1.1" 200 1678
INFO 2026-02-14 09:56:40,392 basehttp 12224 6040 "GET /profile/ HTTP/1.1" 200 376
INFO 2026-02-14 09:56:40,784 basehttp 12224 6040 "GET /profile/ HTTP/1.1" 200 376
INFO 2026-02-14 09:56:41,165 basehttp 12224 11192 "GET /performance/my-performance/?days=30 HTTP/1.1" 200 3520
INFO 2026-02-14 09:56:41,647 basehttp 12224 6040 "GET /performance/my-performance/?days=30 HTTP/1.1" 200 3520
INFO 2026-02-14 09:56:42,080 basehttp 12224 11192 "GET /performance/my-performance/?days=30 HTTP/1.1" 200 3520
INFO 2026-02-14 09:56:42,459 basehttp 12224 6040 "GET /performance/my-performance/?days=30 HTTP/1.1" 200 3520
INFO 2026-02-14 09:56:42,871 basehttp 12224 11192 "GET /performance/my-performance/?days=30 HTTP/1.1" 200 3520
INFO 2026-02-14 09:56:43,181 basehttp 12224 6040 "GET /performance/my-performance/?days=30 HTTP/1.1" 200 3520
INFO 2026-02-14 09:57:05,507 basehttp 12224 6040 "OPTIONS /performance/all/?days=30&page=1&limit=12 HTTP/1.1" 200 0
INFO 2026-02-14 09:57:05,804 basehttp 12224 6040 "GET /performance/all/?days=30&page=1&limit=12 HTTP/1.1" 200 828
INFO 2026-02-14 09:57:13,271 basehttp 12224 11192 "GET /performance/departments/summaries/?days=30 HTTP/1.1" 200 794
INFO 2026-02-14 09:57:13,449 basehttp 12224 6040 "GET /performance/organization/?days=30 HTTP/1.1" 200 1678
INFO 2026-02-14 09:57:26,286 basehttp 12224 6040 "GET /performance/my-performance/?days=30 HTTP/1.1" 200 3520
INFO 2026-02-14 09:57:52,685 basehttp 12224 6040 "GET /performance/all/?days=30&page=1&limit=12 HTTP/1.1" 200 828
INFO 2026-02-14 09:57:56,908 basehttp 12224 6376 "OPTIONS /performance/my-performance/?days=30 HTTP/1.1" 200 0
INFO 2026-02-14 09:57:56,914 basehttp 12224 6376 "OPTIONS /performance/my-performance/?days=30 HTTP/1.1" 200 0
INFO 2026-02-14 09:57:56,914 basehttp 12224 10876 "OPTIONS /performance/my-performance/?days=30 HTTP/1.1" 200 0
INFO 2026-02-14 09:57:56,914 basehttp 12224 5804 "OPTIONS /performance/my-performance/?days=30 HTTP/1.1" 200 0
INFO 2026-02-14 09:57:57,341 basehttp 12224 5804 "GET /performance/my-performance/?days=30 HTTP/1.1" 200 3546
INFO 2026-02-14 09:57:57,685 basehttp 12224 5804 "GET /performance/my-performance/?days=30 HTTP/1.1" 200 3546
INFO 2026-02-14 09:57:58,005 basehttp 12224 5804 "GET /performance/my-performance/?days=30 HTTP/1.1" 200 3546
INFO 2026-02-14 09:57:58,528 basehttp 12224 5804 "GET /performance/my-performance/?days=30 HTTP/1.1" 200 3546
INFO 2026-02-14 09:59:38,053 basehttp 12224 6040 "GET /profile/ HTTP/1.1" 200 376
INFO 2026-02-14 09:59:38,286 basehttp 12224 11192 "GET /profile/ HTTP/1.1" 200 376
INFO 2026-02-14 09:59:38,570 basehttp 12224 6040 "GET /performance/my-performance/?days=30 HTTP/1.1" 200 3520
INFO 2026-02-14 09:59:38,924 basehttp 12224 11192 "GET /performance/my-performance/?days=30 HTTP/1.1" 200 3520
INFO 2026-02-14 09:59:39,447 basehttp 12224 6040 "GET /performance/my-performance/?days=30 HTTP/1.1" 200 3520
INFO 2026-02-14 09:59:39,780 basehttp 12224 11192 "GET /performance/my-performance/?days=30 HTTP/1.1" 200 3520
INFO 2026-02-14 09:59:40,114 basehttp 12224 6040 "GET /performance/my-performance/?days=30 HTTP/1.1" 200 3520
INFO 2026-02-14 09:59:40,569 basehttp 12224 11192 "GET /performance/my-performance/?days=30 HTTP/1.1" 200 3520
INFO 2026-02-14 09:59:45,281 basehttp 12224 11192 "GET /performance/all/?days=30&page=1&limit=12 HTTP/1.1" 200 828
INFO 2026-02-14 09:59:49,380 basehttp 12224 11192 "GET /performance/my-performance/?days=30 HTTP/1.1" 200 3520
INFO 2026-02-14 10:00:21,012 autoreload 12224 2624 D:\DJANGO\FINAL YEAR PROJECTS\Gatete Bertrand\backend\performanceApp\views.py changed, reloading.
INFO 2026-02-14 10:00:23,011 autoreload 14720 14032 Watching for file changes with StatReloader
INFO 2026-02-14 10:00:30,276 autoreload 14720 14032 D:\DJANGO\FINAL YEAR PROJECTS\Gatete Bertrand\backend\performanceApp\views.py changed, reloading.
INFO 2026-02-14 10:00:36,784 autoreload 4092 11732 Watching for file changes with StatReloader
INFO 2026-02-14 10:00:45,567 autoreload 4092 11732 D:\DJANGO\FINAL YEAR PROJECTS\Gatete Bertrand\backend\performanceApp\views.py changed, reloading.
INFO 2026-02-14 10:00:48,192 autoreload 8804 5892 Watching for file changes with StatReloader
INFO 2026-02-14 10:00:54,626 autoreload 8804 5892 D:\DJANGO\FINAL YEAR PROJECTS\Gatete Bertrand\backend\performanceApp\views.py changed, reloading.
INFO 2026-02-14 10:00:56,090 autoreload 2856 1128 Watching for file changes with StatReloader
INFO 2026-02-14 10:01:02,430 basehttp 2856 12296 "GET /performance/all/?days=30&page=1&limit=12 HTTP/1.1" 200 828
INFO 2026-02-14 10:01:03,696 basehttp 2856 12296 "GET /performance/my-performance/?days=30 HTTP/1.1" 200 3520
INFO 2026-02-14 10:01:56,110 basehttp 2856 12296 "GET /performance/all/?days=30&page=1&limit=12 HTTP/1.1" 200 828
INFO 2026-02-14 10:02:34,101 autoreload 2856 1128 D:\DJANGO\FINAL YEAR PROJECTS\Gatete Bertrand\backend\performanceApp\views.py changed, reloading.
INFO 2026-02-14 10:02:36,628 autoreload 9692 13188 Watching for file changes with StatReloader
INFO 2026-02-14 10:02:50,481 autoreload 9692 13188 D:\DJANGO\FINAL YEAR PROJECTS\Gatete Bertrand\backend\performanceApp\views.py changed, reloading.
INFO 2026-02-14 10:02:53,774 autoreload 15860 9124 Watching for file changes with StatReloader
INFO 2026-02-14 10:03:01,768 autoreload 15860 9124 D:\DJANGO\FINAL YEAR PROJECTS\Gatete Bertrand\backend\performanceApp\views.py changed, reloading.
INFO 2026-02-14 10:03:04,875 autoreload 3824 14408 Watching for file changes with StatReloader
INFO 2026-02-14 10:03:17,145 basehttp 3824 13300 "GET /profile/ HTTP/1.1" 200 376
INFO 2026-02-14 10:03:17,286 basehttp 3824 4512 "GET /profile/ HTTP/1.1" 200 376
INFO 2026-02-14 10:03:17,937 basehttp 3824 13300 "GET /performance/my-performance/?days=30 HTTP/1.1" 200 3520
INFO 2026-02-14 10:03:18,349 basehttp 3824 4512 "GET /performance/my-performance/?days=30 HTTP/1.1" 200 3520
INFO 2026-02-14 10:03:18,704 basehttp 3824 13300 "GET /performance/my-performance/?days=30 HTTP/1.1" 200 3520
INFO 2026-02-14 10:03:19,193 basehttp 3824 4512 "GET /performance/my-performance/?days=30 HTTP/1.1" 200 3520
INFO 2026-02-14 10:03:19,560 basehttp 3824 13300 "GET /performance/my-performance/?days=30 HTTP/1.1" 200 3520
INFO 2026-02-14 10:03:19,960 basehttp 3824 4512 "GET /performance/my-performance/?days=30 HTTP/1.1" 200 3520
INFO 2026-02-14 10:03:28,618 basehttp 3824 4512 "GET /performance/all/?days=30&page=1&limit=12 HTTP/1.1" 200 828
INFO 2026-02-14 10:11:28,855 autoreload 3824 14408 D:\DJANGO\FINAL YEAR PROJECTS\Gatete Bertrand\backend\performanceApp\services.py changed, reloading.
INFO 2026-02-14 10:11:30,378 autoreload 4864 15816 Watching for file changes with StatReloader
INFO 2026-02-14 10:12:02,491 autoreload 4864 15816 D:\DJANGO\FINAL YEAR PROJECTS\Gatete Bertrand\backend\performanceApp\services.py changed, reloading.
INFO 2026-02-14 10:12:03,896 autoreload 13756 8188 Watching for file changes with StatReloader
INFO 2026-02-14 10:12:10,430 basehttp 13756 3964 "GET /profile/ HTTP/1.1" 200 376
INFO 2026-02-14 10:12:10,648 basehttp 13756 11752 "GET /profile/ HTTP/1.1" 200 376
ERROR 2026-02-14 10:12:10,815 basehttp 13756 3964 "GET /performance/my-performance/?days=30 HTTP/1.1" 500 86
ERROR 2026-02-14 10:12:10,936 basehttp 13756 11752 "GET /performance/my-performance/?days=30 HTTP/1.1" 500 86
ERROR 2026-02-14 10:12:11,080 basehttp 13756 3964 "GET /performance/my-performance/?days=30 HTTP/1.1" 500 86
ERROR 2026-02-14 10:12:11,282 basehttp 13756 11752 "GET /performance/my-performance/?days=30 HTTP/1.1" 500 86
ERROR 2026-02-14 10:12:11,461 basehttp 13756 3964 "GET /performance/my-performance/?days=30 HTTP/1.1" 500 86
ERROR 2026-02-14 10:12:11,729 basehttp 13756 11752 "GET /performance/my-performance/?days=30 HTTP/1.1" 500 86
INFO 2026-02-14 10:13:05,090 autoreload 13756 8188 D:\DJANGO\FINAL YEAR PROJECTS\Gatete Bertrand\backend\performanceApp\services.py changed, reloading.
INFO 2026-02-14 10:13:06,703 autoreload 12704 11336 Watching for file changes with StatReloader
INFO 2026-02-14 10:13:12,360 basehttp 12704 600 "GET /profile/ HTTP/1.1" 200 376
INFO 2026-02-14 10:13:12,503 basehttp 12704 10700 "GET /profile/ HTTP/1.1" 200 376
ERROR 2026-02-14 10:13:13,356 basehttp 12704 600 "GET /performance/my-performance/?days=30 HTTP/1.1" 500 86
ERROR 2026-02-14 10:13:13,462 basehttp 12704 10700 "GET /performance/my-performance/?days=30 HTTP/1.1" 500 86
ERROR 2026-02-14 10:13:13,624 basehttp 12704 600 "GET /performance/my-performance/?days=30 HTTP/1.1" 500 86
ERROR 2026-02-14 10:13:13,899 basehttp 12704 10700 "GET /performance/my-performance/?days=30 HTTP/1.1" 500 86
ERROR 2026-02-14 10:13:14,136 basehttp 12704 600 "GET /performance/my-performance/?days=30 HTTP/1.1" 500 86
ERROR 2026-02-14 10:13:14,385 basehttp 12704 10700 "GET /performance/my-performance/?days=30 HTTP/1.1" 500 86
INFO 2026-02-14 10:19:09,935 autoreload 12704 11336 D:\DJANGO\FINAL YEAR PROJECTS\Gatete Bertrand\backend\performanceApp\services.py changed, reloading.
INFO 2026-02-14 10:19:11,753 autoreload 10292 4240 Watching for file changes with StatReloader
INFO 2026-02-14 10:19:18,263 basehttp 10292 8632 "GET /profile/ HTTP/1.1" 200 376
INFO 2026-02-14 10:19:18,588 basehttp 10292 10236 "GET /profile/ HTTP/1.1" 200 376
INFO 2026-02-14 10:19:19,111 basehttp 10292 8632 "GET /performance/my-performance/?days=30 HTTP/1.1" 200 3523
INFO 2026-02-14 10:19:19,577 basehttp 10292 10236 "GET /performance/my-performance/?days=30 HTTP/1.1" 200 3523
INFO 2026-02-14 10:19:20,149 basehttp 10292 8632 "GET /performance/my-performance/?days=30 HTTP/1.1" 200 3523
INFO 2026-02-14 10:19:20,641 basehttp 10292 10236 "GET /performance/my-performance/?days=30 HTTP/1.1" 200 3523
INFO 2026-02-14 10:19:21,183 basehttp 10292 8632 "GET /performance/my-performance/?days=30 HTTP/1.1" 200 3523
INFO 2026-02-14 10:19:21,627 basehttp 10292 10236 "GET /performance/my-performance/?days=30 HTTP/1.1" 200 3523
INFO 2026-02-14 10:19:33,519 basehttp 10292 10236 "GET /performance/all/?days=30&page=1&limit=12 HTTP/1.1" 200 828
INFO 2026-02-14 10:19:52,395 basehttp 10292 8632 "GET /performance/departments/summaries/?days=30 HTTP/1.1" 200 794
INFO 2026-02-14 10:19:52,518 basehttp 10292 10236 "GET /performance/organization/?days=30 HTTP/1.1" 200 1678
INFO 2026-02-14 10:19:58,082 basehttp 10292 10188 "OPTIONS /profile/ HTTP/1.1" 200 0
INFO 2026-02-14 10:19:58,095 basehttp 10292 10912 "OPTIONS /profile/ HTTP/1.1" 200 0
INFO 2026-02-14 10:19:58,259 basehttp 10292 10188 "GET /profile/ HTTP/1.1" 200 439
INFO 2026-02-14 10:19:58,414 basehttp 10292 10188 "GET /profile/ HTTP/1.1" 200 439
INFO 2026-02-14 10:19:59,104 basehttp 10292 10912 "GET /performance/my-performance/?days=30 HTTP/1.1" 200 3546
INFO 2026-02-14 10:19:59,530 basehttp 10292 10912 "GET /performance/my-performance/?days=30 HTTP/1.1" 200 3546
INFO 2026-02-14 10:19:59,862 basehttp 10292 10912 "GET /performance/my-performance/?days=30 HTTP/1.1" 200 3546
INFO 2026-02-14 10:20:00,407 basehttp 10292 10912 "GET /performance/my-performance/?days=30 HTTP/1.1" 200 3546
INFO 2026-02-14 10:20:00,831 basehttp 10292 10912 "GET /performance/my-performance/?days=30 HTTP/1.1" 200 3546
INFO 2026-02-14 10:20:01,196 basehttp 10292 10912 "GET /performance/my-performance/?days=30 HTTP/1.1" 200 3546
INFO 2026-02-14 10:20:10,741 basehttp 10292 10912 "OPTIONS /dashboard/?range=week HTTP/1.1" 200 0
INFO 2026-02-14 10:20:10,741 basehttp 10292 10188 "OPTIONS /dashboard/?range=week HTTP/1.1" 200 0
INFO 2026-02-14 10:20:11,044 basehttp 10292 10912 "GET /dashboard/?range=week HTTP/1.1" 200 6804
INFO 2026-02-14 10:20:11,269 basehttp 10292 10912 "GET /dashboard/?range=week HTTP/1.1" 200 6788
INFO 2026-02-14 10:20:57,632 autoreload 12252 13536 Watching for file changes with StatReloader
INFO 2026-02-14 10:21:16,019 basehttp 12252 1440 "GET /performance/all/?days=30&page=1&limit=12 HTTP/1.1" 200 828
INFO 2026-02-14 10:21:16,973 basehttp 12252 1440 "GET /dashboard/?range=week HTTP/1.1" 200 13318
INFO 2026-02-14 10:21:17,443 basehttp 12252 15672 "GET /dashboard/?range=week HTTP/1.1" 200 13258
INFO 2026-02-14 10:21:22,298 basehttp 12252 15672 "OPTIONS /departments/all/ HTTP/1.1" 200 0
INFO 2026-02-14 10:21:22,301 basehttp 12252 1440 "OPTIONS /departments/all/ HTTP/1.1" 200 0
INFO 2026-02-14 10:21:22,537 basehttp 12252 15672 "GET /departments/all/ HTTP/1.1" 200 877
INFO 2026-02-14 10:21:22,607 basehttp 12252 1440 "GET /users/employees/ HTTP/1.1" 200 451
INFO 2026-02-14 10:21:22,809 basehttp 12252 2340 "GET /departments/all/ HTTP/1.1" 200 877
INFO 2026-02-14 10:21:22,897 basehttp 12252 15672 "GET /users/employees/ HTTP/1.1" 200 451
INFO 2026-02-14 10:21:26,715 basehttp 12252 15672 "GET /departments/all/ HTTP/1.1" 200 877
INFO 2026-02-14 10:21:26,974 basehttp 12252 2340 "GET /departments/all/ HTTP/1.1" 200 877
INFO 2026-02-14 10:21:27,012 basehttp 12252 15672 "GET /task/all/?page=1&limit=10 HTTP/1.1" 200 1316
INFO 2026-02-14 10:21:27,232 basehttp 12252 2340 "GET /task/all/?page=1&limit=10 HTTP/1.1" 200 1316
INFO 2026-02-14 10:21:27,281 basehttp 12252 15672 "GET /task-assignments/all/?page=1&limit=10 HTTP/1.1" 200 3538
INFO 2026-02-14 10:21:27,534 basehttp 12252 15672 "GET /users/?role=employee HTTP/1.1" 200 1224
INFO 2026-02-14 10:21:27,543 basehttp 12252 15672 "OPTIONS /users/ HTTP/1.1" 200 0
INFO 2026-02-14 10:21:27,714 basehttp 12252 2340 "GET /task-assignments/all/?page=1&limit=10 HTTP/1.1" 200 3538
INFO 2026-02-14 10:21:28,344 basehttp 12252 2340 "GET /users/?role=employee HTTP/1.1" 200 1224
INFO 2026-02-14 10:21:28,416 basehttp 12252 15672 "GET /users/ HTTP/1.1" 200 1224
INFO 2026-02-14 10:21:29,018 basehttp 12252 2340 "GET /users/ HTTP/1.1" 200 1224
INFO 2026-02-14 10:21:32,670 basehttp 12252 2340 "GET /profile/ HTTP/1.1" 200 376
INFO 2026-02-14 10:21:33,449 basehttp 12252 15672 "GET /profile/ HTTP/1.1" 200 376
INFO 2026-02-14 10:21:34,162 basehttp 12252 2340 "GET /departments/all/ HTTP/1.1" 200 877
INFO 2026-02-14 10:21:34,332 basehttp 12252 15672 "GET /departments/all/ HTTP/1.1" 200 877
INFO 2026-02-14 10:21:34,481 basehttp 12252 2340 "GET /task/all/?page=1&limit=10 HTTP/1.1" 200 1316
INFO 2026-02-14 10:21:34,815 basehttp 12252 15672 "GET /task/all/?page=1&limit=10 HTTP/1.1" 200 1316
INFO 2026-02-14 10:21:34,826 basehttp 12252 2340 "GET /task-assignments/all/?page=1&limit=10 HTTP/1.1" 200 3539
INFO 2026-02-14 10:21:35,064 basehttp 12252 2340 "GET /users/?role=employee HTTP/1.1" 200 1224
INFO 2026-02-14 10:21:35,098 basehttp 12252 15672 "GET /task-assignments/all/?page=1&limit=10 HTTP/1.1" 200 3539
INFO 2026-02-14 10:21:35,265 basehttp 12252 2340 "GET /users/ HTTP/1.1" 200 1224
INFO 2026-02-14 10:21:35,340 basehttp 12252 15672 "GET /users/?role=employee HTTP/1.1" 200 1224
INFO 2026-02-14 10:21:35,534 basehttp 12252 15672 "GET /users/ HTTP/1.1" 200 1224
INFO 2026-02-14 10:21:39,623 basehttp 12252 15672 "GET /dashboard/?range=week HTTP/1.1" 200 13072
INFO 2026-02-14 10:21:40,402 basehttp 12252 2340 "GET /dashboard/?range=week HTTP/1.1" 200 13080
INFO 2026-02-14 10:22:23,364 basehttp 12252 2340 "OPTIONS /day-offs/statistics/ HTTP/1.1" 200 0
INFO 2026-02-14 10:22:23,366 basehttp 12252 15672 "OPTIONS /day-offs/statistics/ HTTP/1.1" 200 0
INFO 2026-02-14 10:22:24,769 basehttp 12252 2340 "GET /departments/all/ HTTP/1.1" 200 877
INFO 2026-02-14 10:22:24,839 basehttp 12252 1440 "GET /day-offs/statistics/ HTTP/1.1" 200 1676
INFO 2026-02-14 10:22:24,868 basehttp 12252 15672 "GET /users/ HTTP/1.1" 200 1224
INFO 2026-02-14 10:22:25,098 basehttp 12252 2340 "GET /departments/all/ HTTP/1.1" 200 877
INFO 2026-02-14 10:22:25,140 basehttp 12252 1440 "GET /users/ HTTP/1.1" 200 1224
INFO 2026-02-14 10:22:25,294 basehttp 12252 16360 "GET /day-offs/statistics/ HTTP/1.1" 200 1676
INFO 2026-02-14 10:22:30,142 basehttp 12252 16360 "GET /departments/all/ HTTP/1.1" 200 877
INFO 2026-02-14 10:22:30,225 basehttp 12252 1440 "GET /users/employees/ HTTP/1.1" 200 451
INFO 2026-02-14 10:22:30,539 basehttp 12252 2340 "GET /departments/all/ HTTP/1.1" 200 877
INFO 2026-02-14 10:22:30,571 basehttp 12252 16360 "GET /users/employees/ HTTP/1.1" 200 451
INFO 2026-02-14 10:22:35,907 basehttp 12252 16360 "GET /departments/all/ HTTP/1.1" 200 877
INFO 2026-02-14 10:22:36,677 basehttp 12252 16360 "GET /task/all/?page=1&limit=10 HTTP/1.1" 200 1316
INFO 2026-02-14 10:22:36,747 basehttp 12252 2340 "GET /departments/all/ HTTP/1.1" 200 877
INFO 2026-02-14 10:22:36,967 basehttp 12252 16360 "GET /task-assignments/all/?page=1&limit=10 HTTP/1.1" 200 3538
INFO 2026-02-14 10:22:37,033 basehttp 12252 2340 "GET /task/all/?page=1&limit=10 HTTP/1.1" 200 1316
INFO 2026-02-14 10:22:37,185 basehttp 12252 16360 "GET /users/?role=employee HTTP/1.1" 200 1224
INFO 2026-02-14 10:22:37,233 basehttp 12252 2340 "GET /task-assignments/all/?page=1&limit=10 HTTP/1.1" 200 3538
INFO 2026-02-14 10:22:37,418 basehttp 12252 16360 "GET /users/ HTTP/1.1" 200 1224
INFO 2026-02-14 10:22:37,473 basehttp 12252 2340 "GET /users/?role=employee HTTP/1.1" 200 1224
INFO 2026-02-14 10:22:37,773 basehttp 12252 2340 "GET /users/ HTTP/1.1" 200 1224
INFO 2026-02-14 10:22:42,039 basehttp 12252 16360 "GET /task/all/?page=1&limit=10 HTTP/1.1" 200 1316
INFO 2026-02-14 10:22:42,065 basehttp 12252 2340 "GET /task-assignments/all/?page=1&limit=10 HTTP/1.1" 200 3538
INFO 2026-02-14 10:22:47,625 basehttp 12252 2340 "GET /profile/ HTTP/1.1" 200 376
INFO 2026-02-14 10:22:47,952 basehttp 12252 16360 "GET /profile/ HTTP/1.1" 200 376
INFO 2026-02-14 10:23:03,718 basehttp 12252 16360 "OPTIONS /profile/update/ HTTP/1.1" 200 0
WARNING 2026-02-14 10:23:06,209 basehttp 12252 16360 "PUT /profile/update/ HTTP/1.1" 400 33
INFO 2026-02-14 10:23:23,598 basehttp 12252 16360 "PUT /profile/update/ HTTP/1.1" 200 427
INFO 2026-02-14 10:23:23,767 basehttp 12252 16360 "GET /profile/ HTTP/1.1" 200 376
INFO 2026-02-14 10:23:30,309 basehttp 12252 5148 "GET /profile/ HTTP/1.1" 200 439
INFO 2026-02-14 10:23:30,479 basehttp 12252 5148 "GET /profile/ HTTP/1.1" 200 439
INFO 2026-02-14 10:23:30,604 basehttp 12252 14620 "GET /dashboard/?range=week HTTP/1.1" 200 6736
INFO 2026-02-14 10:23:30,981 basehttp 12252 5148 "GET /dashboard/?range=week HTTP/1.1" 200 6682
INFO 2026-02-14 10:23:31,576 basehttp 12252 14620 "GET /dashboard/?range=week HTTP/1.1" 200 6628
INFO 2026-02-14 10:31:06,389 autoreload 12448 10796 Watching for file changes with StatReloader
INFO 2026-02-14 10:31:13,495 basehttp 12448 14820 "OPTIONS /auth/logout/ HTTP/1.1" 200 0
INFO 2026-02-14 10:31:14,496 basehttp 12448 14820 "POST /auth/logout/ HTTP/1.1" 200 37
INFO 2026-02-14 10:31:14,596 basehttp 12448 11248 "GET /dashboard/?range=week HTTP/1.1" 200 13140
INFO 2026-02-14 10:31:15,691 basehttp 12448 14820 - Broken pipe from ('127.0.0.1', 63338)
INFO 2026-02-14 10:31:23,228 basehttp 12448 11248 "OPTIONS /auth/login/ HTTP/1.1" 200 0
INFO 2026-02-14 10:31:25,117 basehttp 12448 11248 "POST /auth/login/ HTTP/1.1" 200 904
INFO 2026-02-14 10:31:25,497 basehttp 12448 11248 "GET /dashboard/?range=week HTTP/1.1" 200 13094
INFO 2026-02-14 10:31:26,208 basehttp 12448 14876 "GET /dashboard/?range=week HTTP/1.1" 200 13068
INFO 2026-02-14 10:31:31,974 basehttp 12448 14876 "GET /users/ HTTP/1.1" 200 1224
INFO 2026-02-14 10:31:32,088 basehttp 12448 11248 "GET /departments/all/ HTTP/1.1" 200 877
INFO 2026-02-14 10:31:32,303 basehttp 12448 9188 "GET /day-offs/statistics/ HTTP/1.1" 200 1676
INFO 2026-02-14 10:31:32,345 basehttp 12448 9824 "GET /users/ HTTP/1.1" 200 1224
INFO 2026-02-14 10:31:32,466 basehttp 12448 11248 "GET /departments/all/ HTTP/1.1" 200 877
INFO 2026-02-14 10:31:32,570 basehttp 12448 14876 "GET /day-offs/statistics/ HTTP/1.1" 200 1676
WARNING 2026-02-14 10:32:26,318 basehttp 12448 14876 "POST /users/ HTTP/1.1" 400 50
INFO 2026-02-14 10:32:43,364 basehttp 12448 14876 "POST /users/ HTTP/1.1" 201 193
INFO 2026-02-14 10:32:43,618 basehttp 12448 14876 "GET /users/ HTTP/1.1" 200 1645
INFO 2026-02-14 10:32:43,798 basehttp 12448 11248 "GET /day-offs/statistics/ HTTP/1.1" 200 1673
INFO 2026-02-14 10:32:53,488 basehttp 12448 11248 "GET /departments/all/ HTTP/1.1" 200 877
INFO 2026-02-14 10:32:53,599 basehttp 12448 14876 "GET /users/employees/ HTTP/1.1" 200 872
INFO 2026-02-14 10:32:53,877 basehttp 12448 9824 "GET /departments/all/ HTTP/1.1" 200 877
INFO 2026-02-14 10:32:53,932 basehttp 12448 11248 "GET /users/employees/ HTTP/1.1" 200 872
INFO 2026-02-14 10:33:18,636 basehttp 12448 11248 "OPTIONS /departments/create/ HTTP/1.1" 200 0
INFO 2026-02-14 10:33:19,014 basehttp 12448 11248 "POST /departments/create/ HTTP/1.1" 201 494
INFO 2026-02-14 10:33:19,236 basehttp 12448 9824 "GET /users/employees/ HTTP/1.1" 200 872
INFO 2026-02-14 10:33:19,309 basehttp 12448 11248 "GET /departments/all/ HTTP/1.1" 200 1303
INFO 2026-05-26 17:49:25,142 autoreload 4768 10416 Watching for file changes with StatReloader
INFO 2026-05-26 17:50:23,462 autoreload 10300 14300 Watching for file changes with StatReloader
INFO 2026-05-26 18:07:56,746 autoreload 11944 336 Watching for file changes with StatReloader
INFO 2026-05-26 18:46:33,327 autoreload 12904 9760 Watching for file changes with StatReloader
INFO 2026-05-26 18:55:51,196 autoreload 10536 10296 Watching for file changes with StatReloader
INFO 2026-05-26 19:00:23,801 autoreload 14740 14656 Watching for file changes with StatReloader
INFO 2026-05-26 19:02:55,827 autoreload 2500 8928 Watching for file changes with StatReloader
INFO 2026-05-27 10:36:06,814 autoreload 12860 3120 Watching for file changes with StatReloader
INFO 2026-05-27 10:37:27,930 basehttp 12860 3204 "OPTIONS /auth/login/ HTTP/1.1" 200 0
INFO 2026-05-27 10:37:30,549 basehttp 12860 3204 "POST /auth/login/ HTTP/1.1" 200 898
INFO 2026-05-27 10:37:30,738 basehttp 12860 3204 "OPTIONS /dashboard/?range=week HTTP/1.1" 200 0
INFO 2026-05-27 10:37:30,772 basehttp 12860 14356 "OPTIONS /dashboard/?range=week HTTP/1.1" 200 0
ERROR 2026-05-27 10:37:31,005 basehttp 12860 3204 "GET /dashboard/?range=week HTTP/1.1" 500 97
ERROR 2026-05-27 10:37:31,149 basehttp 12860 14356 "GET /dashboard/?range=week HTTP/1.1" 500 97
INFO 2026-05-27 10:37:38,744 basehttp 12860 14356 "OPTIONS /users/ HTTP/1.1" 200 0
INFO 2026-05-27 10:37:38,744 basehttp 12860 3204 "OPTIONS /departments/all/ HTTP/1.1" 200 0
INFO 2026-05-27 10:37:38,812 basehttp 12860 17936 "OPTIONS /users/ HTTP/1.1" 200 0
INFO 2026-05-27 10:37:38,825 basehttp 12860 14356 "GET /departments/all/ HTTP/1.1" 200 84
INFO 2026-05-27 10:37:38,834 basehttp 12860 10192 "OPTIONS /day-offs/statistics/ HTTP/1.1" 200 0
INFO 2026-05-27 10:37:38,845 basehttp 12860 3204 "GET /users/ HTTP/1.1" 200 388
INFO 2026-05-27 10:37:38,885 basehttp 12860 15044 "OPTIONS /day-offs/statistics/ HTTP/1.1" 200 0
INFO 2026-05-27 10:37:38,894 basehttp 12860 10192 "GET /users/ HTTP/1.1" 200 388
INFO 2026-05-27 10:37:38,906 basehttp 12860 17036 "OPTIONS /departments/all/ HTTP/1.1" 200 0
INFO 2026-05-27 10:37:38,954 basehttp 12860 17036 "GET /departments/all/ HTTP/1.1" 200 84
INFO 2026-05-27 10:37:39,012 basehttp 12860 14356 "GET /day-offs/statistics/ HTTP/1.1" 200 920
INFO 2026-05-27 10:37:39,134 basehttp 12860 17036 "GET /day-offs/statistics/ HTTP/1.1" 200 920
INFO 2026-05-27 10:39:55,243 basehttp 12860 17036 "OPTIONS /users/employees/ HTTP/1.1" 200 0
INFO 2026-05-27 10:39:55,244 basehttp 12860 14356 "OPTIONS /users/employees/ HTTP/1.1" 200 0
INFO 2026-05-27 10:39:55,297 basehttp 12860 17036 "GET /users/employees/ HTTP/1.1" 200 12
INFO 2026-05-27 10:39:55,298 basehttp 12860 10192 "GET /departments/all/ HTTP/1.1" 200 84
INFO 2026-05-27 10:39:55,327 basehttp 12860 14356 "GET /users/employees/ HTTP/1.1" 200 12
INFO 2026-05-27 10:39:55,335 basehttp 12860 15044 "GET /departments/all/ HTTP/1.1" 200 84
INFO 2026-05-27 10:40:03,609 basehttp 12860 15044 "OPTIONS /departments/create/ HTTP/1.1" 200 0
INFO 2026-05-27 10:40:03,646 basehttp 12860 15044 "POST /departments/create/ HTTP/1.1" 201 460
INFO 2026-05-27 10:40:03,719 basehttp 12860 14356 "GET /users/employees/ HTTP/1.1" 200 12
INFO 2026-05-27 10:40:03,730 basehttp 12860 15044 "GET /departments/all/ HTTP/1.1" 200 475
INFO 2026-05-27 10:40:16,444 basehttp 12860 15044 "POST /departments/create/ HTTP/1.1" 201 452
INFO 2026-05-27 10:40:16,497 basehttp 12860 14356 "GET /users/employees/ HTTP/1.1" 200 12
INFO 2026-05-27 10:40:16,511 basehttp 12860 15044 "GET /departments/all/ HTTP/1.1" 200 859
INFO 2026-05-27 10:40:53,003 basehttp 12860 15044 "POST /departments/create/ HTTP/1.1" 201 459
INFO 2026-05-27 10:40:53,057 basehttp 12860 14356 "GET /users/employees/ HTTP/1.1" 200 12
INFO 2026-05-27 10:40:53,106 basehttp 12860 15044 "GET /departments/all/ HTTP/1.1" 200 1250
INFO 2026-05-27 10:41:09,209 basehttp 12860 15044 "GET /departments/all/ HTTP/1.1" 200 1250
INFO 2026-05-27 10:41:09,227 basehttp 12860 15044 "OPTIONS /task/all/?page=1&limit=10 HTTP/1.1" 200 0
INFO 2026-05-27 10:41:09,256 basehttp 12860 14356 "GET /departments/all/ HTTP/1.1" 200 1250
INFO 2026-05-27 10:41:09,276 basehttp 12860 15044 "GET /task/all/?page=1&limit=10 HTTP/1.1" 200 77
INFO 2026-05-27 10:41:09,296 basehttp 12860 15044 "OPTIONS /task-assignments/all/?page=1&limit=10 HTTP/1.1" 200 0
INFO 2026-05-27 10:41:09,310 basehttp 12860 14356 "GET /task/all/?page=1&limit=10 HTTP/1.1" 200 77
INFO 2026-05-27 10:41:09,353 basehttp 12860 15044 "GET /task-assignments/all/?page=1&limit=10 HTTP/1.1" 200 85
INFO 2026-05-27 10:41:09,367 basehttp 12860 15044 "OPTIONS /users/?role=employee HTTP/1.1" 200 0
INFO 2026-05-27 10:41:09,398 basehttp 12860 15044 "GET /users/?role=employee HTTP/1.1" 200 388
INFO 2026-05-27 10:41:09,426 basehttp 12860 14356 "GET /task-assignments/all/?page=1&limit=10 HTTP/1.1" 200 85
INFO 2026-05-27 10:41:09,445 basehttp 12860 15044 "GET /users/ HTTP/1.1" 200 388
INFO 2026-05-27 10:41:09,472 basehttp 12860 14356 "GET /users/?role=employee HTTP/1.1" 200 388
INFO 2026-05-27 10:41:09,529 basehttp 12860 14356 "GET /users/ HTTP/1.1" 200 388
INFO 2026-05-27 10:41:12,660 basehttp 12860 14356 "GET /users/ HTTP/1.1" 200 388
INFO 2026-05-27 10:41:12,717 basehttp 12860 15044 "GET /departments/all/ HTTP/1.1" 200 1250
INFO 2026-05-27 10:41:12,750 basehttp 12860 17036 "GET /users/ HTTP/1.1" 200 388
INFO 2026-05-27 10:41:12,778 basehttp 12860 14356 "GET /departments/all/ HTTP/1.1" 200 1250
INFO 2026-05-27 10:41:12,778 basehttp 12860 10192 "GET /day-offs/statistics/ HTTP/1.1" 200 920
INFO 2026-05-27 10:41:12,863 basehttp 12860 14356 "GET /day-offs/statistics/ HTTP/1.1" 200 920
INFO 2026-05-27 10:42:54,253 basehttp 12860 4428 "POST /users/ HTTP/1.1" 201 263
INFO 2026-05-27 10:42:54,297 basehttp 12860 4428 "GET /users/ HTTP/1.1" 200 766
INFO 2026-05-27 10:42:54,380 basehttp 12860 4284 "GET /day-offs/statistics/ HTTP/1.1" 200 1295
INFO 2026-05-27 10:44:02,748 basehttp 12860 4284 "POST /users/ HTTP/1.1" 201 265
INFO 2026-05-27 10:44:02,822 basehttp 12860 4284 "GET /users/ HTTP/1.1" 200 1193
INFO 2026-05-27 10:44:02,923 basehttp 12860 4428 "GET /day-offs/statistics/ HTTP/1.1" 200 1672
INFO 2026-05-27 10:44:07,205 basehttp 12860 4428 "GET /departments/all/ HTTP/1.1" 200 1250
INFO 2026-05-27 10:44:07,257 basehttp 12860 4284 "GET /users/employees/ HTTP/1.1" 200 438
INFO 2026-05-27 10:44:07,283 basehttp 12860 4428 "GET /departments/all/ HTTP/1.1" 200 1250
INFO 2026-05-27 10:44:07,304 basehttp 12860 16364 "GET /users/employees/ HTTP/1.1" 200 438
INFO 2026-05-27 10:44:49,896 basehttp 12860 16364 "GET /departments/all/ HTTP/1.1" 200 1250
INFO 2026-05-27 10:44:49,959 basehttp 12860 4428 "GET /departments/all/ HTTP/1.1" 200 1250
INFO 2026-05-27 10:44:49,969 basehttp 12860 16364 "GET /task/all/?page=1&limit=10 HTTP/1.1" 200 77
INFO 2026-05-27 10:44:50,027 basehttp 12860 4428 "GET /task/all/?page=1&limit=10 HTTP/1.1" 200 77
INFO 2026-05-27 10:44:50,044 basehttp 12860 16364 "GET /task-assignments/all/?page=1&limit=10 HTTP/1.1" 200 85
INFO 2026-05-27 10:44:50,100 basehttp 12860 16364 "GET /users/?role=employee HTTP/1.1" 200 1193
INFO 2026-05-27 10:44:50,159 basehttp 12860 4428 "GET /task-assignments/all/?page=1&limit=10 HTTP/1.1" 200 85
INFO 2026-05-27 10:44:50,172 basehttp 12860 16364 "GET /users/ HTTP/1.1" 200 1193
INFO 2026-05-27 10:44:50,227 basehttp 12860 16364 "GET /users/?role=employee HTTP/1.1" 200 1193
INFO 2026-05-27 10:44:50,297 basehttp 12860 16364 "GET /users/ HTTP/1.1" 200 1193
INFO 2026-05-27 10:45:04,122 basehttp 12860 4428 "GET /task/all/?page=1&limit=10 HTTP/1.1" 200 77
INFO 2026-05-27 10:45:04,175 basehttp 12860 16364 "GET /task-assignments/all/?page=1&limit=10 HTTP/1.1" 200 85
INFO 2026-05-27 10:45:41,795 basehttp 12860 16364 "OPTIONS /task/create/ HTTP/1.1" 200 0
INFO 2026-05-27 10:45:41,831 basehttp 12860 16364 "POST /task/create/ HTTP/1.1" 201 393
INFO 2026-05-27 10:45:41,877 basehttp 12860 16364 "GET /task/all/?page=1&limit=10 HTTP/1.1" 200 408
INFO 2026-05-27 10:46:04,804 basehttp 12860 16364 "POST /task/create/ HTTP/1.1" 201 389
INFO 2026-05-27 10:46:04,853 basehttp 12860 16364 "GET /task/all/?page=1&limit=10 HTTP/1.1" 200 736
INFO 2026-05-27 10:46:07,069 basehttp 12860 4428 "GET /task-assignments/all/?page=1&limit=10 HTTP/1.1" 200 85
INFO 2026-05-27 10:46:07,078 basehttp 12860 16364 "GET /task/all/?page=1&limit=10 HTTP/1.1" 200 736
INFO 2026-05-27 10:46:18,088 basehttp 12860 16364 "OPTIONS /departments/3/employees/ HTTP/1.1" 200 0
INFO 2026-05-27 10:46:18,112 basehttp 12860 16364 "GET /departments/3/employees/ HTTP/1.1" 200 506
INFO 2026-05-27 10:46:31,649 basehttp 12860 16364 "OPTIONS /task-assignments/create/ HTTP/1.1" 200 0
INFO 2026-05-27 10:46:31,794 basehttp 12860 16364 "POST /task-assignments/create/ HTTP/1.1" 201 1529
INFO 2026-05-27 10:46:31,857 basehttp 12860 16364 "GET /task-assignments/all/?page=1&limit=10 HTTP/1.1" 200 1540
INFO 2026-05-27 10:46:46,781 basehttp 12860 16364 "GET /departments/3/employees/ HTTP/1.1" 200 506
INFO 2026-05-27 10:47:07,467 basehttp 12860 16364 "POST /task-assignments/create/ HTTP/1.1" 201 1549
INFO 2026-05-27 10:47:07,543 basehttp 12860 16364 "GET /task-assignments/all/?page=1&limit=10 HTTP/1.1" 200 3010
INFO 2026-05-27 10:48:04,808 basehttp 12860 15512 "OPTIONS /request/all/? HTTP/1.1" 200 0
INFO 2026-05-27 10:48:04,819 basehttp 12860 13760 "OPTIONS /request/all/? HTTP/1.1" 200 0
INFO 2026-05-27 10:48:04,897 basehttp 12860 15512 "GET /request/all/? HTTP/1.1" 200 25
INFO 2026-05-27 10:48:04,938 basehttp 12860 13760 "GET /request/all/? HTTP/1.1" 200 25
INFO 2026-05-27 10:48:04,961 basehttp 12860 15512 "GET /users/ HTTP/1.1" 200 1193
INFO 2026-05-27 10:48:04,984 basehttp 12860 15512 "OPTIONS /request/stats/ HTTP/1.1" 200 0
INFO 2026-05-27 10:48:05,009 basehttp 12860 13760 "GET /users/ HTTP/1.1" 200 1193
INFO 2026-05-27 10:48:05,048 basehttp 12860 15512 "GET /request/stats/ HTTP/1.1" 200 79
INFO 2026-05-27 10:48:05,103 basehttp 12860 13760 "GET /request/stats/ HTTP/1.1" 200 79
INFO 2026-05-27 10:48:05,887 basehttp 12860 13760 "OPTIONS /performance/my-performance/?days=30 HTTP/1.1" 200 0
INFO 2026-05-27 10:48:05,893 basehttp 12860 15512 "OPTIONS /performance/my-performance/?days=30 HTTP/1.1" 200 0
INFO 2026-05-27 10:48:05,954 basehttp 12860 17280 "OPTIONS /performance/my-performance/?days=30 HTTP/1.1" 200 0
INFO 2026-05-27 10:48:06,020 basehttp 12860 16780 "OPTIONS /performance/my-performance/?days=30 HTTP/1.1" 200 0
INFO 2026-05-27 10:48:06,275 basehttp 12860 13760 "GET /performance/my-performance/?days=30 HTTP/1.1" 200 3522
INFO 2026-05-27 10:48:06,581 basehttp 12860 16780 "GET /performance/my-performance/?days=30 HTTP/1.1" 200 3522
INFO 2026-05-27 10:48:06,912 basehttp 12860 13760 "GET /performance/my-performance/?days=30 HTTP/1.1" 200 3522
INFO 2026-05-27 10:48:07,179 basehttp 12860 16780 "GET /performance/my-performance/?days=30 HTTP/1.1" 200 3522
INFO 2026-05-27 10:48:13,362 basehttp 12860 16780 "OPTIONS /performance/all/?days=30&page=1&limit=12 HTTP/1.1" 200 0
INFO 2026-05-27 10:48:13,449 basehttp 12860 16780 "GET /performance/all/?days=30&page=1&limit=12 HTTP/1.1" 200 817
INFO 2026-05-27 10:48:18,255 basehttp 12860 13760 "OPTIONS /performance/departments/summaries/?days=30 HTTP/1.1" 200 0
INFO 2026-05-27 10:48:18,256 basehttp 12860 16780 "OPTIONS /performance/organization/?days=30 HTTP/1.1" 200 0
INFO 2026-05-27 10:48:18,568 basehttp 12860 16780 "GET /performance/departments/summaries/?days=30 HTTP/1.1" 200 955
INFO 2026-05-27 10:48:18,591 basehttp 12860 13760 "GET /performance/organization/?days=30 HTTP/1.1" 200 1200
INFO 2026-05-29 14:48:50,795 autoreload 18612 8440 Watching for file changes with StatReloader
INFO 2026-05-29 14:53:06,261 basehttp 18612 2524 "OPTIONS /auth/login/ HTTP/1.1" 200 0
INFO 2026-05-29 14:53:14,909 basehttp 18612 2524 "POST /auth/login/ HTTP/1.1" 200 898
INFO 2026-05-29 14:53:15,386 basehttp 18612 2524 "OPTIONS /dashboard/?range=week HTTP/1.1" 200 0
INFO 2026-05-29 14:53:15,559 basehttp 18612 15280 "OPTIONS /dashboard/?range=week HTTP/1.1" 200 0
INFO 2026-05-29 14:53:16,576 basehttp 18612 2524 "GET /dashboard/?range=week HTTP/1.1" 200 13594
INFO 2026-05-29 14:53:18,213 basehttp 18612 15280 "GET /dashboard/?range=week HTTP/1.1" 200 13543
INFO 2026-05-29 14:53:45,952 basehttp 18612 15280 "OPTIONS /profile/ HTTP/1.1" 200 0
INFO 2026-05-29 14:53:45,988 basehttp 18612 15280 "OPTIONS /profile/ HTTP/1.1" 200 0
INFO 2026-05-29 14:53:46,102 basehttp 18612 15280 "GET /profile/ HTTP/1.1" 200 376
INFO 2026-05-29 14:53:46,212 basehttp 18612 2524 "GET /profile/ HTTP/1.1" 200 376
INFO 2026-05-29 14:53:47,569 basehttp 18612 2524 "GET /dashboard/?range=week HTTP/1.1" 200 13428
INFO 2026-05-29 14:53:48,613 basehttp 18612 15280 "GET /dashboard/?range=week HTTP/1.1" 200 13390
INFO 2026-05-29 14:54:00,332 basehttp 18612 2524 "OPTIONS /departments/all/ HTTP/1.1" 200 0
INFO 2026-05-29 14:54:00,333 basehttp 18612 15280 "OPTIONS /users/ HTTP/1.1" 200 0
INFO 2026-05-29 14:54:00,460 basehttp 18612 15280 "OPTIONS /day-offs/statistics/ HTTP/1.1" 200 0
INFO 2026-05-29 14:54:00,471 basehttp 18612 6464 "OPTIONS /day-offs/statistics/ HTTP/1.1" 200 0
INFO 2026-05-29 14:54:00,711 basehttp 18612 2524 "GET /departments/all/ HTTP/1.1" 200 1250
INFO 2026-05-29 14:54:00,719 basehttp 18612 18700 "GET /users/ HTTP/1.1" 200 1193
INFO 2026-05-29 14:54:00,867 basehttp 18612 15280 "GET /departments/all/ HTTP/1.1" 200 1250
INFO 2026-05-29 14:54:01,003 basehttp 18612 2524 "GET /users/ HTTP/1.1" 200 1193
INFO 2026-05-29 14:54:01,050 basehttp 18612 6464 "GET /day-offs/statistics/ HTTP/1.1" 200 1672
INFO 2026-05-29 14:54:01,424 basehttp 18612 2524 "GET /day-offs/statistics/ HTTP/1.1" 200 1672
INFO 2026-05-29 14:54:08,167 basehttp 18612 2524 "GET /dashboard/?range=week HTTP/1.1" 200 13408
INFO 2026-05-29 14:54:09,268 basehttp 18612 6464 "GET /dashboard/?range=week HTTP/1.1" 200 13411
INFO 2026-05-29 14:54:14,399 basehttp 18612 6464 "GET /users/ HTTP/1.1" 200 1193
INFO 2026-05-29 14:54:14,400 basehttp 18612 2524 "GET /departments/all/ HTTP/1.1" 200 1250
INFO 2026-05-29 14:54:14,573 basehttp 18612 18700 "GET /departments/all/ HTTP/1.1" 200 1250
INFO 2026-05-29 14:54:14,681 basehttp 18612 2524 "GET /users/ HTTP/1.1" 200 1193
INFO 2026-05-29 14:54:14,791 basehttp 18612 15280 "GET /day-offs/statistics/ HTTP/1.1" 200 1672
INFO 2026-05-29 14:54:15,096 basehttp 18612 2524 "GET /day-offs/statistics/ HTTP/1.1" 200 1672
INFO 2026-05-29 14:54:20,490 basehttp 18612 2524 "OPTIONS /users/employees/ HTTP/1.1" 200 0
INFO 2026-05-29 14:54:20,495 basehttp 18612 15280 "OPTIONS /users/employees/ HTTP/1.1" 200 0
INFO 2026-05-29 14:54:20,576 basehttp 18612 2524 "GET /users/employees/ HTTP/1.1" 200 438
INFO 2026-05-29 14:54:20,700 basehttp 18612 15280 "GET /departments/all/ HTTP/1.1" 200 1250
INFO 2026-05-29 14:54:20,852 basehttp 18612 18700 "GET /users/employees/ HTTP/1.1" 200 438
INFO 2026-05-29 14:54:20,853 basehttp 18612 2524 "GET /departments/all/ HTTP/1.1" 200 1250
INFO 2026-05-29 14:54:35,896 basehttp 18612 18700 "GET /users/employees/ HTTP/1.1" 200 438
INFO 2026-05-29 14:54:43,138 basehttp 18612 18700 "GET /departments/all/ HTTP/1.1" 200 1250
INFO 2026-05-29 14:54:43,184 basehttp 18612 18700 "OPTIONS /task/all/?page=1&limit=10 HTTP/1.1" 200 0
INFO 2026-05-29 14:54:43,270 basehttp 18612 2524 "GET /departments/all/ HTTP/1.1" 200 1250
INFO 2026-05-29 14:54:43,336 basehttp 18612 18700 "GET /task/all/?page=1&limit=10 HTTP/1.1" 200 736
INFO 2026-05-29 14:54:43,363 basehttp 18612 18700 "OPTIONS /task-assignments/all/?page=1&limit=10 HTTP/1.1" 200 0
INFO 2026-05-29 14:54:43,434 basehttp 18612 2524 "GET /task/all/?page=1&limit=10 HTTP/1.1" 200 736
INFO 2026-05-29 14:54:43,574 basehttp 18612 18700 "GET /task-assignments/all/?page=1&limit=10 HTTP/1.1" 200 2983
INFO 2026-05-29 14:54:43,625 basehttp 18612 18700 "OPTIONS /users/?role=employee HTTP/1.1" 200 0
INFO 2026-05-29 14:54:43,743 basehttp 18612 18700 "GET /users/?role=employee HTTP/1.1" 200 1193
INFO 2026-05-29 14:54:43,902 basehttp 18612 18700 "GET /users/ HTTP/1.1" 200 1193
INFO 2026-05-29 14:54:43,937 basehttp 18612 2524 "GET /task-assignments/all/?page=1&limit=10 HTTP/1.1" 200 2977
INFO 2026-05-29 14:54:44,306 basehttp 18612 2524 "GET /users/?role=employee HTTP/1.1" 200 1193
INFO 2026-05-29 14:54:44,500 basehttp 18612 2524 "GET /users/ HTTP/1.1" 200 1193
INFO 2026-05-29 14:55:36,159 basehttp 18612 18700 "GET /task/all/?page=1&limit=10 HTTP/1.1" 200 736
INFO 2026-05-29 14:55:36,250 basehttp 18612 2524 "GET /task-assignments/all/?page=1&limit=10 HTTP/1.1" 200 2983
INFO 2026-05-30 09:22:50,012 autoreload 1468 11016 Watching for file changes with StatReloader
WARNING 2026-05-30 09:22:58,118 basehttp 1468 12832 "GET /ws/notifications/?token=eyJhbGciOiJIUzI1NiIsInR5cCI6IkpXVCJ9.eyJ0b2tlbl90eXBlIjoiYWNjZXNzIiwiZXhwIjoxNzgwNTU2MzA3LCJpYXQiOjE3ODAxMjQzMDcsImp0aSI6ImFjZjRlYmQyYzNlZTQxODViYjZjMTBmN2VkNjdiOTY0IiwidXNlcl9pZCI6IjIifQ.TL3OYHQGHSH706KR0MiNBC2ILYAG57Ypwe9ZpovCg7Q HTTP/1.1" 404 9536
WARNING 2026-05-30 09:22:59,441 basehttp 1468 13304 "GET /ws/notifications/?token=eyJhbGciOiJIUzI1NiIsInR5cCI6IkpXVCJ9.eyJ0b2tlbl90eXBlIjoiYWNjZXNzIiwiZXhwIjoxNzgwNTU2MDI1LCJpYXQiOjE3ODAxMjQwMjUsImp0aSI6ImY0OTJhOWJiNzJmYTQ1YzZhOTA5Mzc4YTJjMDE1MmU4IiwidXNlcl9pZCI6IjEifQ.N52o74rjuR3R760mkk8SfbAyrEP07UBQ5bj45IDD3Dk HTTP/1.1" 404 9536
WARNING 2026-05-30 09:23:04,725 basehttp 1468 18316 "GET /ws/notifications/?token=eyJhbGciOiJIUzI1NiIsInR5cCI6IkpXVCJ9.eyJ0b2tlbl90eXBlIjoiYWNjZXNzIiwiZXhwIjoxNzgwNTU2MzA3LCJpYXQiOjE3ODAxMjQzMDcsImp0aSI6ImFjZjRlYmQyYzNlZTQxODViYjZjMTBmN2VkNjdiOTY0IiwidXNlcl9pZCI6IjIifQ.TL3OYHQGHSH706KR0MiNBC2ILYAG57Ypwe9ZpovCg7Q HTTP/1.1" 404 9536
WARNING 2026-05-30 09:23:05,426 basehttp 1468 15976 "GET /ws/notifications/?token=eyJhbGciOiJIUzI1NiIsInR5cCI6IkpXVCJ9.eyJ0b2tlbl90eXBlIjoiYWNjZXNzIiwiZXhwIjoxNzgwNTU2MDI1LCJpYXQiOjE3ODAxMjQwMjUsImp0aSI6ImY0OTJhOWJiNzJmYTQ1YzZhOTA5Mzc4YTJjMDE1MmU4IiwidXNlcl9pZCI6IjEifQ.N52o74rjuR3R760mkk8SfbAyrEP07UBQ5bj45IDD3Dk HTTP/1.1" 404 9536
WARNING 2026-05-30 09:23:09,794 basehttp 1468 18296 "GET /ws/notifications/?token=eyJhbGciOiJIUzI1NiIsInR5cCI6IkpXVCJ9.eyJ0b2tlbl90eXBlIjoiYWNjZXNzIiwiZXhwIjoxNzgwNTU2MzA3LCJpYXQiOjE3ODAxMjQzMDcsImp0aSI6ImFjZjRlYmQyYzNlZTQxODViYjZjMTBmN2VkNjdiOTY0IiwidXNlcl9pZCI6IjIifQ.TL3OYHQGHSH706KR0MiNBC2ILYAG57Ypwe9ZpovCg7Q HTTP/1.1" 404 9536
WARNING 2026-05-30 09:23:11,940 basehttp 1468 10328 "GET /ws/notifications/?token=eyJhbGciOiJIUzI1NiIsInR5cCI6IkpXVCJ9.eyJ0b2tlbl90eXBlIjoiYWNjZXNzIiwiZXhwIjoxNzgwNTU2MDI1LCJpYXQiOjE3ODAxMjQwMjUsImp0aSI6ImY0OTJhOWJiNzJmYTQ1YzZhOTA5Mzc4YTJjMDE1MmU4IiwidXNlcl9pZCI6IjEifQ.N52o74rjuR3R760mkk8SfbAyrEP07UBQ5bj45IDD3Dk HTTP/1.1" 404 9536
WARNING 2026-05-30 09:23:15,160 basehttp 1468 7712 "GET /ws/notifications/?token=eyJhbGciOiJIUzI1NiIsInR5cCI6IkpXVCJ9.eyJ0b2tlbl90eXBlIjoiYWNjZXNzIiwiZXhwIjoxNzgwNTU2MzA3LCJpYXQiOjE3ODAxMjQzMDcsImp0aSI6ImFjZjRlYmQyYzNlZTQxODViYjZjMTBmN2VkNjdiOTY0IiwidXNlcl9pZCI6IjIifQ.TL3OYHQGHSH706KR0MiNBC2ILYAG57Ypwe9ZpovCg7Q HTTP/1.1" 404 9536
WARNING 2026-05-30 09:23:17,394 basehttp 1468 9132 "GET /ws/notifications/?token=eyJhbGciOiJIUzI1NiIsInR5cCI6IkpXVCJ9.eyJ0b2tlbl90eXBlIjoiYWNjZXNzIiwiZXhwIjoxNzgwNTU2MDI1LCJpYXQiOjE3ODAxMjQwMjUsImp0aSI6ImY0OTJhOWJiNzJmYTQ1YzZhOTA5Mzc4YTJjMDE1MmU4IiwidXNlcl9pZCI6IjEifQ.N52o74rjuR3R760mkk8SfbAyrEP07UBQ5bj45IDD3Dk HTTP/1.1" 404 9536
WARNING 2026-05-30 09:23:18,470 basehttp 1468 5304 "GET /ws/notifications/?token=eyJhbGciOiJIUzI1NiIsInR5cCI6IkpXVCJ9.eyJ0b2tlbl90eXBlIjoiYWNjZXNzIiwiZXhwIjoxNzgwNTU2MzA3LCJpYXQiOjE3ODAxMjQzMDcsImp0aSI6ImFjZjRlYmQyYzNlZTQxODViYjZjMTBmN2VkNjdiOTY0IiwidXNlcl9pZCI6IjIifQ.TL3OYHQGHSH706KR0MiNBC2ILYAG57Ypwe9ZpovCg7Q HTTP/1.1" 404 9536
WARNING 2026-05-30 09:23:20,104 basehttp 1468 18184 "GET /ws/notifications/?token=eyJhbGciOiJIUzI1NiIsInR5cCI6IkpXVCJ9.eyJ0b2tlbl90eXBlIjoiYWNjZXNzIiwiZXhwIjoxNzgwNTU2MDI1LCJpYXQiOjE3ODAxMjQwMjUsImp0aSI6ImY0OTJhOWJiNzJmYTQ1YzZhOTA5Mzc4YTJjMDE1MmU4IiwidXNlcl9pZCI6IjEifQ.N52o74rjuR3R760mkk8SfbAyrEP07UBQ5bj45IDD3Dk HTTP/1.1" 404 9536
INFO 2026-05-30 09:23:20,106 basehttp 1468 18184 - Broken pipe from ('127.0.0.1', 50108)
WARNING 2026-05-30 09:23:24,698 basehttp 1468 16600 "GET /ws/notifications/?token=eyJhbGciOiJIUzI1NiIsInR5cCI6IkpXVCJ9.eyJ0b2tlbl90eXBlIjoiYWNjZXNzIiwiZXhwIjoxNzgwNTU2MzA3LCJpYXQiOjE3ODAxMjQzMDcsImp0aSI6ImFjZjRlYmQyYzNlZTQxODViYjZjMTBmN2VkNjdiOTY0IiwidXNlcl9pZCI6IjIifQ.TL3OYHQGHSH706KR0MiNBC2ILYAG57Ypwe9ZpovCg7Q HTTP/1.1" 404 9536
WARNING 2026-05-30 09:23:25,303 basehttp 1468 17112 "GET /ws/notifications/?token=eyJhbGciOiJIUzI1NiIsInR5cCI6IkpXVCJ9.eyJ0b2tlbl90eXBlIjoiYWNjZXNzIiwiZXhwIjoxNzgwNTU2MDI1LCJpYXQiOjE3ODAxMjQwMjUsImp0aSI6ImY0OTJhOWJiNzJmYTQ1YzZhOTA5Mzc4YTJjMDE1MmU4IiwidXNlcl9pZCI6IjEifQ.N52o74rjuR3R760mkk8SfbAyrEP07UBQ5bj45IDD3Dk HTTP/1.1" 404 9536
WARNING 2026-05-30 09:23:28,250 basehttp 1468 10364 "GET /ws/notifications/?token=eyJhbGciOiJIUzI1NiIsInR5cCI6IkpXVCJ9.eyJ0b2tlbl90eXBlIjoiYWNjZXNzIiwiZXhwIjoxNzgwNTU2MzA3LCJpYXQiOjE3ODAxMjQzMDcsImp0aSI6ImFjZjRlYmQyYzNlZTQxODViYjZjMTBmN2VkNjdiOTY0IiwidXNlcl9pZCI6IjIifQ.TL3OYHQGHSH706KR0MiNBC2ILYAG57Ypwe9ZpovCg7Q HTTP/1.1" 404 9536
WARNING 2026-05-30 09:23:31,172 basehttp 1468 15332 "GET /ws/notifications/?token=eyJhbGciOiJIUzI1NiIsInR5cCI6IkpXVCJ9.eyJ0b2tlbl90eXBlIjoiYWNjZXNzIiwiZXhwIjoxNzgwNTU2MDI1LCJpYXQiOjE3ODAxMjQwMjUsImp0aSI6ImY0OTJhOWJiNzJmYTQ1YzZhOTA5Mzc4YTJjMDE1MmU4IiwidXNlcl9pZCI6IjEifQ.N52o74rjuR3R760mkk8SfbAyrEP07UBQ5bj45IDD3Dk HTTP/1.1" 404 9536
WARNING 2026-05-30 09:23:35,000 basehttp 1468 9544 "GET /ws/notifications/?token=eyJhbGciOiJIUzI1NiIsInR5cCI6IkpXVCJ9.eyJ0b2tlbl90eXBlIjoiYWNjZXNzIiwiZXhwIjoxNzgwNTU2MzA3LCJpYXQiOjE3ODAxMjQzMDcsImp0aSI6ImFjZjRlYmQyYzNlZTQxODViYjZjMTBmN2VkNjdiOTY0IiwidXNlcl9pZCI6IjIifQ.TL3OYHQGHSH706KR0MiNBC2ILYAG57Ypwe9ZpovCg7Q HTTP/1.1" 404 9536
WARNING 2026-05-30 09:23:36,106 basehttp 1468 19480 "GET /chat/unread-counts/ HTTP/1.1" 404 9304
WARNING 2026-05-30 09:23:36,107 basehttp 1468 13184 "GET /chat/unread-counts/ HTTP/1.1" 404 9304
WARNING 2026-05-30 09:23:37,409 basehttp 1468 14616 "GET /ws/notifications/?token=eyJhbGciOiJIUzI1NiIsInR5cCI6IkpXVCJ9.eyJ0b2tlbl90eXBlIjoiYWNjZXNzIiwiZXhwIjoxNzgwNTU2MDI1LCJpYXQiOjE3ODAxMjQwMjUsImp0aSI6ImY0OTJhOWJiNzJmYTQ1YzZhOTA5Mzc4YTJjMDE1MmU4IiwidXNlcl9pZCI6IjEifQ.N52o74rjuR3R760mkk8SfbAyrEP07UBQ5bj45IDD3Dk HTTP/1.1" 404 9536
WARNING 2026-05-30 09:23:41,613 basehttp 1468 20188 "GET /ws/notifications/?token=eyJhbGciOiJIUzI1NiIsInR5cCI6IkpXVCJ9.eyJ0b2tlbl90eXBlIjoiYWNjZXNzIiwiZXhwIjoxNzgwNTU2MzA3LCJpYXQiOjE3ODAxMjQzMDcsImp0aSI6ImFjZjRlYmQyYzNlZTQxODViYjZjMTBmN2VkNjdiOTY0IiwidXNlcl9pZCI6IjIifQ.TL3OYHQGHSH706KR0MiNBC2ILYAG57Ypwe9ZpovCg7Q HTTP/1.1" 404 9536
WARNING 2026-05-30 09:23:42,836 basehttp 1468 5736 "GET /ws/notifications/?token=eyJhbGciOiJIUzI1NiIsInR5cCI6IkpXVCJ9.eyJ0b2tlbl90eXBlIjoiYWNjZXNzIiwiZXhwIjoxNzgwNTU2MDI1LCJpYXQiOjE3ODAxMjQwMjUsImp0aSI6ImY0OTJhOWJiNzJmYTQ1YzZhOTA5Mzc4YTJjMDE1MmU4IiwidXNlcl9pZCI6IjEifQ.N52o74rjuR3R760mkk8SfbAyrEP07UBQ5bj45IDD3Dk HTTP/1.1" 404 9536
WARNING 2026-05-30 09:23:43,040 basehttp 1468 16240 "GET /ws/notifications/?token=eyJhbGciOiJIUzI1NiIsInR5cCI6IkpXVCJ9.eyJ0b2tlbl90eXBlIjoiYWNjZXNzIiwiZXhwIjoxNzgwNTU2MzA3LCJpYXQiOjE3ODAxMjQzMDcsImp0aSI6ImFjZjRlYmQyYzNlZTQxODViYjZjMTBmN2VkNjdiOTY0IiwidXNlcl9pZCI6IjIifQ.TL3OYHQGHSH706KR0MiNBC2ILYAG57Ypwe9ZpovCg7Q HTTP/1.1" 404 9536
WARNING 2026-05-30 09:23:45,056 basehttp 1468 12328 "GET /ws/notifications/?token=eyJhbGciOiJIUzI1NiIsInR5cCI6IkpXVCJ9.eyJ0b2tlbl90eXBlIjoiYWNjZXNzIiwiZXhwIjoxNzgwNTU2MzA3LCJpYXQiOjE3ODAxMjQzMDcsImp0aSI6ImFjZjRlYmQyYzNlZTQxODViYjZjMTBmN2VkNjdiOTY0IiwidXNlcl9pZCI6IjIifQ.TL3OYHQGHSH706KR0MiNBC2ILYAG57Ypwe9ZpovCg7Q HTTP/1.1" 404 9536
WARNING 2026-05-30 09:23:47,066 basehttp 1468 18840 "GET /ws/notifications/?token=eyJhbGciOiJIUzI1NiIsInR5cCI6IkpXVCJ9.eyJ0b2tlbl90eXBlIjoiYWNjZXNzIiwiZXhwIjoxNzgwNTU2MzA3LCJpYXQiOjE3ODAxMjQzMDcsImp0aSI6ImFjZjRlYmQyYzNlZTQxODViYjZjMTBmN2VkNjdiOTY0IiwidXNlcl9pZCI6IjIifQ.TL3OYHQGHSH706KR0MiNBC2ILYAG57Ypwe9ZpovCg7Q HTTP/1.1" 404 9536
INFO 2026-05-30 09:23:47,069 basehttp 1468 18840 - Broken pipe from ('127.0.0.1', 50136)
WARNING 2026-05-30 09:23:48,301 basehttp 1468 14352 "GET /ws/notifications/?token=eyJhbGciOiJIUzI1NiIsInR5cCI6IkpXVCJ9.eyJ0b2tlbl90eXBlIjoiYWNjZXNzIiwiZXhwIjoxNzgwNTU2MDI1LCJpYXQiOjE3ODAxMjQwMjUsImp0aSI6ImY0OTJhOWJiNzJmYTQ1YzZhOTA5Mzc4YTJjMDE1MmU4IiwidXNlcl9pZCI6IjEifQ.N52o74rjuR3R760mkk8SfbAyrEP07UBQ5bj45IDD3Dk HTTP/1.1" 404 9536
INFO 2026-05-30 09:24:30,492 autoreload 20016 13356 Watching for file changes with StatReloader
WARNING 2026-05-30 09:24:33,251 basehttp 20016 5984 "GET /chat/unread-counts/ HTTP/1.1" 404 9304
WARNING 2026-05-30 09:24:33,299 basehttp 20016 4264 "GET /chat/unread-counts/ HTTP/1.1" 404 9304
WARNING 2026-05-30 09:24:33,389 basehttp 20016 4560 "GET /ws/notifications/?token=eyJhbGciOiJIUzI1NiIsInR5cCI6IkpXVCJ9.eyJ0b2tlbl90eXBlIjoiYWNjZXNzIiwiZXhwIjoxNzgwNTU2MzA3LCJpYXQiOjE3ODAxMjQzMDcsImp0aSI6ImFjZjRlYmQyYzNlZTQxODViYjZjMTBmN2VkNjdiOTY0IiwidXNlcl9pZCI6IjIifQ.TL3OYHQGHSH706KR0MiNBC2ILYAG57Ypwe9ZpovCg7Q HTTP/1.1" 404 9536
INFO 2026-05-30 09:24:35,265 basehttp 20016 4264 "OPTIONS /logout/ HTTP/1.1" 200 0
WARNING 2026-05-30 09:24:35,303 basehttp 20016 4264 "POST /logout/ HTTP/1.1" 404 9269
WARNING 2026-05-30 09:24:36,095 basehttp 20016 14232 "GET /chat/unread-counts/ HTTP/1.1" 404 9304
WARNING 2026-05-30 09:24:36,228 basehttp 20016 4088 "GET /ws/notifications/?token=eyJhbGciOiJIUzI1NiIsInR5cCI6IkpXVCJ9.eyJ0b2tlbl90eXBlIjoiYWNjZXNzIiwiZXhwIjoxNzgwNTU2MzA3LCJpYXQiOjE3ODAxMjQzMDcsImp0aSI6ImFjZjRlYmQyYzNlZTQxODViYjZjMTBmN2VkNjdiOTY0IiwidXNlcl9pZCI6IjIifQ.TL3OYHQGHSH706KR0MiNBC2ILYAG57Ypwe9ZpovCg7Q HTTP/1.1" 404 9536
WARNING 2026-05-30 09:24:40,008 basehttp 20016 14116 "GET /ws/notifications/?token=eyJhbGciOiJIUzI1NiIsInR5cCI6IkpXVCJ9.eyJ0b2tlbl90eXBlIjoiYWNjZXNzIiwiZXhwIjoxNzgwNTU2MzA3LCJpYXQiOjE3ODAxMjQzMDcsImp0aSI6ImFjZjRlYmQyYzNlZTQxODViYjZjMTBmN2VkNjdiOTY0IiwidXNlcl9pZCI6IjIifQ.TL3OYHQGHSH706KR0MiNBC2ILYAG57Ypwe9ZpovCg7Q HTTP/1.1" 404 9536
WARNING 2026-05-30 09:24:46,856 basehttp 20016 11548 "GET /ws/notifications/?token=eyJhbGciOiJIUzI1NiIsInR5cCI6IkpXVCJ9.eyJ0b2tlbl90eXBlIjoiYWNjZXNzIiwiZXhwIjoxNzgwNTU2MzA3LCJpYXQiOjE3ODAxMjQzMDcsImp0aSI6ImFjZjRlYmQyYzNlZTQxODViYjZjMTBmN2VkNjdiOTY0IiwidXNlcl9pZCI6IjIifQ.TL3OYHQGHSH706KR0MiNBC2ILYAG57Ypwe9ZpovCg7Q HTTP/1.1" 404 9536
WARNING 2026-05-30 09:24:52,414 basehttp 20016 18220 "GET /ws/notifications/?token=eyJhbGciOiJIUzI1NiIsInR5cCI6IkpXVCJ9.eyJ0b2tlbl90eXBlIjoiYWNjZXNzIiwiZXhwIjoxNzgwNTU2MzA3LCJpYXQiOjE3ODAxMjQzMDcsImp0aSI6ImFjZjRlYmQyYzNlZTQxODViYjZjMTBmN2VkNjdiOTY0IiwidXNlcl9pZCI6IjIifQ.TL3OYHQGHSH706KR0MiNBC2ILYAG57Ypwe9ZpovCg7Q HTTP/1.1" 404 9536
INFO 2026-05-30 09:24:56,503 basehttp 20016 4264 "OPTIONS /auth/login/ HTTP/1.1" 200 0
ERROR 2026-05-30 09:24:57,043 basehttp 20016 4264 "POST /auth/login/ HTTP/1.1" 500 189704
WARNING 2026-05-30 09:24:58,015 basehttp 20016 5844 "GET /ws/notifications/?token=eyJhbGciOiJIUzI1NiIsInR5cCI6IkpXVCJ9.eyJ0b2tlbl90eXBlIjoiYWNjZXNzIiwiZXhwIjoxNzgwNTU2MzA3LCJpYXQiOjE3ODAxMjQzMDcsImp0aSI6ImFjZjRlYmQyYzNlZTQxODViYjZjMTBmN2VkNjdiOTY0IiwidXNlcl9pZCI6IjIifQ.TL3OYHQGHSH706KR0MiNBC2ILYAG57Ypwe9ZpovCg7Q HTTP/1.1" 404 9536
WARNING 2026-05-30 09:25:01,255 basehttp 20016 13592 "GET /ws/notifications/?token=eyJhbGciOiJIUzI1NiIsInR5cCI6IkpXVCJ9.eyJ0b2tlbl90eXBlIjoiYWNjZXNzIiwiZXhwIjoxNzgwNTU2MzA3LCJpYXQiOjE3ODAxMjQzMDcsImp0aSI6ImFjZjRlYmQyYzNlZTQxODViYjZjMTBmN2VkNjdiOTY0IiwidXNlcl9pZCI6IjIifQ.TL3OYHQGHSH706KR0MiNBC2ILYAG57Ypwe9ZpovCg7Q HTTP/1.1" 404 9536
WARNING 2026-05-30 09:25:04,343 basehttp 20016 1744 "GET /ws/notifications/?token=eyJhbGciOiJIUzI1NiIsInR5cCI6IkpXVCJ9.eyJ0b2tlbl90eXBlIjoiYWNjZXNzIiwiZXhwIjoxNzgwNTU2MzA3LCJpYXQiOjE3ODAxMjQzMDcsImp0aSI6ImFjZjRlYmQyYzNlZTQxODViYjZjMTBmN2VkNjdiOTY0IiwidXNlcl9pZCI6IjIifQ.TL3OYHQGHSH706KR0MiNBC2ILYAG57Ypwe9ZpovCg7Q HTTP/1.1" 404 9536
WARNING 2026-05-30 09:25:07,177 basehttp 20016 20156 "GET /ws/notifications/?token=eyJhbGciOiJIUzI1NiIsInR5cCI6IkpXVCJ9.eyJ0b2tlbl90eXBlIjoiYWNjZXNzIiwiZXhwIjoxNzgwNTU2MzA3LCJpYXQiOjE3ODAxMjQzMDcsImp0aSI6ImFjZjRlYmQyYzNlZTQxODViYjZjMTBmN2VkNjdiOTY0IiwidXNlcl9pZCI6IjIifQ.TL3OYHQGHSH706KR0MiNBC2ILYAG57Ypwe9ZpovCg7Q HTTP/1.1" 404 9536
WARNING 2026-05-30 09:25:10,558 basehttp 20016 15000 "GET /ws/notifications/?token=eyJhbGciOiJIUzI1NiIsInR5cCI6IkpXVCJ9.eyJ0b2tlbl90eXBlIjoiYWNjZXNzIiwiZXhwIjoxNzgwNTU2MzA3LCJpYXQiOjE3ODAxMjQzMDcsImp0aSI6ImFjZjRlYmQyYzNlZTQxODViYjZjMTBmN2VkNjdiOTY0IiwidXNlcl9pZCI6IjIifQ.TL3OYHQGHSH706KR0MiNBC2ILYAG57Ypwe9ZpovCg7Q HTTP/1.1" 404 9536
WARNING 2026-05-30 09:25:14,192 basehttp 20016 16776 "GET /ws/notifications/?token=eyJhbGciOiJIUzI1NiIsInR5cCI6IkpXVCJ9.eyJ0b2tlbl90eXBlIjoiYWNjZXNzIiwiZXhwIjoxNzgwNTU2MzA3LCJpYXQiOjE3ODAxMjQzMDcsImp0aSI6ImFjZjRlYmQyYzNlZTQxODViYjZjMTBmN2VkNjdiOTY0IiwidXNlcl9pZCI6IjIifQ.TL3OYHQGHSH706KR0MiNBC2ILYAG57Ypwe9ZpovCg7Q HTTP/1.1" 404 9536
WARNING 2026-05-30 09:25:18,918 basehttp 20016 16804 "GET /ws/notifications/?token=eyJhbGciOiJIUzI1NiIsInR5cCI6IkpXVCJ9.eyJ0b2tlbl90eXBlIjoiYWNjZXNzIiwiZXhwIjoxNzgwNTU2MzA3LCJpYXQiOjE3ODAxMjQzMDcsImp0aSI6ImFjZjRlYmQyYzNlZTQxODViYjZjMTBmN2VkNjdiOTY0IiwidXNlcl9pZCI6IjIifQ.TL3OYHQGHSH706KR0MiNBC2ILYAG57Ypwe9ZpovCg7Q HTTP/1.1" 404 9536
WARNING 2026-05-30 09:25:24,014 basehttp 20016 18452 "GET /ws/notifications/?token=eyJhbGciOiJIUzI1NiIsInR5cCI6IkpXVCJ9.eyJ0b2tlbl90eXBlIjoiYWNjZXNzIiwiZXhwIjoxNzgwNTU2MzA3LCJpYXQiOjE3ODAxMjQzMDcsImp0aSI6ImFjZjRlYmQyYzNlZTQxODViYjZjMTBmN2VkNjdiOTY0IiwidXNlcl9pZCI6IjIifQ.TL3OYHQGHSH706KR0MiNBC2ILYAG57Ypwe9ZpovCg7Q HTTP/1.1" 404 9536
WARNING 2026-05-30 09:25:29,328 basehttp 20016 10820 "GET /ws/notifications/?token=eyJhbGciOiJIUzI1NiIsInR5cCI6IkpXVCJ9.eyJ0b2tlbl90eXBlIjoiYWNjZXNzIiwiZXhwIjoxNzgwNTU2MzA3LCJpYXQiOjE3ODAxMjQzMDcsImp0aSI6ImFjZjRlYmQyYzNlZTQxODViYjZjMTBmN2VkNjdiOTY0IiwidXNlcl9pZCI6IjIifQ.TL3OYHQGHSH706KR0MiNBC2ILYAG57Ypwe9ZpovCg7Q HTTP/1.1" 404 9536
WARNING 2026-05-30 09:25:34,123 basehttp 20016 12700 "GET /ws/notifications/?token=eyJhbGciOiJIUzI1NiIsInR5cCI6IkpXVCJ9.eyJ0b2tlbl90eXBlIjoiYWNjZXNzIiwiZXhwIjoxNzgwNTU2MzA3LCJpYXQiOjE3ODAxMjQzMDcsImp0aSI6ImFjZjRlYmQyYzNlZTQxODViYjZjMTBmN2VkNjdiOTY0IiwidXNlcl9pZCI6IjIifQ.TL3OYHQGHSH706KR0MiNBC2ILYAG57Ypwe9ZpovCg7Q HTTP/1.1" 404 9536
WARNING 2026-05-30 09:25:36,032 basehttp 20016 14232 "GET /chat/unread-counts/ HTTP/1.1" 404 9304
WARNING 2026-05-30 09:25:37,584 basehttp 20016 8532 "GET /ws/notifications/?token=eyJhbGciOiJIUzI1NiIsInR5cCI6IkpXVCJ9.eyJ0b2tlbl90eXBlIjoiYWNjZXNzIiwiZXhwIjoxNzgwNTU2MzA3LCJpYXQiOjE3ODAxMjQzMDcsImp0aSI6ImFjZjRlYmQyYzNlZTQxODViYjZjMTBmN2VkNjdiOTY0IiwidXNlcl9pZCI6IjIifQ.TL3OYHQGHSH706KR0MiNBC2ILYAG57Ypwe9ZpovCg7Q HTTP/1.1" 404 9536
WARNING 2026-05-30 09:25:40,867 basehttp 20016 17360 "GET /ws/notifications/?token=eyJhbGciOiJIUzI1NiIsInR5cCI6IkpXVCJ9.eyJ0b2tlbl90eXBlIjoiYWNjZXNzIiwiZXhwIjoxNzgwNTU2MzA3LCJpYXQiOjE3ODAxMjQzMDcsImp0aSI6ImFjZjRlYmQyYzNlZTQxODViYjZjMTBmN2VkNjdiOTY0IiwidXNlcl9pZCI6IjIifQ.TL3OYHQGHSH706KR0MiNBC2ILYAG57Ypwe9ZpovCg7Q HTTP/1.1" 404 9536
WARNING 2026-05-30 09:25:45,587 basehttp 20016 7372 "GET /ws/notifications/?token=eyJhbGciOiJIUzI1NiIsInR5cCI6IkpXVCJ9.eyJ0b2tlbl90eXBlIjoiYWNjZXNzIiwiZXhwIjoxNzgwNTU2MzA3LCJpYXQiOjE3ODAxMjQzMDcsImp0aSI6ImFjZjRlYmQyYzNlZTQxODViYjZjMTBmN2VkNjdiOTY0IiwidXNlcl9pZCI6IjIifQ.TL3OYHQGHSH706KR0MiNBC2ILYAG57Ypwe9ZpovCg7Q HTTP/1.1" 404 9536
WARNING 2026-05-30 09:25:50,416 basehttp 20016 17500 "GET /ws/notifications/?token=eyJhbGciOiJIUzI1NiIsInR5cCI6IkpXVCJ9.eyJ0b2tlbl90eXBlIjoiYWNjZXNzIiwiZXhwIjoxNzgwNTU2MzA3LCJpYXQiOjE3ODAxMjQzMDcsImp0aSI6ImFjZjRlYmQyYzNlZTQxODViYjZjMTBmN2VkNjdiOTY0IiwidXNlcl9pZCI6IjIifQ.TL3OYHQGHSH706KR0MiNBC2ILYAG57Ypwe9ZpovCg7Q HTTP/1.1" 404 9536
WARNING 2026-05-30 09:25:53,702 basehttp 20016 3328 "GET /ws/notifications/?token=eyJhbGciOiJIUzI1NiIsInR5cCI6IkpXVCJ9.eyJ0b2tlbl90eXBlIjoiYWNjZXNzIiwiZXhwIjoxNzgwNTU2MzA3LCJpYXQiOjE3ODAxMjQzMDcsImp0aSI6ImFjZjRlYmQyYzNlZTQxODViYjZjMTBmN2VkNjdiOTY0IiwidXNlcl9pZCI6IjIifQ.TL3OYHQGHSH706KR0MiNBC2ILYAG57Ypwe9ZpovCg7Q HTTP/1.1" 404 9536
WARNING 2026-05-30 09:25:57,487 basehttp 20016 20436 "GET /ws/notifications/?token=eyJhbGciOiJIUzI1NiIsInR5cCI6IkpXVCJ9.eyJ0b2tlbl90eXBlIjoiYWNjZXNzIiwiZXhwIjoxNzgwNTU2MzA3LCJpYXQiOjE3ODAxMjQzMDcsImp0aSI6ImFjZjRlYmQyYzNlZTQxODViYjZjMTBmN2VkNjdiOTY0IiwidXNlcl9pZCI6IjIifQ.TL3OYHQGHSH706KR0MiNBC2ILYAG57Ypwe9ZpovCg7Q HTTP/1.1" 404 9536
WARNING 2026-05-30 09:26:03,036 basehttp 20016 12564 "GET /ws/notifications/?token=eyJhbGciOiJIUzI1NiIsInR5cCI6IkpXVCJ9.eyJ0b2tlbl90eXBlIjoiYWNjZXNzIiwiZXhwIjoxNzgwNTU2MzA3LCJpYXQiOjE3ODAxMjQzMDcsImp0aSI6ImFjZjRlYmQyYzNlZTQxODViYjZjMTBmN2VkNjdiOTY0IiwidXNlcl9pZCI6IjIifQ.TL3OYHQGHSH706KR0MiNBC2ILYAG57Ypwe9ZpovCg7Q HTTP/1.1" 404 9536
ERROR 2026-05-30 09:26:06,820 basehttp 20016 4264 "POST /auth/login/ HTTP/1.1" 500 189529
WARNING 2026-05-30 09:26:09,638 basehttp 20016 13556 "GET /ws/notifications/?token=eyJhbGciOiJIUzI1NiIsInR5cCI6IkpXVCJ9.eyJ0b2tlbl90eXBlIjoiYWNjZXNzIiwiZXhwIjoxNzgwNTU2MzA3LCJpYXQiOjE3ODAxMjQzMDcsImp0aSI6ImFjZjRlYmQyYzNlZTQxODViYjZjMTBmN2VkNjdiOTY0IiwidXNlcl9pZCI6IjIifQ.TL3OYHQGHSH706KR0MiNBC2ILYAG57Ypwe9ZpovCg7Q HTTP/1.1" 404 9536
WARNING 2026-05-30 09:26:15,157 basehttp 20016 13004 "GET /ws/notifications/?token=eyJhbGciOiJIUzI1NiIsInR5cCI6IkpXVCJ9.eyJ0b2tlbl90eXBlIjoiYWNjZXNzIiwiZXhwIjoxNzgwNTU2MzA3LCJpYXQiOjE3ODAxMjQzMDcsImp0aSI6ImFjZjRlYmQyYzNlZTQxODViYjZjMTBmN2VkNjdiOTY0IiwidXNlcl9pZCI6IjIifQ.TL3OYHQGHSH706KR0MiNBC2ILYAG57Ypwe9ZpovCg7Q HTTP/1.1" 404 9536
WARNING 2026-05-30 09:26:19,885 basehttp 20016 8972 "GET /ws/notifications/?token=eyJhbGciOiJIUzI1NiIsInR5cCI6IkpXVCJ9.eyJ0b2tlbl90eXBlIjoiYWNjZXNzIiwiZXhwIjoxNzgwNTU2MzA3LCJpYXQiOjE3ODAxMjQzMDcsImp0aSI6ImFjZjRlYmQyYzNlZTQxODViYjZjMTBmN2VkNjdiOTY0IiwidXNlcl9pZCI6IjIifQ.TL3OYHQGHSH706KR0MiNBC2ILYAG57Ypwe9ZpovCg7Q HTTP/1.1" 404 9536
WARNING 2026-05-30 09:26:23,755 basehttp 20016 19524 "GET /ws/notifications/?token=eyJhbGciOiJIUzI1NiIsInR5cCI6IkpXVCJ9.eyJ0b2tlbl90eXBlIjoiYWNjZXNzIiwiZXhwIjoxNzgwNTU2MzA3LCJpYXQiOjE3ODAxMjQzMDcsImp0aSI6ImFjZjRlYmQyYzNlZTQxODViYjZjMTBmN2VkNjdiOTY0IiwidXNlcl9pZCI6IjIifQ.TL3OYHQGHSH706KR0MiNBC2ILYAG57Ypwe9ZpovCg7Q HTTP/1.1" 404 9536
WARNING 2026-05-30 09:26:28,054 basehttp 20016 4256 "GET /ws/notifications/?token=eyJhbGciOiJIUzI1NiIsInR5cCI6IkpXVCJ9.eyJ0b2tlbl90eXBlIjoiYWNjZXNzIiwiZXhwIjoxNzgwNTU2MzA3LCJpYXQiOjE3ODAxMjQzMDcsImp0aSI6ImFjZjRlYmQyYzNlZTQxODViYjZjMTBmN2VkNjdiOTY0IiwidXNlcl9pZCI6IjIifQ.TL3OYHQGHSH706KR0MiNBC2ILYAG57Ypwe9ZpovCg7Q HTTP/1.1" 404 9536
WARNING 2026-05-30 09:26:31,950 basehttp 20016 4172 "GET /ws/notifications/?token=eyJhbGciOiJIUzI1NiIsInR5cCI6IkpXVCJ9.eyJ0b2tlbl90eXBlIjoiYWNjZXNzIiwiZXhwIjoxNzgwNTU2MzA3LCJpYXQiOjE3ODAxMjQzMDcsImp0aSI6ImFjZjRlYmQyYzNlZTQxODViYjZjMTBmN2VkNjdiOTY0IiwidXNlcl9pZCI6IjIifQ.TL3OYHQGHSH706KR0MiNBC2ILYAG57Ypwe9ZpovCg7Q HTTP/1.1" 404 9536
WARNING 2026-05-30 09:26:36,079 basehttp 20016 14232 "GET /chat/unread-counts/ HTTP/1.1" 404 9304
WARNING 2026-05-30 09:26:37,907 basehttp 20016 840 "GET /ws/notifications/?token=eyJhbGciOiJIUzI1NiIsInR5cCI6IkpXVCJ9.eyJ0b2tlbl90eXBlIjoiYWNjZXNzIiwiZXhwIjoxNzgwNTU2MzA3LCJpYXQiOjE3ODAxMjQzMDcsImp0aSI6ImFjZjRlYmQyYzNlZTQxODViYjZjMTBmN2VkNjdiOTY0IiwidXNlcl9pZCI6IjIifQ.TL3OYHQGHSH706KR0MiNBC2ILYAG57Ypwe9ZpovCg7Q HTTP/1.1" 404 9536
WARNING 2026-05-30 09:26:43,214 basehttp 20016 13756 "GET /ws/notifications/?token=eyJhbGciOiJIUzI1NiIsInR5cCI6IkpXVCJ9.eyJ0b2tlbl90eXBlIjoiYWNjZXNzIiwiZXhwIjoxNzgwNTU2MzA3LCJpYXQiOjE3ODAxMjQzMDcsImp0aSI6ImFjZjRlYmQyYzNlZTQxODViYjZjMTBmN2VkNjdiOTY0IiwidXNlcl9pZCI6IjIifQ.TL3OYHQGHSH706KR0MiNBC2ILYAG57Ypwe9ZpovCg7Q HTTP/1.1" 404 9536
WARNING 2026-05-30 09:26:47,040 basehttp 20016 5068 "GET /ws/notifications/?token=eyJhbGciOiJIUzI1NiIsInR5cCI6IkpXVCJ9.eyJ0b2tlbl90eXBlIjoiYWNjZXNzIiwiZXhwIjoxNzgwNTU2MzA3LCJpYXQiOjE3ODAxMjQzMDcsImp0aSI6ImFjZjRlYmQyYzNlZTQxODViYjZjMTBmN2VkNjdiOTY0IiwidXNlcl9pZCI6IjIifQ.TL3OYHQGHSH706KR0MiNBC2ILYAG57Ypwe9ZpovCg7Q HTTP/1.1" 404 9536
WARNING 2026-05-30 09:26:53,408 basehttp 20016 1700 "GET /ws/notifications/?token=eyJhbGciOiJIUzI1NiIsInR5cCI6IkpXVCJ9.eyJ0b2tlbl90eXBlIjoiYWNjZXNzIiwiZXhwIjoxNzgwNTU2MzA3LCJpYXQiOjE3ODAxMjQzMDcsImp0aSI6ImFjZjRlYmQyYzNlZTQxODViYjZjMTBmN2VkNjdiOTY0IiwidXNlcl9pZCI6IjIifQ.TL3OYHQGHSH706KR0MiNBC2ILYAG57Ypwe9ZpovCg7Q HTTP/1.1" 404 9536
WARNING 2026-05-30 09:26:59,448 basehttp 20016 616 "GET /ws/notifications/?token=eyJhbGciOiJIUzI1NiIsInR5cCI6IkpXVCJ9.eyJ0b2tlbl90eXBlIjoiYWNjZXNzIiwiZXhwIjoxNzgwNTU2MzA3LCJpYXQiOjE3ODAxMjQzMDcsImp0aSI6ImFjZjRlYmQyYzNlZTQxODViYjZjMTBmN2VkNjdiOTY0IiwidXNlcl9pZCI6IjIifQ.TL3OYHQGHSH706KR0MiNBC2ILYAG57Ypwe9ZpovCg7Q HTTP/1.1" 404 9536
WARNING 2026-05-30 09:27:02,976 basehttp 20016 15072 "GET /ws/notifications/?token=eyJhbGciOiJIUzI1NiIsInR5cCI6IkpXVCJ9.eyJ0b2tlbl90eXBlIjoiYWNjZXNzIiwiZXhwIjoxNzgwNTU2MzA3LCJpYXQiOjE3ODAxMjQzMDcsImp0aSI6ImFjZjRlYmQyYzNlZTQxODViYjZjMTBmN2VkNjdiOTY0IiwidXNlcl9pZCI6IjIifQ.TL3OYHQGHSH706KR0MiNBC2ILYAG57Ypwe9ZpovCg7Q HTTP/1.1" 404 9536
WARNING 2026-05-30 09:27:09,109 basehttp 20016 12520 "GET /ws/notifications/?token=eyJhbGciOiJIUzI1NiIsInR5cCI6IkpXVCJ9.eyJ0b2tlbl90eXBlIjoiYWNjZXNzIiwiZXhwIjoxNzgwNTU2MzA3LCJpYXQiOjE3ODAxMjQzMDcsImp0aSI6ImFjZjRlYmQyYzNlZTQxODViYjZjMTBmN2VkNjdiOTY0IiwidXNlcl9pZCI6IjIifQ.TL3OYHQGHSH706KR0MiNBC2ILYAG57Ypwe9ZpovCg7Q HTTP/1.1" 404 9536
WARNING 2026-05-30 09:27:13,667 basehttp 20016 6472 "GET /ws/notifications/?token=eyJhbGciOiJIUzI1NiIsInR5cCI6IkpXVCJ9.eyJ0b2tlbl90eXBlIjoiYWNjZXNzIiwiZXhwIjoxNzgwNTU2MzA3LCJpYXQiOjE3ODAxMjQzMDcsImp0aSI6ImFjZjRlYmQyYzNlZTQxODViYjZjMTBmN2VkNjdiOTY0IiwidXNlcl9pZCI6IjIifQ.TL3OYHQGHSH706KR0MiNBC2ILYAG57Ypwe9ZpovCg7Q HTTP/1.1" 404 9536
WARNING 2026-05-30 09:27:16,093 basehttp 20016 9532 "GET /ws/notifications/?token=eyJhbGciOiJIUzI1NiIsInR5cCI6IkpXVCJ9.eyJ0b2tlbl90eXBlIjoiYWNjZXNzIiwiZXhwIjoxNzgwNTU2MzA3LCJpYXQiOjE3ODAxMjQzMDcsImp0aSI6ImFjZjRlYmQyYzNlZTQxODViYjZjMTBmN2VkNjdiOTY0IiwidXNlcl9pZCI6IjIifQ.TL3OYHQGHSH706KR0MiNBC2ILYAG57Ypwe9ZpovCg7Q HTTP/1.1" 404 9536
WARNING 2026-05-30 09:27:21,592 basehttp 20016 19732 "GET /ws/notifications/?token=eyJhbGciOiJIUzI1NiIsInR5cCI6IkpXVCJ9.eyJ0b2tlbl90eXBlIjoiYWNjZXNzIiwiZXhwIjoxNzgwNTU2MzA3LCJpYXQiOjE3ODAxMjQzMDcsImp0aSI6ImFjZjRlYmQyYzNlZTQxODViYjZjMTBmN2VkNjdiOTY0IiwidXNlcl9pZCI6IjIifQ.TL3OYHQGHSH706KR0MiNBC2ILYAG57Ypwe9ZpovCg7Q HTTP/1.1" 404 9536
WARNING 2026-05-30 09:27:26,605 basehttp 20016 19388 "GET /ws/notifications/?token=eyJhbGciOiJIUzI1NiIsInR5cCI6IkpXVCJ9.eyJ0b2tlbl90eXBlIjoiYWNjZXNzIiwiZXhwIjoxNzgwNTU2MzA3LCJpYXQiOjE3ODAxMjQzMDcsImp0aSI6ImFjZjRlYmQyYzNlZTQxODViYjZjMTBmN2VkNjdiOTY0IiwidXNlcl9pZCI6IjIifQ.TL3OYHQGHSH706KR0MiNBC2ILYAG57Ypwe9ZpovCg7Q HTTP/1.1" 404 9536
WARNING 2026-05-30 09:27:30,584 basehttp 20016 6324 "GET /ws/notifications/?token=eyJhbGciOiJIUzI1NiIsInR5cCI6IkpXVCJ9.eyJ0b2tlbl90eXBlIjoiYWNjZXNzIiwiZXhwIjoxNzgwNTU2MzA3LCJpYXQiOjE3ODAxMjQzMDcsImp0aSI6ImFjZjRlYmQyYzNlZTQxODViYjZjMTBmN2VkNjdiOTY0IiwidXNlcl9pZCI6IjIifQ.TL3OYHQGHSH706KR0MiNBC2ILYAG57Ypwe9ZpovCg7Q HTTP/1.1" 404 9536
WARNING 2026-05-30 09:27:33,093 basehttp 20016 13576 "GET /ws/notifications/?token=eyJhbGciOiJIUzI1NiIsInR5cCI6IkpXVCJ9.eyJ0b2tlbl90eXBlIjoiYWNjZXNzIiwiZXhwIjoxNzgwNTU2MzA3LCJpYXQiOjE3ODAxMjQzMDcsImp0aSI6ImFjZjRlYmQyYzNlZTQxODViYjZjMTBmN2VkNjdiOTY0IiwidXNlcl9pZCI6IjIifQ.TL3OYHQGHSH706KR0MiNBC2ILYAG57Ypwe9ZpovCg7Q HTTP/1.1" 404 9536
WARNING 2026-05-30 09:27:36,034 basehttp 20016 14232 "GET /chat/unread-counts/ HTTP/1.1" 404 9304
WARNING 2026-05-30 09:27:39,812 basehttp 20016 13628 "GET /ws/notifications/?token=eyJhbGciOiJIUzI1NiIsInR5cCI6IkpXVCJ9.eyJ0b2tlbl90eXBlIjoiYWNjZXNzIiwiZXhwIjoxNzgwNTU2MzA3LCJpYXQiOjE3ODAxMjQzMDcsImp0aSI6ImFjZjRlYmQyYzNlZTQxODViYjZjMTBmN2VkNjdiOTY0IiwidXNlcl9pZCI6IjIifQ.TL3OYHQGHSH706KR0MiNBC2ILYAG57Ypwe9ZpovCg7Q HTTP/1.1" 404 9536
WARNING 2026-05-30 09:27:45,597 basehttp 20016 8440 "GET /ws/notifications/?token=eyJhbGciOiJIUzI1NiIsInR5cCI6IkpXVCJ9.eyJ0b2tlbl90eXBlIjoiYWNjZXNzIiwiZXhwIjoxNzgwNTU2MzA3LCJpYXQiOjE3ODAxMjQzMDcsImp0aSI6ImFjZjRlYmQyYzNlZTQxODViYjZjMTBmN2VkNjdiOTY0IiwidXNlcl9pZCI6IjIifQ.TL3OYHQGHSH706KR0MiNBC2ILYAG57Ypwe9ZpovCg7Q HTTP/1.1" 404 9536
WARNING 2026-05-30 09:27:48,473 basehttp 20016 16640 "GET /ws/notifications/?token=eyJhbGciOiJIUzI1NiIsInR5cCI6IkpXVCJ9.eyJ0b2tlbl90eXBlIjoiYWNjZXNzIiwiZXhwIjoxNzgwNTU2MzA3LCJpYXQiOjE3ODAxMjQzMDcsImp0aSI6ImFjZjRlYmQyYzNlZTQxODViYjZjMTBmN2VkNjdiOTY0IiwidXNlcl9pZCI6IjIifQ.TL3OYHQGHSH706KR0MiNBC2ILYAG57Ypwe9ZpovCg7Q HTTP/1.1" 404 9536
INFO 2026-05-30 09:27:48,474 basehttp 20016 16640 - Broken pipe from ('127.0.0.1', 50376)
WARNING 2026-05-30 09:27:53,047 basehttp 20016 15296 "GET /ws/notifications/?token=eyJhbGciOiJIUzI1NiIsInR5cCI6IkpXVCJ9.eyJ0b2tlbl90eXBlIjoiYWNjZXNzIiwiZXhwIjoxNzgwNTU2MzA3LCJpYXQiOjE3ODAxMjQzMDcsImp0aSI6ImFjZjRlYmQyYzNlZTQxODViYjZjMTBmN2VkNjdiOTY0IiwidXNlcl9pZCI6IjIifQ.TL3OYHQGHSH706KR0MiNBC2ILYAG57Ypwe9ZpovCg7Q HTTP/1.1" 404 9536
WARNING 2026-05-30 09:27:58,699 basehttp 20016 11124 "GET /ws/notifications/?token=eyJhbGciOiJIUzI1NiIsInR5cCI6IkpXVCJ9.eyJ0b2tlbl90eXBlIjoiYWNjZXNzIiwiZXhwIjoxNzgwNTU2MzA3LCJpYXQiOjE3ODAxMjQzMDcsImp0aSI6ImFjZjRlYmQyYzNlZTQxODViYjZjMTBmN2VkNjdiOTY0IiwidXNlcl9pZCI6IjIifQ.TL3OYHQGHSH706KR0MiNBC2ILYAG57Ypwe9ZpovCg7Q HTTP/1.1" 404 9536
WARNING 2026-05-30 09:28:02,223 basehttp 20016 12816 "GET /ws/notifications/?token=eyJhbGciOiJIUzI1NiIsInR5cCI6IkpXVCJ9.eyJ0b2tlbl90eXBlIjoiYWNjZXNzIiwiZXhwIjoxNzgwNTU2MzA3LCJpYXQiOjE3ODAxMjQzMDcsImp0aSI6ImFjZjRlYmQyYzNlZTQxODViYjZjMTBmN2VkNjdiOTY0IiwidXNlcl9pZCI6IjIifQ.TL3OYHQGHSH706KR0MiNBC2ILYAG57Ypwe9ZpovCg7Q HTTP/1.1" 404 9536
WARNING 2026-05-30 09:28:06,761 basehttp 20016 2116 "GET /ws/notifications/?token=eyJhbGciOiJIUzI1NiIsInR5cCI6IkpXVCJ9.eyJ0b2tlbl90eXBlIjoiYWNjZXNzIiwiZXhwIjoxNzgwNTU2MzA3LCJpYXQiOjE3ODAxMjQzMDcsImp0aSI6ImFjZjRlYmQyYzNlZTQxODViYjZjMTBmN2VkNjdiOTY0IiwidXNlcl9pZCI6IjIifQ.TL3OYHQGHSH706KR0MiNBC2ILYAG57Ypwe9ZpovCg7Q HTTP/1.1" 404 9536
WARNING 2026-05-30 09:28:12,750 basehttp 20016 15984 "GET /ws/notifications/?token=eyJhbGciOiJIUzI1NiIsInR5cCI6IkpXVCJ9.eyJ0b2tlbl90eXBlIjoiYWNjZXNzIiwiZXhwIjoxNzgwNTU2MzA3LCJpYXQiOjE3ODAxMjQzMDcsImp0aSI6ImFjZjRlYmQyYzNlZTQxODViYjZjMTBmN2VkNjdiOTY0IiwidXNlcl9pZCI6IjIifQ.TL3OYHQGHSH706KR0MiNBC2ILYAG57Ypwe9ZpovCg7Q HTTP/1.1" 404 9536
WARNING 2026-05-30 09:28:18,577 basehttp 20016 5212 "GET /ws/notifications/?token=eyJhbGciOiJIUzI1NiIsInR5cCI6IkpXVCJ9.eyJ0b2tlbl90eXBlIjoiYWNjZXNzIiwiZXhwIjoxNzgwNTU2MzA3LCJpYXQiOjE3ODAxMjQzMDcsImp0aSI6ImFjZjRlYmQyYzNlZTQxODViYjZjMTBmN2VkNjdiOTY0IiwidXNlcl9pZCI6IjIifQ.TL3OYHQGHSH706KR0MiNBC2ILYAG57Ypwe9ZpovCg7Q HTTP/1.1" 404 9536
WARNING 2026-05-30 09:28:23,799 basehttp 20016 14568 "GET /ws/notifications/?token=eyJhbGciOiJIUzI1NiIsInR5cCI6IkpXVCJ9.eyJ0b2tlbl90eXBlIjoiYWNjZXNzIiwiZXhwIjoxNzgwNTU2MzA3LCJpYXQiOjE3ODAxMjQzMDcsImp0aSI6ImFjZjRlYmQyYzNlZTQxODViYjZjMTBmN2VkNjdiOTY0IiwidXNlcl9pZCI6IjIifQ.TL3OYHQGHSH706KR0MiNBC2ILYAG57Ypwe9ZpovCg7Q HTTP/1.1" 404 9536
WARNING 2026-05-30 09:28:26,889 basehttp 20016 18276 "GET /ws/notifications/?token=eyJhbGciOiJIUzI1NiIsInR5cCI6IkpXVCJ9.eyJ0b2tlbl90eXBlIjoiYWNjZXNzIiwiZXhwIjoxNzgwNTU2MzA3LCJpYXQiOjE3ODAxMjQzMDcsImp0aSI6ImFjZjRlYmQyYzNlZTQxODViYjZjMTBmN2VkNjdiOTY0IiwidXNlcl9pZCI6IjIifQ.TL3OYHQGHSH706KR0MiNBC2ILYAG57Ypwe9ZpovCg7Q HTTP/1.1" 404 9536
WARNING 2026-05-30 09:28:29,282 basehttp 20016 13420 "GET /ws/notifications/?token=eyJhbGciOiJIUzI1NiIsInR5cCI6IkpXVCJ9.eyJ0b2tlbl90eXBlIjoiYWNjZXNzIiwiZXhwIjoxNzgwNTU2MzA3LCJpYXQiOjE3ODAxMjQzMDcsImp0aSI6ImFjZjRlYmQyYzNlZTQxODViYjZjMTBmN2VkNjdiOTY0IiwidXNlcl9pZCI6IjIifQ.TL3OYHQGHSH706KR0MiNBC2ILYAG57Ypwe9ZpovCg7Q HTTP/1.1" 404 9536
WARNING 2026-05-30 09:28:34,135 basehttp 20016 8008 "GET /ws/notifications/?token=eyJhbGciOiJIUzI1NiIsInR5cCI6IkpXVCJ9.eyJ0b2tlbl90eXBlIjoiYWNjZXNzIiwiZXhwIjoxNzgwNTU2MzA3LCJpYXQiOjE3ODAxMjQzMDcsImp0aSI6ImFjZjRlYmQyYzNlZTQxODViYjZjMTBmN2VkNjdiOTY0IiwidXNlcl9pZCI6IjIifQ.TL3OYHQGHSH706KR0MiNBC2ILYAG57Ypwe9ZpovCg7Q HTTP/1.1" 404 9536
WARNING 2026-05-30 09:28:36,045 basehttp 20016 14232 "GET /chat/unread-counts/ HTTP/1.1" 404 9304
WARNING 2026-05-30 09:28:40,078 basehttp 20016 15484 "GET /ws/notifications/?token=eyJhbGciOiJIUzI1NiIsInR5cCI6IkpXVCJ9.eyJ0b2tlbl90eXBlIjoiYWNjZXNzIiwiZXhwIjoxNzgwNTU2MzA3LCJpYXQiOjE3ODAxMjQzMDcsImp0aSI6ImFjZjRlYmQyYzNlZTQxODViYjZjMTBmN2VkNjdiOTY0IiwidXNlcl9pZCI6IjIifQ.TL3OYHQGHSH706KR0MiNBC2ILYAG57Ypwe9ZpovCg7Q HTTP/1.1" 404 9536
WARNING 2026-05-30 09:28:46,431 basehttp 20016 16872 "GET /ws/notifications/?token=eyJhbGciOiJIUzI1NiIsInR5cCI6IkpXVCJ9.eyJ0b2tlbl90eXBlIjoiYWNjZXNzIiwiZXhwIjoxNzgwNTU2MzA3LCJpYXQiOjE3ODAxMjQzMDcsImp0aSI6ImFjZjRlYmQyYzNlZTQxODViYjZjMTBmN2VkNjdiOTY0IiwidXNlcl9pZCI6IjIifQ.TL3OYHQGHSH706KR0MiNBC2ILYAG57Ypwe9ZpovCg7Q HTTP/1.1" 404 9536
WARNING 2026-05-30 09:28:51,337 basehttp 20016 12356 "GET /ws/notifications/?token=eyJhbGciOiJIUzI1NiIsInR5cCI6IkpXVCJ9.eyJ0b2tlbl90eXBlIjoiYWNjZXNzIiwiZXhwIjoxNzgwNTU2MzA3LCJpYXQiOjE3ODAxMjQzMDcsImp0aSI6ImFjZjRlYmQyYzNlZTQxODViYjZjMTBmN2VkNjdiOTY0IiwidXNlcl9pZCI6IjIifQ.TL3OYHQGHSH706KR0MiNBC2ILYAG57Ypwe9ZpovCg7Q HTTP/1.1" 404 9536
WARNING 2026-05-30 09:28:54,213 basehttp 20016 20236 "GET /ws/notifications/?token=eyJhbGciOiJIUzI1NiIsInR5cCI6IkpXVCJ9.eyJ0b2tlbl90eXBlIjoiYWNjZXNzIiwiZXhwIjoxNzgwNTU2MzA3LCJpYXQiOjE3ODAxMjQzMDcsImp0aSI6ImFjZjRlYmQyYzNlZTQxODViYjZjMTBmN2VkNjdiOTY0IiwidXNlcl9pZCI6IjIifQ.TL3OYHQGHSH706KR0MiNBC2ILYAG57Ypwe9ZpovCg7Q HTTP/1.1" 404 9536
WARNING 2026-05-30 09:28:58,090 basehttp 20016 17412 "GET /ws/notifications/?token=eyJhbGciOiJIUzI1NiIsInR5cCI6IkpXVCJ9.eyJ0b2tlbl90eXBlIjoiYWNjZXNzIiwiZXhwIjoxNzgwNTU2MzA3LCJpYXQiOjE3ODAxMjQzMDcsImp0aSI6ImFjZjRlYmQyYzNlZTQxODViYjZjMTBmN2VkNjdiOTY0IiwidXNlcl9pZCI6IjIifQ.TL3OYHQGHSH706KR0MiNBC2ILYAG57Ypwe9ZpovCg7Q HTTP/1.1" 404 9536
WARNING 2026-05-30 09:29:03,367 basehttp 20016 8092 "GET /ws/notifications/?token=eyJhbGciOiJIUzI1NiIsInR5cCI6IkpXVCJ9.eyJ0b2tlbl90eXBlIjoiYWNjZXNzIiwiZXhwIjoxNzgwNTU2MzA3LCJpYXQiOjE3ODAxMjQzMDcsImp0aSI6ImFjZjRlYmQyYzNlZTQxODViYjZjMTBmN2VkNjdiOTY0IiwidXNlcl9pZCI6IjIifQ.TL3OYHQGHSH706KR0MiNBC2ILYAG57Ypwe9ZpovCg7Q HTTP/1.1" 404 9536
WARNING 2026-05-30 09:29:09,295 basehttp 20016 18064 "GET /ws/notifications/?token=eyJhbGciOiJIUzI1NiIsInR5cCI6IkpXVCJ9.eyJ0b2tlbl90eXBlIjoiYWNjZXNzIiwiZXhwIjoxNzgwNTU2MzA3LCJpYXQiOjE3ODAxMjQzMDcsImp0aSI6ImFjZjRlYmQyYzNlZTQxODViYjZjMTBmN2VkNjdiOTY0IiwidXNlcl9pZCI6IjIifQ.TL3OYHQGHSH706KR0MiNBC2ILYAG57Ypwe9ZpovCg7Q HTTP/1.1" 404 9536
WARNING 2026-05-30 09:29:13,913 basehttp 20016 13856 "GET /ws/notifications/?token=eyJhbGciOiJIUzI1NiIsInR5cCI6IkpXVCJ9.eyJ0b2tlbl90eXBlIjoiYWNjZXNzIiwiZXhwIjoxNzgwNTU2MzA3LCJpYXQiOjE3ODAxMjQzMDcsImp0aSI6ImFjZjRlYmQyYzNlZTQxODViYjZjMTBmN2VkNjdiOTY0IiwidXNlcl9pZCI6IjIifQ.TL3OYHQGHSH706KR0MiNBC2ILYAG57Ypwe9ZpovCg7Q HTTP/1.1" 404 9536
WARNING 2026-05-30 09:29:19,866 basehttp 20016 16680 "GET /ws/notifications/?token=eyJhbGciOiJIUzI1NiIsInR5cCI6IkpXVCJ9.eyJ0b2tlbl90eXBlIjoiYWNjZXNzIiwiZXhwIjoxNzgwNTU2MzA3LCJpYXQiOjE3ODAxMjQzMDcsImp0aSI6ImFjZjRlYmQyYzNlZTQxODViYjZjMTBmN2VkNjdiOTY0IiwidXNlcl9pZCI6IjIifQ.TL3OYHQGHSH706KR0MiNBC2ILYAG57Ypwe9ZpovCg7Q HTTP/1.1" 404 9536
WARNING 2026-05-30 09:29:24,488 basehttp 20016 19804 "GET /ws/notifications/?token=eyJhbGciOiJIUzI1NiIsInR5cCI6IkpXVCJ9.eyJ0b2tlbl90eXBlIjoiYWNjZXNzIiwiZXhwIjoxNzgwNTU2MzA3LCJpYXQiOjE3ODAxMjQzMDcsImp0aSI6ImFjZjRlYmQyYzNlZTQxODViYjZjMTBmN2VkNjdiOTY0IiwidXNlcl9pZCI6IjIifQ.TL3OYHQGHSH706KR0MiNBC2ILYAG57Ypwe9ZpovCg7Q HTTP/1.1" 404 9536
WARNING 2026-05-30 09:29:27,281 basehttp 20016 9416 "GET /ws/notifications/?token=eyJhbGciOiJIUzI1NiIsInR5cCI6IkpXVCJ9.eyJ0b2tlbl90eXBlIjoiYWNjZXNzIiwiZXhwIjoxNzgwNTU2MzA3LCJpYXQiOjE3ODAxMjQzMDcsImp0aSI6ImFjZjRlYmQyYzNlZTQxODViYjZjMTBmN2VkNjdiOTY0IiwidXNlcl9pZCI6IjIifQ.TL3OYHQGHSH706KR0MiNBC2ILYAG57Ypwe9ZpovCg7Q HTTP/1.1" 404 9536
WARNING 2026-05-30 09:29:33,281 basehttp 20016 1408 "GET /ws/notifications/?token=eyJhbGciOiJIUzI1NiIsInR5cCI6IkpXVCJ9.eyJ0b2tlbl90eXBlIjoiYWNjZXNzIiwiZXhwIjoxNzgwNTU2MzA3LCJpYXQiOjE3ODAxMjQzMDcsImp0aSI6ImFjZjRlYmQyYzNlZTQxODViYjZjMTBmN2VkNjdiOTY0IiwidXNlcl9pZCI6IjIifQ.TL3OYHQGHSH706KR0MiNBC2ILYAG57Ypwe9ZpovCg7Q HTTP/1.1" 404 9536
WARNING 2026-05-30 09:29:36,059 basehttp 20016 14232 "GET /chat/unread-counts/ HTTP/1.1" 404 9304
WARNING 2026-05-30 09:29:38,873 basehttp 20016 19036 "GET /ws/notifications/?token=eyJhbGciOiJIUzI1NiIsInR5cCI6IkpXVCJ9.eyJ0b2tlbl90eXBlIjoiYWNjZXNzIiwiZXhwIjoxNzgwNTU2MzA3LCJpYXQiOjE3ODAxMjQzMDcsImp0aSI6ImFjZjRlYmQyYzNlZTQxODViYjZjMTBmN2VkNjdiOTY0IiwidXNlcl9pZCI6IjIifQ.TL3OYHQGHSH706KR0MiNBC2ILYAG57Ypwe9ZpovCg7Q HTTP/1.1" 404 9536
WARNING 2026-05-30 09:29:43,868 basehttp 20016 7036 "GET /ws/notifications/?token=eyJhbGciOiJIUzI1NiIsInR5cCI6IkpXVCJ9.eyJ0b2tlbl90eXBlIjoiYWNjZXNzIiwiZXhwIjoxNzgwNTU2MzA3LCJpYXQiOjE3ODAxMjQzMDcsImp0aSI6ImFjZjRlYmQyYzNlZTQxODViYjZjMTBmN2VkNjdiOTY0IiwidXNlcl9pZCI6IjIifQ.TL3OYHQGHSH706KR0MiNBC2ILYAG57Ypwe9ZpovCg7Q HTTP/1.1" 404 9536
WARNING 2026-05-30 09:29:47,428 basehttp 20016 18460 "GET /ws/notifications/?token=eyJhbGciOiJIUzI1NiIsInR5cCI6IkpXVCJ9.eyJ0b2tlbl90eXBlIjoiYWNjZXNzIiwiZXhwIjoxNzgwNTU2MzA3LCJpYXQiOjE3ODAxMjQzMDcsImp0aSI6ImFjZjRlYmQyYzNlZTQxODViYjZjMTBmN2VkNjdiOTY0IiwidXNlcl9pZCI6IjIifQ.TL3OYHQGHSH706KR0MiNBC2ILYAG57Ypwe9ZpovCg7Q HTTP/1.1" 404 9536
WARNING 2026-05-30 09:29:52,756 basehttp 20016 10052 "GET /ws/notifications/?token=eyJhbGciOiJIUzI1NiIsInR5cCI6IkpXVCJ9.eyJ0b2tlbl90eXBlIjoiYWNjZXNzIiwiZXhwIjoxNzgwNTU2MzA3LCJpYXQiOjE3ODAxMjQzMDcsImp0aSI6ImFjZjRlYmQyYzNlZTQxODViYjZjMTBmN2VkNjdiOTY0IiwidXNlcl9pZCI6IjIifQ.TL3OYHQGHSH706KR0MiNBC2ILYAG57Ypwe9ZpovCg7Q HTTP/1.1" 404 9536
WARNING 2026-05-30 09:29:55,923 basehttp 20016 12636 "GET /ws/notifications/?token=eyJhbGciOiJIUzI1NiIsInR5cCI6IkpXVCJ9.eyJ0b2tlbl90eXBlIjoiYWNjZXNzIiwiZXhwIjoxNzgwNTU2MzA3LCJpYXQiOjE3ODAxMjQzMDcsImp0aSI6ImFjZjRlYmQyYzNlZTQxODViYjZjMTBmN2VkNjdiOTY0IiwidXNlcl9pZCI6IjIifQ.TL3OYHQGHSH706KR0MiNBC2ILYAG57Ypwe9ZpovCg7Q HTTP/1.1" 404 9536
WARNING 2026-05-30 09:29:59,643 basehttp 20016 16416 "GET /ws/notifications/?token=eyJhbGciOiJIUzI1NiIsInR5cCI6IkpXVCJ9.eyJ0b2tlbl90eXBlIjoiYWNjZXNzIiwiZXhwIjoxNzgwNTU2MzA3LCJpYXQiOjE3ODAxMjQzMDcsImp0aSI6ImFjZjRlYmQyYzNlZTQxODViYjZjMTBmN2VkNjdiOTY0IiwidXNlcl9pZCI6IjIifQ.TL3OYHQGHSH706KR0MiNBC2ILYAG57Ypwe9ZpovCg7Q HTTP/1.1" 404 9536
WARNING 2026-05-30 09:30:02,963 basehttp 20016 3140 "GET /ws/notifications/?token=eyJhbGciOiJIUzI1NiIsInR5cCI6IkpXVCJ9.eyJ0b2tlbl90eXBlIjoiYWNjZXNzIiwiZXhwIjoxNzgwNTU2MzA3LCJpYXQiOjE3ODAxMjQzMDcsImp0aSI6ImFjZjRlYmQyYzNlZTQxODViYjZjMTBmN2VkNjdiOTY0IiwidXNlcl9pZCI6IjIifQ.TL3OYHQGHSH706KR0MiNBC2ILYAG57Ypwe9ZpovCg7Q HTTP/1.1" 404 9536
WARNING 2026-05-30 09:30:06,569 basehttp 20016 12580 "GET /ws/notifications/?token=eyJhbGciOiJIUzI1NiIsInR5cCI6IkpXVCJ9.eyJ0b2tlbl90eXBlIjoiYWNjZXNzIiwiZXhwIjoxNzgwNTU2MzA3LCJpYXQiOjE3ODAxMjQzMDcsImp0aSI6ImFjZjRlYmQyYzNlZTQxODViYjZjMTBmN2VkNjdiOTY0IiwidXNlcl9pZCI6IjIifQ.TL3OYHQGHSH706KR0MiNBC2ILYAG57Ypwe9ZpovCg7Q HTTP/1.1" 404 9536
WARNING 2026-05-30 09:30:10,026 basehttp 20016 15516 "GET /ws/notifications/?token=eyJhbGciOiJIUzI1NiIsInR5cCI6IkpXVCJ9.eyJ0b2tlbl90eXBlIjoiYWNjZXNzIiwiZXhwIjoxNzgwNTU2MzA3LCJpYXQiOjE3ODAxMjQzMDcsImp0aSI6ImFjZjRlYmQyYzNlZTQxODViYjZjMTBmN2VkNjdiOTY0IiwidXNlcl9pZCI6IjIifQ.TL3OYHQGHSH706KR0MiNBC2ILYAG57Ypwe9ZpovCg7Q HTTP/1.1" 404 9536
WARNING 2026-05-30 09:30:13,601 basehttp 20016 18992 "GET /ws/notifications/?token=eyJhbGciOiJIUzI1NiIsInR5cCI6IkpXVCJ9.eyJ0b2tlbl90eXBlIjoiYWNjZXNzIiwiZXhwIjoxNzgwNTU2MzA3LCJpYXQiOjE3ODAxMjQzMDcsImp0aSI6ImFjZjRlYmQyYzNlZTQxODViYjZjMTBmN2VkNjdiOTY0IiwidXNlcl9pZCI6IjIifQ.TL3OYHQGHSH706KR0MiNBC2ILYAG57Ypwe9ZpovCg7Q HTTP/1.1" 404 9536
WARNING 2026-05-30 09:30:16,649 basehttp 20016 9924 "GET /ws/notifications/?token=eyJhbGciOiJIUzI1NiIsInR5cCI6IkpXVCJ9.eyJ0b2tlbl90eXBlIjoiYWNjZXNzIiwiZXhwIjoxNzgwNTU2MzA3LCJpYXQiOjE3ODAxMjQzMDcsImp0aSI6ImFjZjRlYmQyYzNlZTQxODViYjZjMTBmN2VkNjdiOTY0IiwidXNlcl9pZCI6IjIifQ.TL3OYHQGHSH706KR0MiNBC2ILYAG57Ypwe9ZpovCg7Q HTTP/1.1" 404 9536
WARNING 2026-05-30 09:30:23,007 basehttp 20016 3108 "GET /ws/notifications/?token=eyJhbGciOiJIUzI1NiIsInR5cCI6IkpXVCJ9.eyJ0b2tlbl90eXBlIjoiYWNjZXNzIiwiZXhwIjoxNzgwNTU2MzA3LCJpYXQiOjE3ODAxMjQzMDcsImp0aSI6ImFjZjRlYmQyYzNlZTQxODViYjZjMTBmN2VkNjdiOTY0IiwidXNlcl9pZCI6IjIifQ.TL3OYHQGHSH706KR0MiNBC2ILYAG57Ypwe9ZpovCg7Q HTTP/1.1" 404 9536
WARNING 2026-05-30 09:30:29,374 basehttp 20016 1236 "GET /ws/notifications/?token=eyJhbGciOiJIUzI1NiIsInR5cCI6IkpXVCJ9.eyJ0b2tlbl90eXBlIjoiYWNjZXNzIiwiZXhwIjoxNzgwNTU2MzA3LCJpYXQiOjE3ODAxMjQzMDcsImp0aSI6ImFjZjRlYmQyYzNlZTQxODViYjZjMTBmN2VkNjdiOTY0IiwidXNlcl9pZCI6IjIifQ.TL3OYHQGHSH706KR0MiNBC2ILYAG57Ypwe9ZpovCg7Q HTTP/1.1" 404 9536
INFO 2026-05-30 09:30:29,377 basehttp 20016 1236 - Broken pipe from ('127.0.0.1', 50543)
WARNING 2026-05-30 09:30:34,296 basehttp 20016 15244 "GET /ws/notifications/?token=eyJhbGciOiJIUzI1NiIsInR5cCI6IkpXVCJ9.eyJ0b2tlbl90eXBlIjoiYWNjZXNzIiwiZXhwIjoxNzgwNTU2MzA3LCJpYXQiOjE3ODAxMjQzMDcsImp0aSI6ImFjZjRlYmQyYzNlZTQxODViYjZjMTBmN2VkNjdiOTY0IiwidXNlcl9pZCI6IjIifQ.TL3OYHQGHSH706KR0MiNBC2ILYAG57Ypwe9ZpovCg7Q HTTP/1.1" 404 9536
WARNING 2026-05-30 09:30:36,022 basehttp 20016 14232 "GET /chat/unread-counts/ HTTP/1.1" 404 9304
WARNING 2026-05-30 09:30:39,543 basehttp 20016 10432 "GET /ws/notifications/?token=eyJhbGciOiJIUzI1NiIsInR5cCI6IkpXVCJ9.eyJ0b2tlbl90eXBlIjoiYWNjZXNzIiwiZXhwIjoxNzgwNTU2MzA3LCJpYXQiOjE3ODAxMjQzMDcsImp0aSI6ImFjZjRlYmQyYzNlZTQxODViYjZjMTBmN2VkNjdiOTY0IiwidXNlcl9pZCI6IjIifQ.TL3OYHQGHSH706KR0MiNBC2ILYAG57Ypwe9ZpovCg7Q HTTP/1.1" 404 9536
WARNING 2026-05-30 09:30:43,937 basehttp 20016 15088 "GET /ws/notifications/?token=eyJhbGciOiJIUzI1NiIsInR5cCI6IkpXVCJ9.eyJ0b2tlbl90eXBlIjoiYWNjZXNzIiwiZXhwIjoxNzgwNTU2MzA3LCJpYXQiOjE3ODAxMjQzMDcsImp0aSI6ImFjZjRlYmQyYzNlZTQxODViYjZjMTBmN2VkNjdiOTY0IiwidXNlcl9pZCI6IjIifQ.TL3OYHQGHSH706KR0MiNBC2ILYAG57Ypwe9ZpovCg7Q HTTP/1.1" 404 9536
WARNING 2026-05-30 09:30:49,146 basehttp 20016 6772 "GET /ws/notifications/?token=eyJhbGciOiJIUzI1NiIsInR5cCI6IkpXVCJ9.eyJ0b2tlbl90eXBlIjoiYWNjZXNzIiwiZXhwIjoxNzgwNTU2MzA3LCJpYXQiOjE3ODAxMjQzMDcsImp0aSI6ImFjZjRlYmQyYzNlZTQxODViYjZjMTBmN2VkNjdiOTY0IiwidXNlcl9pZCI6IjIifQ.TL3OYHQGHSH706KR0MiNBC2ILYAG57Ypwe9ZpovCg7Q HTTP/1.1" 404 9536
WARNING 2026-05-30 09:30:55,712 basehttp 20016 14932 "GET /ws/notifications/?token=eyJhbGciOiJIUzI1NiIsInR5cCI6IkpXVCJ9.eyJ0b2tlbl90eXBlIjoiYWNjZXNzIiwiZXhwIjoxNzgwNTU2MzA3LCJpYXQiOjE3ODAxMjQzMDcsImp0aSI6ImFjZjRlYmQyYzNlZTQxODViYjZjMTBmN2VkNjdiOTY0IiwidXNlcl9pZCI6IjIifQ.TL3OYHQGHSH706KR0MiNBC2ILYAG57Ypwe9ZpovCg7Q HTTP/1.1" 404 9536
WARNING 2026-05-30 09:31:00,977 basehttp 20016 13888 "GET /ws/notifications/?token=eyJhbGciOiJIUzI1NiIsInR5cCI6IkpXVCJ9.eyJ0b2tlbl90eXBlIjoiYWNjZXNzIiwiZXhwIjoxNzgwNTU2MzA3LCJpYXQiOjE3ODAxMjQzMDcsImp0aSI6ImFjZjRlYmQyYzNlZTQxODViYjZjMTBmN2VkNjdiOTY0IiwidXNlcl9pZCI6IjIifQ.TL3OYHQGHSH706KR0MiNBC2ILYAG57Ypwe9ZpovCg7Q HTTP/1.1" 404 9536
WARNING 2026-05-30 09:31:07,456 basehttp 20016 16504 "GET /ws/notifications/?token=eyJhbGciOiJIUzI1NiIsInR5cCI6IkpXVCJ9.eyJ0b2tlbl90eXBlIjoiYWNjZXNzIiwiZXhwIjoxNzgwNTU2MzA3LCJpYXQiOjE3ODAxMjQzMDcsImp0aSI6ImFjZjRlYmQyYzNlZTQxODViYjZjMTBmN2VkNjdiOTY0IiwidXNlcl9pZCI6IjIifQ.TL3OYHQGHSH706KR0MiNBC2ILYAG57Ypwe9ZpovCg7Q HTTP/1.1" 404 9536
WARNING 2026-05-30 09:31:10,230 basehttp 20016 20468 "GET /ws/notifications/?token=eyJhbGciOiJIUzI1NiIsInR5cCI6IkpXVCJ9.eyJ0b2tlbl90eXBlIjoiYWNjZXNzIiwiZXhwIjoxNzgwNTU2MzA3LCJpYXQiOjE3ODAxMjQzMDcsImp0aSI6ImFjZjRlYmQyYzNlZTQxODViYjZjMTBmN2VkNjdiOTY0IiwidXNlcl9pZCI6IjIifQ.TL3OYHQGHSH706KR0MiNBC2ILYAG57Ypwe9ZpovCg7Q HTTP/1.1" 404 9536
WARNING 2026-05-30 09:31:14,271 basehttp 20016 10680 "GET /ws/notifications/?token=eyJhbGciOiJIUzI1NiIsInR5cCI6IkpXVCJ9.eyJ0b2tlbl90eXBlIjoiYWNjZXNzIiwiZXhwIjoxNzgwNTU2MzA3LCJpYXQiOjE3ODAxMjQzMDcsImp0aSI6ImFjZjRlYmQyYzNlZTQxODViYjZjMTBmN2VkNjdiOTY0IiwidXNlcl9pZCI6IjIifQ.TL3OYHQGHSH706KR0MiNBC2ILYAG57Ypwe9ZpovCg7Q HTTP/1.1" 404 9536
WARNING 2026-05-30 09:31:20,695 basehttp 20016 20384 "GET /ws/notifications/?token=eyJhbGciOiJIUzI1NiIsInR5cCI6IkpXVCJ9.eyJ0b2tlbl90eXBlIjoiYWNjZXNzIiwiZXhwIjoxNzgwNTU2MzA3LCJpYXQiOjE3ODAxMjQzMDcsImp0aSI6ImFjZjRlYmQyYzNlZTQxODViYjZjMTBmN2VkNjdiOTY0IiwidXNlcl9pZCI6IjIifQ.TL3OYHQGHSH706KR0MiNBC2ILYAG57Ypwe9ZpovCg7Q HTTP/1.1" 404 9536
WARNING 2026-05-30 09:31:26,686 basehttp 20016 11260 "GET /ws/notifications/?token=eyJhbGciOiJIUzI1NiIsInR5cCI6IkpXVCJ9.eyJ0b2tlbl90eXBlIjoiYWNjZXNzIiwiZXhwIjoxNzgwNTU2MzA3LCJpYXQiOjE3ODAxMjQzMDcsImp0aSI6ImFjZjRlYmQyYzNlZTQxODViYjZjMTBmN2VkNjdiOTY0IiwidXNlcl9pZCI6IjIifQ.TL3OYHQGHSH706KR0MiNBC2ILYAG57Ypwe9ZpovCg7Q HTTP/1.1" 404 9536
WARNING 2026-05-30 09:31:31,281 basehttp 20016 17532 "GET /ws/notifications/?token=eyJhbGciOiJIUzI1NiIsInR5cCI6IkpXVCJ9.eyJ0b2tlbl90eXBlIjoiYWNjZXNzIiwiZXhwIjoxNzgwNTU2MzA3LCJpYXQiOjE3ODAxMjQzMDcsImp0aSI6ImFjZjRlYmQyYzNlZTQxODViYjZjMTBmN2VkNjdiOTY0IiwidXNlcl9pZCI6IjIifQ.TL3OYHQGHSH706KR0MiNBC2ILYAG57Ypwe9ZpovCg7Q HTTP/1.1" 404 9536
WARNING 2026-05-30 09:31:36,045 basehttp 20016 14232 "GET /chat/unread-counts/ HTTP/1.1" 404 9304
WARNING 2026-05-30 09:31:37,739 basehttp 20016 11092 "GET /ws/notifications/?token=eyJhbGciOiJIUzI1NiIsInR5cCI6IkpXVCJ9.eyJ0b2tlbl90eXBlIjoiYWNjZXNzIiwiZXhwIjoxNzgwNTU2MzA3LCJpYXQiOjE3ODAxMjQzMDcsImp0aSI6ImFjZjRlYmQyYzNlZTQxODViYjZjMTBmN2VkNjdiOTY0IiwidXNlcl9pZCI6IjIifQ.TL3OYHQGHSH706KR0MiNBC2ILYAG57Ypwe9ZpovCg7Q HTTP/1.1" 404 9536
WARNING 2026-05-30 09:31:40,226 basehttp 20016 4180 "GET /ws/notifications/?token=eyJhbGciOiJIUzI1NiIsInR5cCI6IkpXVCJ9.eyJ0b2tlbl90eXBlIjoiYWNjZXNzIiwiZXhwIjoxNzgwNTU2MzA3LCJpYXQiOjE3ODAxMjQzMDcsImp0aSI6ImFjZjRlYmQyYzNlZTQxODViYjZjMTBmN2VkNjdiOTY0IiwidXNlcl9pZCI6IjIifQ.TL3OYHQGHSH706KR0MiNBC2ILYAG57Ypwe9ZpovCg7Q HTTP/1.1" 404 9536
WARNING 2026-05-30 09:31:43,388 basehttp 20016 6708 "GET /ws/notifications/?token=eyJhbGciOiJIUzI1NiIsInR5cCI6IkpXVCJ9.eyJ0b2tlbl90eXBlIjoiYWNjZXNzIiwiZXhwIjoxNzgwNTU2MzA3LCJpYXQiOjE3ODAxMjQzMDcsImp0aSI6ImFjZjRlYmQyYzNlZTQxODViYjZjMTBmN2VkNjdiOTY0IiwidXNlcl9pZCI6IjIifQ.TL3OYHQGHSH706KR0MiNBC2ILYAG57Ypwe9ZpovCg7Q HTTP/1.1" 404 9536
WARNING 2026-05-30 09:31:48,248 basehttp 20016 5924 "GET /ws/notifications/?token=eyJhbGciOiJIUzI1NiIsInR5cCI6IkpXVCJ9.eyJ0b2tlbl90eXBlIjoiYWNjZXNzIiwiZXhwIjoxNzgwNTU2MzA3LCJpYXQiOjE3ODAxMjQzMDcsImp0aSI6ImFjZjRlYmQyYzNlZTQxODViYjZjMTBmN2VkNjdiOTY0IiwidXNlcl9pZCI6IjIifQ.TL3OYHQGHSH706KR0MiNBC2ILYAG57Ypwe9ZpovCg7Q HTTP/1.1" 404 9536
WARNING 2026-05-30 09:31:51,348 basehttp 20016 10460 "GET /ws/notifications/?token=eyJhbGciOiJIUzI1NiIsInR5cCI6IkpXVCJ9.eyJ0b2tlbl90eXBlIjoiYWNjZXNzIiwiZXhwIjoxNzgwNTU2MzA3LCJpYXQiOjE3ODAxMjQzMDcsImp0aSI6ImFjZjRlYmQyYzNlZTQxODViYjZjMTBmN2VkNjdiOTY0IiwidXNlcl9pZCI6IjIifQ.TL3OYHQGHSH706KR0MiNBC2ILYAG57Ypwe9ZpovCg7Q HTTP/1.1" 404 9536
WARNING 2026-05-30 09:31:55,215 basehttp 20016 9612 "GET /ws/notifications/?token=eyJhbGciOiJIUzI1NiIsInR5cCI6IkpXVCJ9.eyJ0b2tlbl90eXBlIjoiYWNjZXNzIiwiZXhwIjoxNzgwNTU2MzA3LCJpYXQiOjE3ODAxMjQzMDcsImp0aSI6ImFjZjRlYmQyYzNlZTQxODViYjZjMTBmN2VkNjdiOTY0IiwidXNlcl9pZCI6IjIifQ.TL3OYHQGHSH706KR0MiNBC2ILYAG57Ypwe9ZpovCg7Q HTTP/1.1" 404 9536
WARNING 2026-05-30 09:32:00,500 basehttp 20016 10748 "GET /ws/notifications/?token=eyJhbGciOiJIUzI1NiIsInR5cCI6IkpXVCJ9.eyJ0b2tlbl90eXBlIjoiYWNjZXNzIiwiZXhwIjoxNzgwNTU2MzA3LCJpYXQiOjE3ODAxMjQzMDcsImp0aSI6ImFjZjRlYmQyYzNlZTQxODViYjZjMTBmN2VkNjdiOTY0IiwidXNlcl9pZCI6IjIifQ.TL3OYHQGHSH706KR0MiNBC2ILYAG57Ypwe9ZpovCg7Q HTTP/1.1" 404 9536
WARNING 2026-05-30 09:32:05,766 basehttp 20016 2460 "GET /ws/notifications/?token=eyJhbGciOiJIUzI1NiIsInR5cCI6IkpXVCJ9.eyJ0b2tlbl90eXBlIjoiYWNjZXNzIiwiZXhwIjoxNzgwNTU2MzA3LCJpYXQiOjE3ODAxMjQzMDcsImp0aSI6ImFjZjRlYmQyYzNlZTQxODViYjZjMTBmN2VkNjdiOTY0IiwidXNlcl9pZCI6IjIifQ.TL3OYHQGHSH706KR0MiNBC2ILYAG57Ypwe9ZpovCg7Q HTTP/1.1" 404 9536
WARNING 2026-05-30 09:32:11,310 basehttp 20016 4124 "GET /ws/notifications/?token=eyJhbGciOiJIUzI1NiIsInR5cCI6IkpXVCJ9.eyJ0b2tlbl90eXBlIjoiYWNjZXNzIiwiZXhwIjoxNzgwNTU2MzA3LCJpYXQiOjE3ODAxMjQzMDcsImp0aSI6ImFjZjRlYmQyYzNlZTQxODViYjZjMTBmN2VkNjdiOTY0IiwidXNlcl9pZCI6IjIifQ.TL3OYHQGHSH706KR0MiNBC2ILYAG57Ypwe9ZpovCg7Q HTTP/1.1" 404 9536
WARNING 2026-05-30 09:32:16,745 basehttp 20016 17080 "GET /ws/notifications/?token=eyJhbGciOiJIUzI1NiIsInR5cCI6IkpXVCJ9.eyJ0b2tlbl90eXBlIjoiYWNjZXNzIiwiZXhwIjoxNzgwNTU2MzA3LCJpYXQiOjE3ODAxMjQzMDcsImp0aSI6ImFjZjRlYmQyYzNlZTQxODViYjZjMTBmN2VkNjdiOTY0IiwidXNlcl9pZCI6IjIifQ.TL3OYHQGHSH706KR0MiNBC2ILYAG57Ypwe9ZpovCg7Q HTTP/1.1" 404 9536
WARNING 2026-05-30 09:32:20,887 basehttp 20016 16888 "GET /ws/notifications/?token=eyJhbGciOiJIUzI1NiIsInR5cCI6IkpXVCJ9.eyJ0b2tlbl90eXBlIjoiYWNjZXNzIiwiZXhwIjoxNzgwNTU2MzA3LCJpYXQiOjE3ODAxMjQzMDcsImp0aSI6ImFjZjRlYmQyYzNlZTQxODViYjZjMTBmN2VkNjdiOTY0IiwidXNlcl9pZCI6IjIifQ.TL3OYHQGHSH706KR0MiNBC2ILYAG57Ypwe9ZpovCg7Q HTTP/1.1" 404 9536
WARNING 2026-05-30 09:32:23,390 basehttp 20016 11884 "GET /ws/notifications/?token=eyJhbGciOiJIUzI1NiIsInR5cCI6IkpXVCJ9.eyJ0b2tlbl90eXBlIjoiYWNjZXNzIiwiZXhwIjoxNzgwNTU2MzA3LCJpYXQiOjE3ODAxMjQzMDcsImp0aSI6ImFjZjRlYmQyYzNlZTQxODViYjZjMTBmN2VkNjdiOTY0IiwidXNlcl9pZCI6IjIifQ.TL3OYHQGHSH706KR0MiNBC2ILYAG57Ypwe9ZpovCg7Q HTTP/1.1" 404 9536
WARNING 2026-05-30 09:32:27,524 basehttp 20016 10844 "GET /ws/notifications/?token=eyJhbGciOiJIUzI1NiIsInR5cCI6IkpXVCJ9.eyJ0b2tlbl90eXBlIjoiYWNjZXNzIiwiZXhwIjoxNzgwNTU2MzA3LCJpYXQiOjE3ODAxMjQzMDcsImp0aSI6ImFjZjRlYmQyYzNlZTQxODViYjZjMTBmN2VkNjdiOTY0IiwidXNlcl9pZCI6IjIifQ.TL3OYHQGHSH706KR0MiNBC2ILYAG57Ypwe9ZpovCg7Q HTTP/1.1" 404 9536
WARNING 2026-05-30 09:32:33,021 basehttp 20016 6184 "GET /ws/notifications/?token=eyJhbGciOiJIUzI1NiIsInR5cCI6IkpXVCJ9.eyJ0b2tlbl90eXBlIjoiYWNjZXNzIiwiZXhwIjoxNzgwNTU2MzA3LCJpYXQiOjE3ODAxMjQzMDcsImp0aSI6ImFjZjRlYmQyYzNlZTQxODViYjZjMTBmN2VkNjdiOTY0IiwidXNlcl9pZCI6IjIifQ.TL3OYHQGHSH706KR0MiNBC2ILYAG57Ypwe9ZpovCg7Q HTTP/1.1" 404 9536
WARNING 2026-05-30 09:32:36,043 basehttp 20016 14232 "GET /chat/unread-counts/ HTTP/1.1" 404 9304
WARNING 2026-05-30 09:32:39,710 basehttp 20016 11672 "GET /ws/notifications/?token=eyJhbGciOiJIUzI1NiIsInR5cCI6IkpXVCJ9.eyJ0b2tlbl90eXBlIjoiYWNjZXNzIiwiZXhwIjoxNzgwNTU2MzA3LCJpYXQiOjE3ODAxMjQzMDcsImp0aSI6ImFjZjRlYmQyYzNlZTQxODViYjZjMTBmN2VkNjdiOTY0IiwidXNlcl9pZCI6IjIifQ.TL3OYHQGHSH706KR0MiNBC2ILYAG57Ypwe9ZpovCg7Q HTTP/1.1" 404 9536
WARNING 2026-05-30 09:32:42,281 basehttp 20016 14200 "GET /ws/notifications/?token=eyJhbGciOiJIUzI1NiIsInR5cCI6IkpXVCJ9.eyJ0b2tlbl90eXBlIjoiYWNjZXNzIiwiZXhwIjoxNzgwNTU2MzA3LCJpYXQiOjE3ODAxMjQzMDcsImp0aSI6ImFjZjRlYmQyYzNlZTQxODViYjZjMTBmN2VkNjdiOTY0IiwidXNlcl9pZCI6IjIifQ.TL3OYHQGHSH706KR0MiNBC2ILYAG57Ypwe9ZpovCg7Q HTTP/1.1" 404 9536
WARNING 2026-05-30 09:32:48,294 basehttp 20016 15460 "GET /ws/notifications/?token=eyJhbGciOiJIUzI1NiIsInR5cCI6IkpXVCJ9.eyJ0b2tlbl90eXBlIjoiYWNjZXNzIiwiZXhwIjoxNzgwNTU2MzA3LCJpYXQiOjE3ODAxMjQzMDcsImp0aSI6ImFjZjRlYmQyYzNlZTQxODViYjZjMTBmN2VkNjdiOTY0IiwidXNlcl9pZCI6IjIifQ.TL3OYHQGHSH706KR0MiNBC2ILYAG57Ypwe9ZpovCg7Q HTTP/1.1" 404 9536
WARNING 2026-05-30 09:32:53,013 basehttp 20016 7296 "GET /ws/notifications/?token=eyJhbGciOiJIUzI1NiIsInR5cCI6IkpXVCJ9.eyJ0b2tlbl90eXBlIjoiYWNjZXNzIiwiZXhwIjoxNzgwNTU2MzA3LCJpYXQiOjE3ODAxMjQzMDcsImp0aSI6ImFjZjRlYmQyYzNlZTQxODViYjZjMTBmN2VkNjdiOTY0IiwidXNlcl9pZCI6IjIifQ.TL3OYHQGHSH706KR0MiNBC2ILYAG57Ypwe9ZpovCg7Q HTTP/1.1" 404 9536
WARNING 2026-05-30 09:32:56,199 basehttp 20016 4824 "GET /ws/notifications/?token=eyJhbGciOiJIUzI1NiIsInR5cCI6IkpXVCJ9.eyJ0b2tlbl90eXBlIjoiYWNjZXNzIiwiZXhwIjoxNzgwNTU2MzA3LCJpYXQiOjE3ODAxMjQzMDcsImp0aSI6ImFjZjRlYmQyYzNlZTQxODViYjZjMTBmN2VkNjdiOTY0IiwidXNlcl9pZCI6IjIifQ.TL3OYHQGHSH706KR0MiNBC2ILYAG57Ypwe9ZpovCg7Q HTTP/1.1" 404 9536
WARNING 2026-05-30 09:33:01,390 basehttp 20016 14232 "GET /chat/unread-counts/ HTTP/1.1" 404 9304
WARNING 2026-05-30 09:33:02,558 basehttp 20016 8012 "GET /ws/notifications/?token=eyJhbGciOiJIUzI1NiIsInR5cCI6IkpXVCJ9.eyJ0b2tlbl90eXBlIjoiYWNjZXNzIiwiZXhwIjoxNzgwNTU2MzA3LCJpYXQiOjE3ODAxMjQzMDcsImp0aSI6ImFjZjRlYmQyYzNlZTQxODViYjZjMTBmN2VkNjdiOTY0IiwidXNlcl9pZCI6IjIifQ.TL3OYHQGHSH706KR0MiNBC2ILYAG57Ypwe9ZpovCg7Q HTTP/1.1" 404 9536
INFO 2026-05-30 09:33:06,253 basehttp 20016 14232 "OPTIONS /profile/ HTTP/1.1" 200 0
INFO 2026-05-30 09:33:06,261 basehttp 20016 14232 "OPTIONS /profile/ HTTP/1.1" 200 0
WARNING 2026-05-30 09:33:06,377 basehttp 20016 3956 "GET /profile/ HTTP/1.1" 401 172
WARNING 2026-05-30 09:33:06,382 basehttp 20016 3956 "GET /profile/ HTTP/1.1" 401 172
INFO 2026-05-30 09:33:06,385 basehttp 20016 3956 "OPTIONS /auth/token/refresh/ HTTP/1.1" 200 0
ERROR 2026-05-30 09:33:08,669 basehttp 20016 3956 "POST /auth/token/refresh/ HTTP/1.1" 500 185149
ERROR 2026-05-30 09:33:08,679 basehttp 20016 14232 "POST /auth/token/refresh/ HTTP/1.1" 500 185324
INFO 2026-05-30 09:40:50,503 autoreload 16584 14096 Watching for file changes with StatReloader
ERROR 2026-05-30 09:41:34,605 basehttp 16584 20008 "POST /auth/login/ HTTP/1.1" 500 156045
INFO 2026-05-30 09:42:36,954 autoreload 13244 10472 Watching for file changes with StatReloader
INFO 2026-05-30 09:42:44,333 basehttp 13244 11580 "POST /auth/login/ HTTP/1.1" 200 904
INFO 2026-05-30 09:42:44,483 basehttp 13244 11580 "OPTIONS /dashboard/?range=week HTTP/1.1" 200 0
INFO 2026-05-30 09:42:44,500 basehttp 13244 952 "OPTIONS /dashboard/?range=week HTTP/1.1" 200 0
INFO 2026-05-30 09:42:44,706 basehttp 13244 11580 "GET /dashboard/?range=week HTTP/1.1" 200 13364
INFO 2026-05-30 09:42:44,977 basehttp 13244 952 "GET /dashboard/?range=week HTTP/1.1" 200 13367
INFO 2026-05-30 09:42:52,046 basehttp 13244 952 "OPTIONS /users/ HTTP/1.1" 200 0
INFO 2026-05-30 09:42:52,047 basehttp 13244 11580 "OPTIONS /departments/all/ HTTP/1.1" 200 0
INFO 2026-05-30 09:42:52,058 basehttp 13244 952 "OPTIONS /day-offs/statistics/ HTTP/1.1" 200 0
INFO 2026-05-30 09:42:52,083 basehttp 13244 11580 "OPTIONS /users/ HTTP/1.1" 200 0
INFO 2026-05-30 09:42:52,110 basehttp 13244 17012 "OPTIONS /departments/all/ HTTP/1.1" 200 0
INFO 2026-05-30 09:42:52,176 basehttp 13244 10884 "OPTIONS /day-offs/statistics/ HTTP/1.1" 200 0
INFO 2026-05-30 09:42:52,177 basehttp 13244 11580 "GET /departments/all/ HTTP/1.1" 200 1250
INFO 2026-05-30 09:42:52,247 basehttp 13244 17012 "GET /users/ HTTP/1.1" 200 1193
INFO 2026-05-30 09:42:52,263 basehttp 13244 10884 "GET /departments/all/ HTTP/1.1" 200 1250
INFO 2026-05-30 09:42:52,310 basehttp 13244 11580 "GET /users/ HTTP/1.1" 200 1193
INFO 2026-05-30 09:42:52,345 basehttp 13244 952 "GET /day-offs/statistics/ HTTP/1.1" 200 1672
INFO 2026-05-30 09:42:52,450 basehttp 13244 11580 "GET /day-offs/statistics/ HTTP/1.1" 200 1672
INFO 2026-05-30 09:44:02,185 basehttp 13244 11580 "POST /users/ HTTP/1.1" 201 262
INFO 2026-05-30 09:44:02,258 basehttp 13244 11580 "GET /users/ HTTP/1.1" 200 1608
INFO 2026-05-30 09:44:02,338 basehttp 13244 952 "GET /day-offs/statistics/ HTTP/1.1" 200 1672
INFO 2026-05-30 09:46:36,835 basehttp 13244 952 "GET /departments/all/ HTTP/1.1" 200 1250
INFO 2026-05-30 09:46:36,861 basehttp 13244 952 "OPTIONS /task/all/?page=1&limit=10 HTTP/1.1" 200 0
INFO 2026-05-30 09:46:36,890 basehttp 13244 11580 "GET /departments/all/ HTTP/1.1" 200 1250
INFO 2026-05-30 09:46:36,942 basehttp 13244 952 "GET /task/all/?page=1&limit=10 HTTP/1.1" 200 736
INFO 2026-05-30 09:46:36,954 basehttp 13244 952 "OPTIONS /task-assignments/all/?page=1&limit=10 HTTP/1.1" 200 0
INFO 2026-05-30 09:46:37,000 basehttp 13244 11580 "GET /task/all/?page=1&limit=10 HTTP/1.1" 200 736
INFO 2026-05-30 09:46:37,074 basehttp 13244 952 "GET /task-assignments/all/?page=1&limit=10 HTTP/1.1" 200 2967
INFO 2026-05-30 09:46:37,092 basehttp 13244 952 "OPTIONS /users/?role=employee HTTP/1.1" 200 0
INFO 2026-05-30 09:46:37,151 basehttp 13244 952 "GET /users/?role=employee HTTP/1.1" 200 1608
INFO 2026-05-30 09:46:37,218 basehttp 13244 11580 "GET /task-assignments/all/?page=1&limit=10 HTTP/1.1" 200 2967
INFO 2026-05-30 09:46:37,224 basehttp 13244 952 "GET /users/ HTTP/1.1" 200 1608
INFO 2026-05-30 09:46:37,282 basehttp 13244 11580 "GET /users/?role=employee HTTP/1.1" 200 1608
INFO 2026-05-30 09:46:37,451 basehttp 13244 11580 "GET /users/ HTTP/1.1" 200 1608
INFO 2026-05-30 09:46:47,299 basehttp 13244 952 "GET /task/all/?page=1&limit=10 HTTP/1.1" 200 736
INFO 2026-05-30 09:46:47,325 basehttp 13244 11580 "GET /task-assignments/all/?page=1&limit=10 HTTP/1.1" 200 2967
INFO 2026-05-30 09:47:23,075 basehttp 13244 11580 "OPTIONS /task/create/ HTTP/1.1" 200 0
INFO 2026-05-30 09:47:23,106 basehttp 13244 11580 "POST /task/create/ HTTP/1.1" 201 405
INFO 2026-05-30 09:47:23,170 basehttp 13244 11580 "GET /task/all/?page=1&limit=10 HTTP/1.1" 200 1080
INFO 2026-05-30 09:47:59,390 basehttp 13244 11580 "POST /task/create/ HTTP/1.1" 201 392
INFO 2026-05-30 09:47:59,459 basehttp 13244 11580 "GET /task/all/?page=1&limit=10 HTTP/1.1" 200 1411
INFO 2026-05-30 09:48:56,217 basehttp 13244 11580 "POST /task/create/ HTTP/1.1" 201 442
INFO 2026-05-30 09:48:56,272 basehttp 13244 11580 "GET /task/all/?page=1&limit=10 HTTP/1.1" 200 1792
INFO 2026-05-30 09:49:54,340 basehttp 13244 11580 "POST /task/create/ HTTP/1.1" 201 418
INFO 2026-05-30 09:49:54,421 basehttp 13244 11580 "GET /task/all/?page=1&limit=10 HTTP/1.1" 200 2149
INFO 2026-05-30 09:51:10,715 basehttp 13244 11580 "POST /task/create/ HTTP/1.1" 201 462
INFO 2026-05-30 09:51:10,786 basehttp 13244 11580 "GET /task/all/?page=1&limit=10 HTTP/1.1" 200 2550
INFO 2026-05-30 09:51:20,554 basehttp 13244 11580 "OPTIONS /request/all/? HTTP/1.1" 200 0
INFO 2026-05-30 09:51:20,554 basehttp 13244 952 "OPTIONS /request/all/? HTTP/1.1" 200 0
INFO 2026-05-30 09:51:20,580 basehttp 13244 952 "GET /request/all/? HTTP/1.1" 200 25
INFO 2026-05-30 09:51:20,644 basehttp 13244 11580 "GET /request/all/? HTTP/1.1" 200 25
INFO 2026-05-30 09:51:20,668 basehttp 13244 952 "GET /users/ HTTP/1.1" 200 1608
INFO 2026-05-30 09:51:20,680 basehttp 13244 952 "OPTIONS /request/stats/ HTTP/1.1" 200 0
INFO 2026-05-30 09:51:20,745 basehttp 13244 11580 "GET /users/ HTTP/1.1" 200 1608
INFO 2026-05-30 09:51:20,767 basehttp 13244 952 "GET /request/stats/ HTTP/1.1" 200 79
INFO 2026-05-30 09:51:20,843 basehttp 13244 11580 "GET /request/stats/ HTTP/1.1" 200 79
INFO 2026-05-30 09:51:23,223 basehttp 13244 11580 "OPTIONS /performance/my-performance/?days=30 HTTP/1.1" 200 0
INFO 2026-05-30 09:51:23,547 basehttp 13244 11580 "GET /performance/my-performance/?days=30 HTTP/1.1" 200 3523
INFO 2026-05-30 09:51:23,887 basehttp 13244 952 "GET /performance/my-performance/?days=30 HTTP/1.1" 200 3523
INFO 2026-05-30 09:51:24,131 basehttp 13244 11580 "GET /performance/my-performance/?days=30 HTTP/1.1" 200 3523
INFO 2026-05-30 09:51:24,375 basehttp 13244 952 "GET /performance/my-performance/?days=30 HTTP/1.1" 200 3523
INFO 2026-05-30 09:51:25,966 basehttp 13244 952 "OPTIONS /analytics/dashboard/?time_range=6months HTTP/1.1" 200 0
INFO 2026-05-30 09:51:26,025 basehttp 13244 11580 "GET /departments/all/ HTTP/1.1" 200 1250
INFO 2026-05-30 09:51:26,090 basehttp 13244 11580 "GET /departments/all/ HTTP/1.1" 200 1250
INFO 2026-05-30 09:51:26,224 basehttp 13244 952 "GET /analytics/dashboard/?time_range=6months HTTP/1.1" 200 2913
INFO 2026-05-30 09:51:26,416 basehttp 13244 11580 "GET /analytics/dashboard/?time_range=6months HTTP/1.1" 200 2913
INFO 2026-05-30 09:51:34,455 basehttp 13244 11580 "GET /departments/all/ HTTP/1.1" 200 1250
INFO 2026-05-30 09:51:34,503 basehttp 13244 952 "GET /departments/all/ HTTP/1.1" 200 1250
INFO 2026-05-30 09:51:34,538 basehttp 13244 11580 "GET /task/all/?page=1&limit=10 HTTP/1.1" 200 2550
INFO 2026-05-30 09:51:34,607 basehttp 13244 952 "GET /task/all/?page=1&limit=10 HTTP/1.1" 200 2550
INFO 2026-05-30 09:51:34,680 basehttp 13244 11580 "GET /task-assignments/all/?page=1&limit=10 HTTP/1.1" 200 2967
INFO 2026-05-30 09:51:34,787 basehttp 13244 11580 "GET /users/?role=employee HTTP/1.1" 200 1608
INFO 2026-05-30 09:51:34,800 basehttp 13244 952 "GET /task-assignments/all/?page=1&limit=10 HTTP/1.1" 200 2967
INFO 2026-05-30 09:51:34,863 basehttp 13244 11580 "GET /users/ HTTP/1.1" 200 1608
INFO 2026-05-30 09:51:34,918 basehttp 13244 952 "GET /users/?role=employee HTTP/1.1" 200 1608
INFO 2026-05-30 09:51:35,108 basehttp 13244 952 "GET /users/ HTTP/1.1" 200 1608
INFO 2026-05-30 09:52:00,714 basehttp 13244 952 "OPTIONS /departments/1/employees/ HTTP/1.1" 200 0
INFO 2026-05-30 09:52:00,737 basehttp 13244 952 "GET /departments/1/employees/ HTTP/1.1" 200 181
INFO 2026-05-30 09:52:13,721 basehttp 13244 952 "GET /users/ HTTP/1.1" 200 1608
INFO 2026-05-30 09:52:13,767 basehttp 13244 11580 "GET /departments/all/ HTTP/1.1" 200 1250
INFO 2026-05-30 09:52:13,877 basehttp 13244 12920 "GET /day-offs/statistics/ HTTP/1.1" 200 1672
INFO 2026-05-30 09:52:13,881 basehttp 13244 15472 "GET /users/ HTTP/1.1" 200 1608
INFO 2026-05-30 09:52:13,919 basehttp 13244 952 "GET /departments/all/ HTTP/1.1" 200 1250
INFO 2026-05-30 09:52:14,024 basehttp 13244 11580 "GET /day-offs/statistics/ HTTP/1.1" 200 1672
INFO 2026-05-30 09:52:27,335 basehttp 13244 11580 "OPTIONS /users/4/update/ HTTP/1.1" 200 0
INFO 2026-05-30 09:52:27,422 basehttp 13244 11580 "PUT /users/4/update/ HTTP/1.1" 200 489
INFO 2026-05-30 09:52:27,549 basehttp 13244 11580 "GET /users/ HTTP/1.1" 200 1616
INFO 2026-05-30 09:52:27,594 basehttp 13244 952 "GET /day-offs/statistics/ HTTP/1.1" 200 1672
INFO 2026-05-30 09:53:08,615 basehttp 13244 952 "POST /users/ HTTP/1.1" 201 268
INFO 2026-05-30 09:53:08,708 basehttp 13244 952 "GET /users/ HTTP/1.1" 200 2044
INFO 2026-05-30 09:53:08,811 basehttp 13244 11580 "GET /day-offs/statistics/ HTTP/1.1" 200 1672
INFO 2026-05-30 09:53:14,528 basehttp 13244 11580 "GET /departments/all/ HTTP/1.1" 200 1250
INFO 2026-05-30 09:53:14,624 basehttp 13244 952 "GET /departments/all/ HTTP/1.1" 200 1250
INFO 2026-05-30 09:53:14,651 basehttp 13244 11580 "GET /task/all/?page=1&limit=10 HTTP/1.1" 200 2550
INFO 2026-05-30 09:53:14,812 basehttp 13244 952 "GET /task/all/?page=1&limit=10 HTTP/1.1" 200 2550
INFO 2026-05-30 09:53:14,850 basehttp 13244 11580 "GET /task-assignments/all/?page=1&limit=10 HTTP/1.1" 200 2967
INFO 2026-05-30 09:53:14,966 basehttp 13244 11580 "GET /users/?role=employee HTTP/1.1" 200 2044
INFO 2026-05-30 09:53:15,007 basehttp 13244 952 "GET /task-assignments/all/?page=1&limit=10 HTTP/1.1" 200 2967
INFO 2026-05-30 09:53:15,050 basehttp 13244 11580 "GET /users/ HTTP/1.1" 200 2044
INFO 2026-05-30 09:53:15,088 basehttp 13244 952 "GET /users/?role=employee HTTP/1.1" 200 2044
INFO 2026-05-30 09:53:15,210 basehttp 13244 952 "GET /users/ HTTP/1.1" 200 2044
INFO 2026-05-30 09:53:28,184 basehttp 13244 952 "GET /departments/1/employees/ HTTP/1.1" 200 833
INFO 2026-05-30 09:53:33,747 basehttp 13244 952 "OPTIONS /task-assignments/assign-to-users/ HTTP/1.1" 200 0
INFO 2026-05-30 09:53:33,862 basehttp 13244 952 "POST /task-assignments/assign-to-users/ HTTP/1.1" 201 3312
INFO 2026-05-30 09:53:36,949 basehttp 13244 952 "GET /task-assignments/all/?page=1&limit=10 HTTP/1.1" 200 6016
INFO 2026-05-30 09:53:43,138 basehttp 13244 952 "OPTIONS /task-assignments/2/transitions/ HTTP/1.1" 200 0
INFO 2026-05-30 09:53:43,158 basehttp 13244 952 "GET /task-assignments/2/transitions/ HTTP/1.1" 200 224
INFO 2026-05-30 09:53:54,736 basehttp 13244 952 "OPTIONS /task-assignments/3/transitions/ HTTP/1.1" 200 0
INFO 2026-05-30 09:53:54,763 basehttp 13244 952 "GET /task-assignments/3/transitions/ HTTP/1.1" 200 240
INFO 2026-05-30 09:54:00,148 basehttp 13244 952 "OPTIONS /task-assignments/update-status/ HTTP/1.1" 200 0
INFO 2026-05-30 09:54:00,330 basehttp 13244 952 "POST /task-assignments/update-status/ HTTP/1.1" 200 1904
INFO 2026-05-30 09:54:00,522 basehttp 13244 952 "GET /task-assignments/all/?page=1&limit=10 HTTP/1.1" 200 6295
INFO 2026-05-30 09:58:48,674 basehttp 13244 16544 "GET /departments/all/ HTTP/1.1" 200 1250
INFO 2026-05-30 09:58:48,721 basehttp 13244 14172 "GET /users/ HTTP/1.1" 200 2044
INFO 2026-05-30 09:58:48,766 basehttp 13244 9320 "GET /departments/all/ HTTP/1.1" 200 1250
INFO 2026-05-30 09:58:48,806 basehttp 13244 16544 "GET /users/ HTTP/1.1" 200 2044
INFO 2026-05-30 09:58:48,835 basehttp 13244 7120 "GET /day-offs/statistics/ HTTP/1.1" 200 1672
INFO 2026-05-30 09:58:49,013 basehttp 13244 16544 "GET /day-offs/statistics/ HTTP/1.1" 200 1672
INFO 2026-05-30 10:01:42,127 basehttp 13244 7120 "GET /departments/all/ HTTP/1.1" 200 1250
INFO 2026-05-30 10:01:42,132 basehttp 13244 16544 "GET /users/ HTTP/1.1" 200 2044
INFO 2026-05-30 10:01:42,184 basehttp 13244 9320 "GET /day-offs/statistics/ HTTP/1.1" 200 1672
INFO 2026-05-30 10:02:00,273 basehttp 13244 9320 "GET /dashboard/?range=week HTTP/1.1" 200 13687
INFO 2026-05-30 10:02:00,630 basehttp 13244 16544 "GET /dashboard/?range=week HTTP/1.1" 200 13665
INFO 2026-05-30 10:03:20,902 basehttp 13244 7120 "OPTIONS /users/employees/ HTTP/1.1" 200 0
INFO 2026-05-30 10:03:20,903 basehttp 13244 9320 "OPTIONS /users/employees/ HTTP/1.1" 200 0
INFO 2026-05-30 10:03:20,968 basehttp 13244 16544 "GET /departments/all/ HTTP/1.1" 200 1250
INFO 2026-05-30 10:03:20,969 basehttp 13244 9320 "GET /users/employees/ HTTP/1.1" 200 1289
INFO 2026-05-30 10:03:21,018 basehttp 13244 7120 "GET /departments/all/ HTTP/1.1" 200 1250
INFO 2026-05-30 10:03:21,034 basehttp 13244 16544 "GET /users/employees/ HTTP/1.1" 200 1289
INFO 2026-05-30 10:03:21,967 basehttp 13244 16544 "GET /request/all/? HTTP/1.1" 200 25
INFO 2026-05-30 10:03:21,994 basehttp 13244 7120 "GET /request/all/? HTTP/1.1" 200 25
INFO 2026-05-30 10:03:23,176 basehttp 13244 16544 "GET /users/ HTTP/1.1" 200 2044
INFO 2026-05-30 10:03:23,247 basehttp 13244 9320 "GET /users/ HTTP/1.1" 200 2044
INFO 2026-05-30 10:03:23,285 basehttp 13244 16544 "GET /request/stats/ HTTP/1.1" 200 79
INFO 2026-05-30 10:03:23,342 basehttp 13244 9320 "GET /request/stats/ HTTP/1.1" 200 79
INFO 2026-05-30 10:03:23,457 basehttp 13244 7120 "GET /performance/my-performance/?days=30 HTTP/1.1" 200 3523
INFO 2026-05-30 10:03:23,719 basehttp 13244 9320 "GET /performance/my-performance/?days=30 HTTP/1.1" 200 3523
INFO 2026-05-30 10:03:23,953 basehttp 13244 7120 "GET /performance/my-performance/?days=30 HTTP/1.1" 200 3523
INFO 2026-05-30 10:03:24,215 basehttp 13244 9320 "GET /performance/my-performance/?days=30 HTTP/1.1" 200 3523
INFO 2026-05-30 10:03:24,850 basehttp 13244 9320 "GET /departments/all/ HTTP/1.1" 200 1250
INFO 2026-05-30 10:03:24,902 basehttp 13244 16544 "GET /departments/all/ HTTP/1.1" 200 1250
INFO 2026-05-30 10:03:25,012 basehttp 13244 7120 "GET /analytics/dashboard/?time_range=6months HTTP/1.1" 200 3074
INFO 2026-05-30 10:03:25,199 basehttp 13244 16544 "GET /analytics/dashboard/?time_range=6months HTTP/1.1" 200 3074
INFO 2026-05-30 10:08:59,031 basehttp 13244 17636 "GET /departments/all/ HTTP/1.1" 200 1250
INFO 2026-05-30 10:08:59,111 basehttp 13244 14476 "GET /departments/all/ HTTP/1.1" 200 1250
INFO 2026-05-30 10:08:59,341 basehttp 13244 14568 "GET /analytics/dashboard/?time_range=6months HTTP/1.1" 200 3074
INFO 2026-05-30 10:08:59,555 basehttp 13244 14476 "GET /analytics/dashboard/?time_range=6months HTTP/1.1" 200 3074
INFO 2026-05-30 10:09:14,289 basehttp 13244 14476 "GET /dashboard/?range=week HTTP/1.1" 200 13748
INFO 2026-05-30 10:09:14,597 basehttp 13244 14568 "GET /dashboard/?range=week HTTP/1.1" 200 13712
INFO 2026-05-30 10:09:32,711 basehttp 13244 14568 "GET /users/ HTTP/1.1" 200 2044
INFO 2026-05-30 10:09:32,713 basehttp 13244 14476 "GET /departments/all/ HTTP/1.1" 200 1250
INFO 2026-05-30 10:09:32,816 basehttp 13244 17636 "GET /day-offs/statistics/ HTTP/1.1" 200 1672
INFO 2026-05-30 10:09:32,817 basehttp 13244 8304 "GET /departments/all/ HTTP/1.1" 200 1250
INFO 2026-05-30 10:09:32,855 basehttp 13244 10140 "GET /users/ HTTP/1.1" 200 2044
INFO 2026-05-30 10:09:32,958 basehttp 13244 14476 "GET /day-offs/statistics/ HTTP/1.1" 200 1672
INFO 2026-05-30 10:10:53,249 basehttp 13244 14476 "GET /request/all/? HTTP/1.1" 200 25
INFO 2026-05-30 10:10:53,323 basehttp 13244 10140 "GET /request/all/? HTTP/1.1" 200 25
INFO 2026-05-30 10:10:53,336 basehttp 13244 14476 "GET /users/ HTTP/1.1" 200 2044
INFO 2026-05-30 10:10:53,402 basehttp 13244 10140 "GET /users/ HTTP/1.1" 200 2044
INFO 2026-05-30 10:10:53,422 basehttp 13244 14476 "GET /request/stats/ HTTP/1.1" 200 79
INFO 2026-05-30 10:10:53,468 basehttp 13244 10140 "GET /request/stats/ HTTP/1.1" 200 79
INFO 2026-05-30 10:11:00,770 basehttp 13244 10140 "GET /users/ HTTP/1.1" 200 2044
INFO 2026-05-30 10:11:00,881 basehttp 13244 8304 "GET /day-offs/statistics/ HTTP/1.1" 200 1672
INFO 2026-05-30 10:11:00,916 basehttp 13244 14476 "GET /departments/all/ HTTP/1.1" 200 1250
INFO 2026-05-30 10:11:00,960 basehttp 13244 17636 "GET /users/ HTTP/1.1" 200 2044
INFO 2026-05-30 10:11:01,002 basehttp 13244 8304 "GET /departments/all/ HTTP/1.1" 200 1250
INFO 2026-05-30 10:11:01,148 basehttp 13244 10140 "GET /day-offs/statistics/ HTTP/1.1" 200 1672
INFO 2026-05-30 10:11:01,947 basehttp 13244 10140 "GET /departments/all/ HTTP/1.1" 200 1250
INFO 2026-05-30 10:11:01,991 basehttp 13244 8304 "GET /departments/all/ HTTP/1.1" 200 1250
INFO 2026-05-30 10:11:02,043 basehttp 13244 10140 "GET /task/all/?page=1&limit=10 HTTP/1.1" 200 2550
INFO 2026-05-30 10:11:02,160 basehttp 13244 8304 "GET /task/all/?page=1&limit=10 HTTP/1.1" 200 2550
INFO 2026-05-30 10:11:02,214 basehttp 13244 10140 "GET /task-assignments/all/?page=1&limit=10 HTTP/1.1" 200 6297
INFO 2026-05-30 10:11:02,293 basehttp 13244 10140 "GET /users/?role=employee HTTP/1.1" 200 2044
INFO 2026-05-30 10:11:02,352 basehttp 13244 8304 "GET /task-assignments/all/?page=1&limit=10 HTTP/1.1" 200 6282
INFO 2026-05-30 10:11:02,355 basehttp 13244 10140 "GET /users/ HTTP/1.1" 200 2044
INFO 2026-05-30 10:11:02,418 basehttp 13244 10140 "GET /users/?role=employee HTTP/1.1" 200 2044
INFO 2026-05-30 10:11:02,516 basehttp 13244 10140 "GET /users/ HTTP/1.1" 200 2044
INFO 2026-05-30 10:11:27,751 basehttp 13244 10140 "GET /dashboard/?range=week HTTP/1.1" 200 13481
INFO 2026-05-30 10:11:27,996 basehttp 13244 8304 "GET /dashboard/?range=week HTTP/1.1" 200 13488
INFO 2026-05-30 10:11:31,761 basehttp 13244 10140 "GET /departments/all/ HTTP/1.1" 200 1250
INFO 2026-05-30 10:11:31,769 basehttp 13244 8304 "GET /users/ HTTP/1.1" 200 2044
INFO 2026-05-30 10:11:31,948 basehttp 13244 14476 "GET /departments/all/ HTTP/1.1" 200 1250
INFO 2026-05-30 10:11:32,047 basehttp 13244 10140 "GET /users/ HTTP/1.1" 200 2044
INFO 2026-05-30 10:11:32,156 basehttp 13244 17636 "GET /day-offs/statistics/ HTTP/1.1" 200 1672
INFO 2026-05-30 10:11:32,248 basehttp 13244 10140 "GET /day-offs/statistics/ HTTP/1.1" 200 1672
INFO 2026-05-30 10:11:37,655 basehttp 13244 10140 "GET /departments/all/ HTTP/1.1" 200 1250
INFO 2026-05-30 10:11:37,693 basehttp 13244 17636 "GET /departments/all/ HTTP/1.1" 200 1250
INFO 2026-05-30 10:11:38,390 basehttp 13244 10140 "GET /task/all/?page=1&limit=10 HTTP/1.1" 200 2550
INFO 2026-05-30 10:11:38,461 basehttp 13244 17636 "GET /task/all/?page=1&limit=10 HTTP/1.1" 200 2550
INFO 2026-05-30 10:11:38,506 basehttp 13244 10140 "GET /task-assignments/all/?page=1&limit=10 HTTP/1.1" 200 6296
INFO 2026-05-30 10:11:38,559 basehttp 13244 10140 "GET /users/?role=employee HTTP/1.1" 200 2044
INFO 2026-05-30 10:11:38,632 basehttp 13244 10140 "GET /users/ HTTP/1.1" 200 2044
INFO 2026-05-30 10:11:38,639 basehttp 13244 17636 "GET /task-assignments/all/?page=1&limit=10 HTTP/1.1" 200 6295
INFO 2026-05-30 10:11:38,721 basehttp 13244 17636 "GET /users/?role=employee HTTP/1.1" 200 2044
INFO 2026-05-30 10:11:38,827 basehttp 13244 17636 "GET /users/ HTTP/1.1" 200 2044
INFO 2026-05-30 10:11:59,309 basehttp 13244 10140 "GET /departments/all/ HTTP/1.1" 200 1250
INFO 2026-05-30 10:11:59,322 basehttp 13244 17636 "GET /users/ HTTP/1.1" 200 2044
INFO 2026-05-30 10:11:59,399 basehttp 13244 14476 "GET /day-offs/statistics/ HTTP/1.1" 200 1672
INFO 2026-05-30 10:11:59,428 basehttp 13244 10140 "GET /users/ HTTP/1.1" 200 2044
INFO 2026-05-30 10:11:59,429 basehttp 13244 8304 "GET /departments/all/ HTTP/1.1" 200 1250
INFO 2026-05-30 10:11:59,563 basehttp 13244 17636 "GET /day-offs/statistics/ HTTP/1.1" 200 1672
INFO 2026-05-30 10:12:05,244 basehttp 13244 17636 "GET /departments/all/ HTTP/1.1" 200 1250
INFO 2026-05-30 10:12:05,255 basehttp 13244 8304 "GET /users/employees/ HTTP/1.1" 200 1289
INFO 2026-05-30 10:12:05,320 basehttp 13244 17636 "GET /users/employees/ HTTP/1.1" 200 1289
INFO 2026-05-30 10:12:05,337 basehttp 13244 10140 "GET /departments/all/ HTTP/1.1" 200 1250
INFO 2026-05-30 10:12:14,563 basehttp 13244 10140 "GET /users/ HTTP/1.1" 200 2044
INFO 2026-05-30 10:12:14,568 basehttp 13244 17636 "GET /departments/all/ HTTP/1.1" 200 1250
INFO 2026-05-30 10:12:14,646 basehttp 13244 14476 "GET /users/ HTTP/1.1" 200 2044
INFO 2026-05-30 10:12:14,653 basehttp 13244 10140 "GET /departments/all/ HTTP/1.1" 200 1250
INFO 2026-05-30 10:12:14,713 basehttp 13244 8304 "GET /day-offs/statistics/ HTTP/1.1" 200 1672
INFO 2026-05-30 10:12:14,816 basehttp 13244 10140 "GET /day-offs/statistics/ HTTP/1.1" 200 1672
INFO 2026-05-30 10:12:29,650 basehttp 13244 10140 "GET /departments/all/ HTTP/1.1" 200 1250
INFO 2026-05-30 10:12:29,697 basehttp 13244 8304 "GET /departments/all/ HTTP/1.1" 200 1250
INFO 2026-05-30 10:12:29,738 basehttp 13244 10140 "GET /task/all/?page=1&limit=10 HTTP/1.1" 200 2550
INFO 2026-05-30 10:12:29,831 basehttp 13244 8304 "GET /task/all/?page=1&limit=10 HTTP/1.1" 200 2550
INFO 2026-05-30 10:12:29,873 basehttp 13244 10140 "GET /task-assignments/all/?page=1&limit=10 HTTP/1.1" 200 6289
INFO 2026-05-30 10:12:29,973 basehttp 13244 10140 "GET /users/?role=employee HTTP/1.1" 200 2044
INFO 2026-05-30 10:12:30,048 basehttp 13244 8304 "GET /task-assignments/all/?page=1&limit=10 HTTP/1.1" 200 6289
INFO 2026-05-30 10:12:30,102 basehttp 13244 10140 "GET /users/ HTTP/1.1" 200 2044
INFO 2026-05-30 10:12:30,175 basehttp 13244 8304 "GET /users/?role=employee HTTP/1.1" 200 2044
INFO 2026-05-30 10:12:30,272 basehttp 13244 8304 "GET /users/ HTTP/1.1" 200 2044
INFO 2026-05-30 10:12:39,514 basehttp 13244 8304 "GET /task-assignments/2/transitions/ HTTP/1.1" 200 224
INFO 2026-05-30 10:12:41,055 basehttp 13244 8304 "GET /task-assignments/2/transitions/ HTTP/1.1" 200 224
INFO 2026-05-30 10:12:44,067 basehttp 13244 8304 "OPTIONS /task-assignments/1/transitions/ HTTP/1.1" 200 0
INFO 2026-05-30 10:12:44,129 basehttp 13244 8304 "GET /task-assignments/1/transitions/ HTTP/1.1" 200 224
INFO 2026-05-30 10:12:45,018 basehttp 13244 8304 "GET /task-assignments/1/transitions/ HTTP/1.1" 200 224
INFO 2026-05-30 10:12:45,922 basehttp 13244 8304 "GET /task-assignments/1/transitions/ HTTP/1.1" 200 224
INFO 2026-05-30 10:12:47,685 basehttp 13244 8304 "GET /task-assignments/2/transitions/ HTTP/1.1" 200 224
INFO 2026-05-30 10:12:49,689 basehttp 13244 8304 "GET /task-assignments/2/transitions/ HTTP/1.1" 200 224
INFO 2026-05-30 10:12:50,671 basehttp 13244 8304 "GET /task-assignments/2/transitions/ HTTP/1.1" 200 224
INFO 2026-05-30 10:12:51,664 basehttp 13244 8304 "GET /task-assignments/2/transitions/ HTTP/1.1" 200 224
INFO 2026-05-30 10:12:53,516 basehttp 13244 8304 "GET /task-assignments/2/transitions/ HTTP/1.1" 200 224
INFO 2026-05-30 10:12:55,461 basehttp 13244 8304 "GET /task-assignments/3/transitions/ HTTP/1.1" 200 229
INFO 2026-05-30 10:12:57,428 basehttp 13244 8304 "GET /task-assignments/3/transitions/ HTTP/1.1" 200 229
INFO 2026-05-30 10:12:59,204 basehttp 13244 8304 "GET /task-assignments/3/transitions/ HTTP/1.1" 200 230
INFO 2026-05-30 10:13:01,774 basehttp 13244 8304 "POST /task-assignments/update-status/ HTTP/1.1" 200 1908
INFO 2026-05-30 10:13:01,972 basehttp 13244 8304 "GET /task-assignments/all/?page=1&limit=10 HTTP/1.1" 200 6300
INFO 2026-05-30 10:13:07,837 basehttp 13244 8304 "GET /task-assignments/2/transitions/ HTTP/1.1" 200 224
INFO 2026-05-30 10:13:09,258 basehttp 13244 8304 "GET /task-assignments/2/transitions/ HTTP/1.1" 200 224
INFO 2026-05-30 10:13:11,561 basehttp 13244 8304 "POST /task-assignments/update-status/ HTTP/1.1" 200 1853
INFO 2026-05-30 10:13:11,672 basehttp 13244 8304 "GET /task-assignments/all/?page=1&limit=10 HTTP/1.1" 200 6603
INFO 2026-05-30 10:13:19,134 basehttp 13244 8304 "GET /dashboard/?range=week HTTP/1.1" 200 13655
INFO 2026-05-30 10:13:19,396 basehttp 13244 10140 "GET /dashboard/?range=week HTTP/1.1" 200 13635
INFO 2026-05-30 10:15:11,220 basehttp 13244 10140 "OPTIONS /profile/ HTTP/1.1" 200 0
INFO 2026-05-30 10:15:11,223 basehttp 13244 8304 "OPTIONS /profile/ HTTP/1.1" 200 0
INFO 2026-05-30 10:15:11,294 basehttp 13244 8304 "GET /profile/ HTTP/1.1" 200 376
INFO 2026-05-30 10:15:11,321 basehttp 13244 10140 "GET /profile/ HTTP/1.1" 200 376
INFO 2026-05-30 10:15:11,785 basehttp 13244 10140 "GET /dashboard/?range=week HTTP/1.1" 200 13673
INFO 2026-05-30 10:15:12,063 basehttp 13244 8304 "GET /dashboard/?range=week HTTP/1.1" 200 13656
INFO 2026-05-30 10:15:12,452 basehttp 13244 10140 "GET /dashboard/?range=week HTTP/1.1" 200 13664
INFO 2026-05-30 10:17:18,112 basehttp 13244 8304 "GET /departments/all/ HTTP/1.1" 200 1250
INFO 2026-05-30 10:17:18,112 basehttp 13244 10140 "GET /users/ HTTP/1.1" 200 2044
INFO 2026-05-30 10:17:18,206 basehttp 13244 5608 "GET /departments/all/ HTTP/1.1" 200 1250
INFO 2026-05-30 10:17:18,219 basehttp 13244 8304 "GET /users/ HTTP/1.1" 200 2044
INFO 2026-05-30 10:17:18,283 basehttp 13244 13432 "GET /day-offs/statistics/ HTTP/1.1" 200 1672
INFO 2026-05-30 10:17:18,367 basehttp 13244 8304 "GET /day-offs/statistics/ HTTP/1.1" 200 1672
INFO 2026-05-30 10:17:58,900 basehttp 13244 8304 "GET /departments/all/ HTTP/1.1" 200 1250
INFO 2026-05-30 10:17:58,913 basehttp 13244 13432 "GET /users/employees/ HTTP/1.1" 200 1289
INFO 2026-05-30 10:17:59,002 basehttp 13244 5608 "GET /departments/all/ HTTP/1.1" 200 1250
INFO 2026-05-30 10:17:59,011 basehttp 13244 8304 "GET /users/employees/ HTTP/1.1" 200 1289
INFO 2026-05-30 10:18:29,142 basehttp 13244 8304 "GET /departments/all/ HTTP/1.1" 200 1250
INFO 2026-05-30 10:18:29,187 basehttp 13244 5608 "GET /departments/all/ HTTP/1.1" 200 1250
INFO 2026-05-30 10:18:29,226 basehttp 13244 8304 "GET /task/all/?page=1&limit=10 HTTP/1.1" 200 2550
INFO 2026-05-30 10:18:29,299 basehttp 13244 5608 "GET /task/all/?page=1&limit=10 HTTP/1.1" 200 2550
INFO 2026-05-30 10:18:29,402 basehttp 13244 8304 "GET /task-assignments/all/?page=1&limit=10 HTTP/1.1" 200 6603
INFO 2026-05-30 10:18:29,485 basehttp 13244 8304 "GET /users/?role=employee HTTP/1.1" 200 2044
INFO 2026-05-30 10:18:29,535 basehttp 13244 5608 "GET /task-assignments/all/?page=1&limit=10 HTTP/1.1" 200 6596
INFO 2026-05-30 10:18:29,548 basehttp 13244 8304 "GET /users/ HTTP/1.1" 200 2044
INFO 2026-05-30 10:18:29,615 basehttp 13244 5608 "GET /users/?role=employee HTTP/1.1" 200 2044
INFO 2026-05-30 10:18:29,743 basehttp 13244 5608 "GET /users/ HTTP/1.1" 200 2044
INFO 2026-05-30 10:18:31,114 basehttp 13244 8304 "GET /task/all/?page=1&limit=10 HTTP/1.1" 200 2550
INFO 2026-05-30 10:18:31,157 basehttp 13244 5608 "GET /task-assignments/all/?page=1&limit=10 HTTP/1.1" 200 6595
INFO 2026-05-30 10:19:00,085 basehttp 13244 5608 "OPTIONS /task/update/2/ HTTP/1.1" 200 0
INFO 2026-05-30 10:19:00,114 basehttp 13244 5608 "PUT /task/update/2/ HTTP/1.1" 200 391
INFO 2026-05-30 10:19:00,180 basehttp 13244 5608 "GET /task/all/?page=1&limit=10 HTTP/1.1" 200 2552
INFO 2026-05-30 10:19:09,195 basehttp 13244 5608 "OPTIONS /task/update/1/ HTTP/1.1" 200 0
INFO 2026-05-30 10:19:09,221 basehttp 13244 5608 "PUT /task/update/1/ HTTP/1.1" 200 401
INFO 2026-05-30 10:19:09,285 basehttp 13244 5608 "GET /task/all/?page=1&limit=10 HTTP/1.1" 200 2560
INFO 2026-05-30 10:19:31,573 basehttp 13244 5608 "GET /task/all/?page=1&limit=10 HTTP/1.1" 200 2560
INFO 2026-05-30 10:19:31,597 basehttp 13244 8304 "GET /task-assignments/all/?page=1&limit=10 HTTP/1.1" 200 6605
INFO 2026-05-30 10:19:51,019 basehttp 13244 8304 "GET /task-assignments/1/transitions/ HTTP/1.1" 200 224
INFO 2026-05-30 10:19:54,231 basehttp 13244 8304 "GET /task-assignments/1/transitions/ HTTP/1.1" 200 224
INFO 2026-05-30 10:19:57,863 basehttp 13244 8304 "OPTIONS /task-assignments/4/transitions/ HTTP/1.1" 200 0
INFO 2026-05-30 10:19:57,913 basehttp 13244 8304 "GET /task-assignments/4/transitions/ HTTP/1.1" 200 240
INFO 2026-05-30 10:19:59,843 basehttp 13244 8304 "GET /task-assignments/4/transitions/ HTTP/1.1" 200 241
INFO 2026-05-30 10:20:01,704 basehttp 13244 8304 "GET /task-assignments/4/transitions/ HTTP/1.1" 200 234
INFO 2026-05-30 10:20:03,856 basehttp 13244 8304 "GET /task-assignments/4/transitions/ HTTP/1.1" 200 240
INFO 2026-05-30 10:20:06,381 basehttp 13244 8304 "GET /task-assignments/4/transitions/ HTTP/1.1" 200 233
INFO 2026-05-30 10:20:07,704 basehttp 13244 8304 "GET /task-assignments/4/transitions/ HTTP/1.1" 200 240
INFO 2026-05-30 10:20:09,978 basehttp 13244 8304 "POST /task-assignments/update-status/ HTTP/1.1" 200 1897
INFO 2026-05-30 10:20:10,091 basehttp 13244 8304 "GET /task-assignments/all/?page=1&limit=10 HTTP/1.1" 200 6862
INFO 2026-05-30 10:20:59,808 basehttp 13244 8304 "GET /performance/my-performance/?days=30 HTTP/1.1" 200 3523
INFO 2026-05-30 10:21:00,167 basehttp 13244 5608 "GET /performance/my-performance/?days=30 HTTP/1.1" 200 3523
INFO 2026-05-30 10:21:00,476 basehttp 13244 8304 "GET /performance/my-performance/?days=30 HTTP/1.1" 200 3523
INFO 2026-05-30 10:21:00,818 basehttp 13244 5608 "GET /performance/my-performance/?days=30 HTTP/1.1" 200 3523
INFO 2026-05-30 10:21:05,011 basehttp 13244 5608 "GET /departments/all/ HTTP/1.1" 200 1250
INFO 2026-05-30 10:21:05,069 basehttp 13244 13432 "GET /departments/all/ HTTP/1.1" 200 1250
INFO 2026-05-30 10:21:05,185 basehttp 13244 8304 "GET /analytics/dashboard/?time_range=6months HTTP/1.1" 200 3357
INFO 2026-05-30 10:21:05,446 basehttp 13244 13432 "GET /analytics/dashboard/?time_range=6months HTTP/1.1" 200 3357
INFO 2026-05-30 10:22:06,505 basehttp 13244 13432 "OPTIONS /activity/activities/?page=1&page_size=50 HTTP/1.1" 200 0
INFO 2026-05-30 10:22:06,507 basehttp 13244 8304 "OPTIONS /activity/activities/?page=1&page_size=50 HTTP/1.1" 200 0
INFO 2026-05-30 10:22:06,749 basehttp 13244 8304 "GET /activity/activities/?page=1&page_size=50 HTTP/1.1" 200 31753
INFO 2026-05-30 10:22:06,993 basehttp 13244 13432 "GET /activity/activities/?page=1&page_size=50 HTTP/1.1" 200 31753
INFO 2026-05-30 10:22:47,985 basehttp 13244 13432 "OPTIONS /report/available/ HTTP/1.1" 200 0
INFO 2026-05-30 10:22:47,991 basehttp 13244 8304 "OPTIONS /report/available/ HTTP/1.1" 200 0
INFO 2026-05-30 10:22:48,058 basehttp 13244 13432 "GET /departments/all/ HTTP/1.1" 200 1250
INFO 2026-05-30 10:22:48,068 basehttp 13244 8304 "GET /report/available/ HTTP/1.1" 200 714
INFO 2026-05-30 10:22:48,115 basehttp 13244 13432 "GET /report/available/ HTTP/1.1" 200 714
INFO 2026-05-30 10:22:48,164 basehttp 13244 5608 "GET /users/ HTTP/1.1" 200 2044
INFO 2026-05-30 10:22:48,192 basehttp 13244 17084 "GET /departments/all/ HTTP/1.1" 200 1250
INFO 2026-05-30 10:22:49,949 basehttp 13244 13432 "GET /users/ HTTP/1.1" 200 2044
INFO 2026-05-30 10:22:53,577 basehttp 13244 13432 "OPTIONS /report/users/ HTTP/1.1" 200 0
INFO 2026-05-30 10:22:53,623 basehttp 13244 13432 "POST /report/users/ HTTP/1.1" 200 2225
INFO 2026-05-30 10:24:01,638 basehttp 13244 13432 "OPTIONS /report/assignments/ HTTP/1.1" 200 0
INFO 2026-05-30 10:24:01,761 basehttp 13244 13432 "POST /report/assignments/ HTTP/1.1" 200 2866
INFO 2026-05-30 10:25:21,971 basehttp 13244 14060 "GET /profile/ HTTP/1.1" 200 376
INFO 2026-05-30 10:25:22,089 basehttp 13244 14712 "GET /profile/ HTTP/1.1" 200 376
INFO 2026-05-30 10:25:54,972 basehttp 13244 14712 "OPTIONS /profile/update/ HTTP/1.1" 200 0
INFO 2026-05-30 10:25:55,017 basehttp 13244 14712 "PUT /profile/update/ HTTP/1.1" 200 428
INFO 2026-05-30 10:25:55,051 basehttp 13244 14712 "GET /profile/ HTTP/1.1" 200 377
INFO 2026-05-30 10:26:25,613 basehttp 13244 14712 "PUT /profile/update/ HTTP/1.1" 200 427
INFO 2026-05-30 10:26:25,690 basehttp 13244 14712 "GET /profile/ HTTP/1.1" 200 376
INFO 2026-05-30 10:27:04,639 basehttp 13244 14712 "OPTIONS /auth/logout/ HTTP/1.1" 200 0
INFO 2026-05-30 10:27:04,793 basehttp 13244 14712 "POST /auth/logout/ HTTP/1.1" 200 37
INFO 2026-05-30 10:27:05,675 basehttp 13244 14060 - Broken pipe from ('127.0.0.1', 53133)
INFO 2026-05-30 10:38:43,229 basehttp 13244 1696 "POST /auth/login/ HTTP/1.1" 200 904
INFO 2026-05-30 10:38:43,532 basehttp 13244 1696 "GET /dashboard/?range=week HTTP/1.1" 200 14065
INFO 2026-05-30 10:38:43,911 basehttp 13244 20308 "GET /dashboard/?range=week HTTP/1.1" 200 14040
INFO 2026-05-30 10:38:46,026 basehttp 13244 20308 "POST /auth/logout/ HTTP/1.1" 200 37
INFO 2026-05-30 10:42:26,282 basehttp 13244 20308 "OPTIONS /auth/password-reset/request-otp/ HTTP/1.1" 200 0
INFO 2026-05-30 10:42:26,291 views 13244 20308 
==================================================
INFO 2026-05-30 10:42:26,291 views 13244 20308 PASSWORD RESET OTP REQUEST
INFO 2026-05-30 10:42:26,292 views 13244 20308 ==================================================
INFO 2026-05-30 10:42:26,297 views 13244 20308 User found: Prince MUGABE
INFO 2026-05-30 10:42:26,298 views 13244 20308 Generated OTP: 889489 for user: p.mugabe@admin_codepulse_africa_ltd.com
INFO 2026-05-30 10:42:26,299 utils 13244 20308 OTP stored in cache with key: reset_otp_p.mugabe@admin_codepulse_africa_ltd.com
INFO 2026-05-30 10:42:26,301 views 13244 20308 OTP stored with cache key: reset_otp_p.mugabe@admin_codepulse_africa_ltd.com
INFO 2026-05-30 10:42:26,301 views 13244 20308 Attempting to send OTP email to princemugabe568@gmail.com...
ERROR 2026-05-30 10:42:29,254 utils 13244 20308 Failed to send OTP email to princemugabe568@gmail.com: (535, b'5.7.8 Username and Password not accepted. For more information, go to\n5.7.8  https://support.google.com/mail/?p=BadCredentials a640c23a62f3a-be9d6cfa7c1sm136214366b.60 - gsmtp')
ERROR 2026-05-30 10:42:29,256 views 13244 20308 ERROR: Failed to send OTP email. Please try again.
ERROR 2026-05-30 10:42:29,276 basehttp 13244 20308 "POST /auth/password-reset/request-otp/ HTTP/1.1" 500 55
INFO 2026-05-30 10:48:05,073 autoreload 13244 10472 E:\DJANGO\FINAL YEAR PROJECTS\Bertrand\backend\backend\settings.py changed, reloading.
INFO 2026-05-30 10:48:13,907 autoreload 5640 1264 Watching for file changes with StatReloader
INFO 2026-05-30 10:48:57,111 views 5640 3948 
==================================================
INFO 2026-05-30 10:48:57,111 views 5640 3948 PASSWORD RESET OTP REQUEST
INFO 2026-05-30 10:48:57,112 views 5640 3948 ==================================================
INFO 2026-05-30 10:48:57,119 views 5640 3948 User found: Prince MUGABE
INFO 2026-05-30 10:48:57,120 views 5640 3948 Generated OTP: 458458 for user: p.mugabe@admin_codepulse_africa_ltd.com
INFO 2026-05-30 10:48:57,121 utils 5640 3948 OTP stored in cache with key: reset_otp_p.mugabe@admin_codepulse_africa_ltd.com
INFO 2026-05-30 10:48:57,121 views 5640 3948 OTP stored with cache key: reset_otp_p.mugabe@admin_codepulse_africa_ltd.com
INFO 2026-05-30 10:48:57,122 views 5640 3948 Attempting to send OTP email to princemugabe568@gmail.com...
INFO 2026-05-30 10:49:02,783 utils 5640 3948 OTP email sent successfully to princemugabe568@gmail.com
INFO 2026-05-30 10:49:03,369 views 5640 3948 SUCCESS: OTP sent to princemugabe568@gmail.com
INFO 2026-05-30 10:49:03,370 views 5640 3948 ==================================================

INFO 2026-05-30 10:49:03,372 basehttp 5640 3948 "POST /auth/password-reset/request-otp/ HTTP/1.1" 200 189
INFO 2026-05-30 10:49:42,883 basehttp 5640 3948 "OPTIONS /auth/password-reset/verify-otp/ HTTP/1.1" 200 0
INFO 2026-05-30 10:49:42,891 views 5640 3948 
==================================================
INFO 2026-05-30 10:49:42,892 views 5640 3948 VERIFY RESET OTP
INFO 2026-05-30 10:49:42,893 views 5640 3948 ==================================================
INFO 2026-05-30 10:49:42,894 views 5640 3948 Verifying OTP for: p.mugabe@admin_codepulse_africa_ltd.com
ERROR 2026-05-30 10:49:42,895 views 5640 3948 ERROR: OTP verification failed - OTP has expired or was not found. Please request a new OTP.
WARNING 2026-05-30 10:49:42,905 basehttp 5640 3948 "POST /auth/password-reset/verify-otp/ HTTP/1.1" 400 71
INFO 2026-05-30 10:49:46,129 views 5640 3948 
==================================================
INFO 2026-05-30 10:49:46,130 views 5640 3948 VERIFY RESET OTP
INFO 2026-05-30 10:49:46,130 views 5640 3948 ==================================================
INFO 2026-05-30 10:49:46,131 views 5640 3948 Verifying OTP for: p.mugabe@admin_codepulse_africa_ltd.com
ERROR 2026-05-30 10:49:46,132 views 5640 3948 ERROR: OTP verification failed - OTP has expired or was not found. Please request a new OTP.
WARNING 2026-05-30 10:49:46,140 basehttp 5640 3948 "POST /auth/password-reset/verify-otp/ HTTP/1.1" 400 71
INFO 2026-05-30 10:49:47,412 views 5640 3948 
==================================================
INFO 2026-05-30 10:49:47,413 views 5640 3948 PASSWORD RESET OTP REQUEST
INFO 2026-05-30 10:49:47,413 views 5640 3948 ==================================================
INFO 2026-05-30 10:49:47,420 views 5640 3948 User found: Prince MUGABE
INFO 2026-05-30 10:49:47,421 views 5640 3948 Generated OTP: 660965 for user: p.mugabe@admin_codepulse_africa_ltd.com
INFO 2026-05-30 10:49:47,423 utils 5640 3948 OTP stored in cache with key: reset_otp_p.mugabe@admin_codepulse_africa_ltd.com
INFO 2026-05-30 10:49:47,424 views 5640 3948 OTP stored with cache key: reset_otp_p.mugabe@admin_codepulse_africa_ltd.com
INFO 2026-05-30 10:49:47,424 views 5640 3948 Attempting to send OTP email to princemugabe568@gmail.com...
INFO 2026-05-30 10:49:51,140 utils 5640 3948 OTP email sent successfully to princemugabe568@gmail.com
INFO 2026-05-30 10:49:51,144 views 5640 3948 SUCCESS: OTP sent to princemugabe568@gmail.com
INFO 2026-05-30 10:49:51,144 views 5640 3948 ==================================================

INFO 2026-05-30 10:49:51,146 basehttp 5640 3948 "POST /auth/password-reset/request-otp/ HTTP/1.1" 200 189
INFO 2026-05-30 10:50:06,875 views 5640 3948 
==================================================
INFO 2026-05-30 10:50:06,877 views 5640 3948 VERIFY RESET OTP
INFO 2026-05-30 10:50:06,879 views 5640 3948 ==================================================
INFO 2026-05-30 10:50:06,880 views 5640 3948 Verifying OTP for: p.mugabe@admin_codepulse_africa_ltd.com
INFO 2026-05-30 10:50:06,893 views 5640 3948 SUCCESS: OTP verified for p.mugabe@admin_codepulse_africa_ltd.com
INFO 2026-05-30 10:50:06,893 views 5640 3948 ==================================================

INFO 2026-05-30 10:50:06,895 basehttp 5640 3948 "POST /auth/password-reset/verify-otp/ HTTP/1.1" 200 151
INFO 2026-05-30 10:50:29,553 basehttp 5640 3948 "OPTIONS /auth/password-reset/confirm/ HTTP/1.1" 200 0
INFO 2026-05-30 10:50:29,563 views 5640 3948 
==================================================
INFO 2026-05-30 10:50:29,564 views 5640 3948 PASSWORD RESET WITH OTP
INFO 2026-05-30 10:50:29,564 views 5640 3948 ==================================================
INFO 2026-05-30 10:50:29,570 views 5640 3948 User found: Prince MUGABE
INFO 2026-05-30 10:50:30,642 views 5640 3948 SUCCESS: Password updated for user: p.mugabe@admin_codepulse_africa_ltd.com
INFO 2026-05-30 10:50:34,497 views 5640 3948 SUCCESS: Confirmation email sent to princemugabe568@gmail.com
INFO 2026-05-30 10:50:34,515 views 5640 3948 ==================================================

INFO 2026-05-30 10:50:34,523 basehttp 5640 3948 "POST /auth/password-reset/confirm/ HTTP/1.1" 200 117
INFO 2026-05-30 10:50:43,128 basehttp 5640 3948 "POST /auth/login/ HTTP/1.1" 200 904
INFO 2026-05-30 10:50:43,489 basehttp 5640 3948 "GET /dashboard/?range=week HTTP/1.1" 200 14231
INFO 2026-05-30 10:50:43,935 basehttp 5640 3948 "GET /dashboard/?range=week HTTP/1.1" 200 14145
INFO 2026-05-30 10:50:49,616 basehttp 5640 3948 "POST /auth/logout/ HTTP/1.1" 200 37
WARNING 2026-05-30 10:50:49,679 basehttp 5640 3948 "GET /dashboard/?range=week HTTP/1.1" 401 58
INFO 2026-05-30 10:51:20,442 basehttp 5640 3948 "POST /auth/login/ HTTP/1.1" 200 904
INFO 2026-05-30 10:51:20,738 basehttp 5640 3948 "GET /dashboard/?range=week HTTP/1.1" 200 13915
INFO 2026-05-30 10:51:20,990 basehttp 5640 1984 "GET /dashboard/?range=week HTTP/1.1" 200 13856
INFO 2026-05-30 10:52:18,863 basehttp 5640 1984 "POST /auth/logout/ HTTP/1.1" 200 37
WARNING 2026-05-30 10:52:18,931 basehttp 5640 1984 "GET /dashboard/?range=week HTTP/1.1" 401 58
WARNING 2026-05-30 10:52:18,956 basehttp 5640 1984 "GET /dashboard/?range=week HTTP/1.1" 401 58
INFO 2026-05-30 11:43:26,502 basehttp 5640 5468 "OPTIONS /auth/login/ HTTP/1.1" 200 0
INFO 2026-05-30 11:43:27,653 basehttp 5640 5468 "POST /auth/login/ HTTP/1.1" 200 904
INFO 2026-05-30 11:43:27,765 basehttp 5640 5468 "OPTIONS /dashboard/?range=week HTTP/1.1" 200 0
INFO 2026-05-30 11:43:27,807 basehttp 5640 1416 "OPTIONS /dashboard/?range=week HTTP/1.1" 200 0
INFO 2026-05-30 11:43:27,978 basehttp 5640 5468 "GET /dashboard/?range=week HTTP/1.1" 200 13803
INFO 2026-05-30 11:43:28,323 basehttp 5640 1416 "GET /dashboard/?range=week HTTP/1.1" 200 13799
INFO 2026-05-30 12:06:46,598 basehttp 5640 2244 "GET /activity/activities/?page=1&page_size=50 HTTP/1.1" 200 32001
INFO 2026-05-30 12:06:46,831 basehttp 5640 12760 "GET /activity/activities/?page=1&page_size=50 HTTP/1.1" 200 32001
INFO 2026-05-30 12:07:52,613 basehttp 5640 12760 "OPTIONS /activity/activities/?page=2&page_size=50 HTTP/1.1" 200 0
INFO 2026-05-30 12:07:52,836 basehttp 5640 12760 "GET /activity/activities/?page=2&page_size=50 HTTP/1.1" 200 31507
INFO 2026-05-30 12:30:04,862 basehttp 5640 15456 "OPTIONS /report/available/ HTTP/1.1" 200 0
INFO 2026-05-30 12:30:04,875 basehttp 5640 7536 "OPTIONS /departments/all/ HTTP/1.1" 200 0
INFO 2026-05-30 12:30:04,878 basehttp 5640 616 "OPTIONS /users/ HTTP/1.1" 200 0
INFO 2026-05-30 12:30:04,906 basehttp 5640 6040 "OPTIONS /report/available/ HTTP/1.1" 200 0
INFO 2026-05-30 12:30:04,946 basehttp 5640 7536 "GET /users/ HTTP/1.1" 200 2044
INFO 2026-05-30 12:30:04,946 basehttp 5640 15456 "GET /report/available/ HTTP/1.1" 200 714
INFO 2026-05-30 12:30:04,975 basehttp 5640 16572 "OPTIONS /departments/all/ HTTP/1.1" 200 0
INFO 2026-05-30 12:30:04,982 basehttp 5640 616 "GET /departments/all/ HTTP/1.1" 200 1250
INFO 2026-05-30 12:30:04,992 basehttp 5640 11508 "OPTIONS /users/ HTTP/1.1" 200 0
INFO 2026-05-30 12:30:05,000 basehttp 5640 7536 "GET /report/available/ HTTP/1.1" 200 714
INFO 2026-05-30 12:30:05,070 basehttp 5640 16572 "GET /departments/all/ HTTP/1.1" 200 1250
INFO 2026-05-30 12:30:05,088 basehttp 5640 11508 "GET /users/ HTTP/1.1" 200 2044
INFO 2026-05-30 12:34:37,736 basehttp 5640 11508 "OPTIONS /profile/ HTTP/1.1" 200 0
INFO 2026-05-30 12:34:37,737 basehttp 5640 16572 "OPTIONS /profile/ HTTP/1.1" 200 0
INFO 2026-05-30 12:34:37,759 basehttp 5640 16572 "GET /profile/ HTTP/1.1" 200 376
INFO 2026-05-30 12:34:37,786 basehttp 5640 11508 "GET /profile/ HTTP/1.1" 200 376
INFO 2026-05-30 12:34:45,768 basehttp 5640 11508 "OPTIONS /auth/logout/ HTTP/1.1" 200 0
INFO 2026-05-30 12:34:45,877 basehttp 5640 11508 "POST /auth/logout/ HTTP/1.1" 200 37
INFO 2026-05-30 12:34:46,638 basehttp 5640 16572 - Broken pipe from ('127.0.0.1', 59107)
INFO 2026-06-05 08:21:16,552 autoreload 3652 16312 Watching for file changes with StatReloader
WARNING 2026-06-05 08:22:00,116 basehttp 3652 15724 "GET /ws/notifications/?token=eyJhbGciOiJIUzI1NiIsInR5cCI6IkpXVCJ9.eyJ0b2tlbl90eXBlIjoiYWNjZXNzIiwiZXhwIjoxNzgwOTkzNjc0LCJpYXQiOjE3ODA1NjE2NzQsImp0aSI6ImNiOTQzYTdjYjg2MzQ4YTJiYTA4MGYyNjgxMmI1ZTFjIiwidXNlcl9pZCI6IjEifQ.P9ds-svYCl384DRCoagJwqJlQ3kw11HeczT1FDA1hT8 HTTP/1.1" 404 9536
WARNING 2026-06-05 08:22:00,118 basehttp 3652 17896 "GET /chat/unread-counts/ HTTP/1.1" 404 9304
WARNING 2026-06-05 08:22:00,833 basehttp 3652 14908 "GET /chat/unread-counts/ HTTP/1.1" 404 9304
WARNING 2026-06-05 08:22:01,728 basehttp 3652 17064 "GET /ws/notifications/?token=eyJhbGciOiJIUzI1NiIsInR5cCI6IkpXVCJ9.eyJ0b2tlbl90eXBlIjoiYWNjZXNzIiwiZXhwIjoxNzgwOTkzNjc0LCJpYXQiOjE3ODA1NjE2NzQsImp0aSI6ImNiOTQzYTdjYjg2MzQ4YTJiYTA4MGYyNjgxMmI1ZTFjIiwidXNlcl9pZCI6IjEifQ.P9ds-svYCl384DRCoagJwqJlQ3kw11HeczT1FDA1hT8 HTTP/1.1" 404 9536
WARNING 2026-06-05 08:22:03,216 basehttp 3652 16588 "GET /ws/notifications/?token=eyJhbGciOiJIUzI1NiIsInR5cCI6IkpXVCJ9.eyJ0b2tlbl90eXBlIjoiYWNjZXNzIiwiZXhwIjoxNzgwOTkzNjc0LCJpYXQiOjE3ODA1NjE2NzQsImp0aSI6ImNiOTQzYTdjYjg2MzQ4YTJiYTA4MGYyNjgxMmI1ZTFjIiwidXNlcl9pZCI6IjEifQ.P9ds-svYCl384DRCoagJwqJlQ3kw11HeczT1FDA1hT8 HTTP/1.1" 404 9536
WARNING 2026-06-05 08:22:04,916 basehttp 3652 10568 "GET /ws/notifications/?token=eyJhbGciOiJIUzI1NiIsInR5cCI6IkpXVCJ9.eyJ0b2tlbl90eXBlIjoiYWNjZXNzIiwiZXhwIjoxNzgwOTkzNjc0LCJpYXQiOjE3ODA1NjE2NzQsImp0aSI6ImNiOTQzYTdjYjg2MzQ4YTJiYTA4MGYyNjgxMmI1ZTFjIiwidXNlcl9pZCI6IjEifQ.P9ds-svYCl384DRCoagJwqJlQ3kw11HeczT1FDA1hT8 HTTP/1.1" 404 9536
WARNING 2026-06-05 08:22:06,332 basehttp 3652 1068 "GET /ws/notifications/?token=eyJhbGciOiJIUzI1NiIsInR5cCI6IkpXVCJ9.eyJ0b2tlbl90eXBlIjoiYWNjZXNzIiwiZXhwIjoxNzgwOTkzNjc0LCJpYXQiOjE3ODA1NjE2NzQsImp0aSI6ImNiOTQzYTdjYjg2MzQ4YTJiYTA4MGYyNjgxMmI1ZTFjIiwidXNlcl9pZCI6IjEifQ.P9ds-svYCl384DRCoagJwqJlQ3kw11HeczT1FDA1hT8 HTTP/1.1" 404 9536
WARNING 2026-06-05 08:22:07,822 basehttp 3652 13800 "GET /ws/notifications/?token=eyJhbGciOiJIUzI1NiIsInR5cCI6IkpXVCJ9.eyJ0b2tlbl90eXBlIjoiYWNjZXNzIiwiZXhwIjoxNzgwOTkzNjc0LCJpYXQiOjE3ODA1NjE2NzQsImp0aSI6ImNiOTQzYTdjYjg2MzQ4YTJiYTA4MGYyNjgxMmI1ZTFjIiwidXNlcl9pZCI6IjEifQ.P9ds-svYCl384DRCoagJwqJlQ3kw11HeczT1FDA1hT8 HTTP/1.1" 404 9536
INFO 2026-06-05 08:22:07,921 basehttp 3652 13800 - Broken pipe from ('127.0.0.1', 49732)
WARNING 2026-06-05 08:22:09,194 basehttp 3652 12432 "GET /ws/notifications/?token=eyJhbGciOiJIUzI1NiIsInR5cCI6IkpXVCJ9.eyJ0b2tlbl90eXBlIjoiYWNjZXNzIiwiZXhwIjoxNzgwOTkzNjc0LCJpYXQiOjE3ODA1NjE2NzQsImp0aSI6ImNiOTQzYTdjYjg2MzQ4YTJiYTA4MGYyNjgxMmI1ZTFjIiwidXNlcl9pZCI6IjEifQ.P9ds-svYCl384DRCoagJwqJlQ3kw11HeczT1FDA1hT8 HTTP/1.1" 404 9536
WARNING 2026-06-05 08:22:10,598 basehttp 3652 8456 "GET /ws/notifications/?token=eyJhbGciOiJIUzI1NiIsInR5cCI6IkpXVCJ9.eyJ0b2tlbl90eXBlIjoiYWNjZXNzIiwiZXhwIjoxNzgwOTkzNjc0LCJpYXQiOjE3ODA1NjE2NzQsImp0aSI6ImNiOTQzYTdjYjg2MzQ4YTJiYTA4MGYyNjgxMmI1ZTFjIiwidXNlcl9pZCI6IjEifQ.P9ds-svYCl384DRCoagJwqJlQ3kw11HeczT1FDA1hT8 HTTP/1.1" 404 9536
WARNING 2026-06-05 08:22:12,063 basehttp 3652 14596 "GET /ws/notifications/?token=eyJhbGciOiJIUzI1NiIsInR5cCI6IkpXVCJ9.eyJ0b2tlbl90eXBlIjoiYWNjZXNzIiwiZXhwIjoxNzgwOTkzNjc0LCJpYXQiOjE3ODA1NjE2NzQsImp0aSI6ImNiOTQzYTdjYjg2MzQ4YTJiYTA4MGYyNjgxMmI1ZTFjIiwidXNlcl9pZCI6IjEifQ.P9ds-svYCl384DRCoagJwqJlQ3kw11HeczT1FDA1hT8 HTTP/1.1" 404 9536
WARNING 2026-06-05 08:22:13,441 basehttp 3652 3568 "GET /ws/notifications/?token=eyJhbGciOiJIUzI1NiIsInR5cCI6IkpXVCJ9.eyJ0b2tlbl90eXBlIjoiYWNjZXNzIiwiZXhwIjoxNzgwOTkzNjc0LCJpYXQiOjE3ODA1NjE2NzQsImp0aSI6ImNiOTQzYTdjYjg2MzQ4YTJiYTA4MGYyNjgxMmI1ZTFjIiwidXNlcl9pZCI6IjEifQ.P9ds-svYCl384DRCoagJwqJlQ3kw11HeczT1FDA1hT8 HTTP/1.1" 404 9536
WARNING 2026-06-05 08:22:15,889 basehttp 3652 17112 "GET /chat/unread-counts/ HTTP/1.1" 404 9304
WARNING 2026-06-05 08:22:15,965 basehttp 3652 11488 "GET /ws/notifications/?token=eyJhbGciOiJIUzI1NiIsInR5cCI6IkpXVCJ9.eyJ0b2tlbl90eXBlIjoiYWNjZXNzIiwiZXhwIjoxNzgwOTkzNzA0LCJpYXQiOjE3ODA1NjE3MDQsImp0aSI6ImY0Nzk4M2RlZWUzOTQ3OGRiMjIyMzE5ZWQ0NDYzY2ZiIiwidXNlcl9pZCI6IjMifQ.2Jw0cKQIV136ovC-V7bgqKYbuFAA9ksGwhwaeh88WpE HTTP/1.1" 404 9536
INFO 2026-06-05 08:22:35,632 basehttp 3652 14908 "OPTIONS /profile/ HTTP/1.1" 200 0
INFO 2026-06-05 08:22:35,642 basehttp 3652 17896 "OPTIONS /profile/ HTTP/1.1" 200 0
WARNING 2026-06-05 08:22:37,957 basehttp 3652 17896 "GET /profile/ HTTP/1.1" 401 172
WARNING 2026-06-05 08:22:38,075 basehttp 3652 17896 "GET /profile/ HTTP/1.1" 401 172
INFO 2026-06-05 08:22:38,206 basehttp 3652 17896 "OPTIONS /auth/token/refresh/ HTTP/1.1" 200 0
WARNING 2026-06-05 08:22:38,830 basehttp 3652 14908 "POST /auth/token/refresh/ HTTP/1.1" 401 54
WARNING 2026-06-05 08:22:38,844 basehttp 3652 17896 "POST /auth/token/refresh/ HTTP/1.1" 401 54
WARNING 2026-06-05 08:22:41,056 basehttp 3652 12788 "GET /ws/notifications/?token=eyJhbGciOiJIUzI1NiIsInR5cCI6IkpXVCJ9.eyJ0b2tlbl90eXBlIjoiYWNjZXNzIiwiZXhwIjoxNzgwOTkzNzA0LCJpYXQiOjE3ODA1NjE3MDQsImp0aSI6ImY0Nzk4M2RlZWUzOTQ3OGRiMjIyMzE5ZWQ0NDYzY2ZiIiwidXNlcl9pZCI6IjMifQ.2Jw0cKQIV136ovC-V7bgqKYbuFAA9ksGwhwaeh88WpE HTTP/1.1" 404 9536
WARNING 2026-06-05 08:22:49,828 basehttp 3652 788 "GET /ws/notifications/?token=eyJhbGciOiJIUzI1NiIsInR5cCI6IkpXVCJ9.eyJ0b2tlbl90eXBlIjoiYWNjZXNzIiwiZXhwIjoxNzgwOTkzNzA0LCJpYXQiOjE3ODA1NjE3MDQsImp0aSI6ImY0Nzk4M2RlZWUzOTQ3OGRiMjIyMzE5ZWQ0NDYzY2ZiIiwidXNlcl9pZCI6IjMifQ.2Jw0cKQIV136ovC-V7bgqKYbuFAA9ksGwhwaeh88WpE HTTP/1.1" 404 9536
WARNING 2026-06-05 08:22:51,844 basehttp 3652 14412 "GET /ws/notifications/?token=eyJhbGciOiJIUzI1NiIsInR5cCI6IkpXVCJ9.eyJ0b2tlbl90eXBlIjoiYWNjZXNzIiwiZXhwIjoxNzgwOTkzNzA0LCJpYXQiOjE3ODA1NjE3MDQsImp0aSI6ImY0Nzk4M2RlZWUzOTQ3OGRiMjIyMzE5ZWQ0NDYzY2ZiIiwidXNlcl9pZCI6IjMifQ.2Jw0cKQIV136ovC-V7bgqKYbuFAA9ksGwhwaeh88WpE HTTP/1.1" 404 9536
INFO 2026-06-05 08:22:52,535 basehttp 3652 17896 "OPTIONS /auth/login/ HTTP/1.1" 200 0
WARNING 2026-06-05 08:22:58,659 basehttp 3652 17112 "GET /chat/unread-counts/ HTTP/1.1" 404 9304
WARNING 2026-06-05 08:22:58,681 basehttp 3652 12292 "GET /ws/notifications/?token=eyJhbGciOiJIUzI1NiIsInR5cCI6IkpXVCJ9.eyJ0b2tlbl90eXBlIjoiYWNjZXNzIiwiZXhwIjoxNzgwOTkzNzA0LCJpYXQiOjE3ODA1NjE3MDQsImp0aSI6ImY0Nzk4M2RlZWUzOTQ3OGRiMjIyMzE5ZWQ0NDYzY2ZiIiwidXNlcl9pZCI6IjMifQ.2Jw0cKQIV136ovC-V7bgqKYbuFAA9ksGwhwaeh88WpE HTTP/1.1" 404 9536
WARNING 2026-06-05 08:23:01,380 basehttp 3652 10684 "GET /ws/notifications/?token=eyJhbGciOiJIUzI1NiIsInR5cCI6IkpXVCJ9.eyJ0b2tlbl90eXBlIjoiYWNjZXNzIiwiZXhwIjoxNzgwOTkzNzA0LCJpYXQiOjE3ODA1NjE3MDQsImp0aSI6ImY0Nzk4M2RlZWUzOTQ3OGRiMjIyMzE5ZWQ0NDYzY2ZiIiwidXNlcl9pZCI6IjMifQ.2Jw0cKQIV136ovC-V7bgqKYbuFAA9ksGwhwaeh88WpE HTTP/1.1" 404 9536
INFO 2026-06-05 08:23:01,386 basehttp 3652 10684 - Broken pipe from ('127.0.0.1', 49784)
WARNING 2026-06-05 08:23:01,417 basehttp 3652 17896 "POST /auth/login/ HTTP/1.1" 401 70
WARNING 2026-06-05 08:23:02,823 basehttp 3652 11552 "GET /ws/notifications/?token=eyJhbGciOiJIUzI1NiIsInR5cCI6IkpXVCJ9.eyJ0b2tlbl90eXBlIjoiYWNjZXNzIiwiZXhwIjoxNzgwOTkzNzA0LCJpYXQiOjE3ODA1NjE3MDQsImp0aSI6ImY0Nzk4M2RlZWUzOTQ3OGRiMjIyMzE5ZWQ0NDYzY2ZiIiwidXNlcl9pZCI6IjMifQ.2Jw0cKQIV136ovC-V7bgqKYbuFAA9ksGwhwaeh88WpE HTTP/1.1" 404 9536
WARNING 2026-06-05 08:23:05,076 basehttp 3652 16960 "GET /ws/notifications/?token=eyJhbGciOiJIUzI1NiIsInR5cCI6IkpXVCJ9.eyJ0b2tlbl90eXBlIjoiYWNjZXNzIiwiZXhwIjoxNzgwOTkzNzA0LCJpYXQiOjE3ODA1NjE3MDQsImp0aSI6ImY0Nzk4M2RlZWUzOTQ3OGRiMjIyMzE5ZWQ0NDYzY2ZiIiwidXNlcl9pZCI6IjMifQ.2Jw0cKQIV136ovC-V7bgqKYbuFAA9ksGwhwaeh88WpE HTTP/1.1" 404 9536
INFO 2026-06-05 08:23:05,081 basehttp 3652 16960 - Broken pipe from ('127.0.0.1', 49790)
WARNING 2026-06-05 08:23:08,832 basehttp 3652 18176 "GET /ws/notifications/?token=eyJhbGciOiJIUzI1NiIsInR5cCI6IkpXVCJ9.eyJ0b2tlbl90eXBlIjoiYWNjZXNzIiwiZXhwIjoxNzgwOTkzNzA0LCJpYXQiOjE3ODA1NjE3MDQsImp0aSI6ImY0Nzk4M2RlZWUzOTQ3OGRiMjIyMzE5ZWQ0NDYzY2ZiIiwidXNlcl9pZCI6IjMifQ.2Jw0cKQIV136ovC-V7bgqKYbuFAA9ksGwhwaeh88WpE HTTP/1.1" 404 9536
WARNING 2026-06-05 08:23:10,991 basehttp 3652 16240 "GET /ws/notifications/?token=eyJhbGciOiJIUzI1NiIsInR5cCI6IkpXVCJ9.eyJ0b2tlbl90eXBlIjoiYWNjZXNzIiwiZXhwIjoxNzgwOTkzNzA0LCJpYXQiOjE3ODA1NjE3MDQsImp0aSI6ImY0Nzk4M2RlZWUzOTQ3OGRiMjIyMzE5ZWQ0NDYzY2ZiIiwidXNlcl9pZCI6IjMifQ.2Jw0cKQIV136ovC-V7bgqKYbuFAA9ksGwhwaeh88WpE HTTP/1.1" 404 9536
WARNING 2026-06-05 08:23:12,873 basehttp 3652 16008 "GET /ws/notifications/?token=eyJhbGciOiJIUzI1NiIsInR5cCI6IkpXVCJ9.eyJ0b2tlbl90eXBlIjoiYWNjZXNzIiwiZXhwIjoxNzgwOTkzNzA0LCJpYXQiOjE3ODA1NjE3MDQsImp0aSI6ImY0Nzk4M2RlZWUzOTQ3OGRiMjIyMzE5ZWQ0NDYzY2ZiIiwidXNlcl9pZCI6IjMifQ.2Jw0cKQIV136ovC-V7bgqKYbuFAA9ksGwhwaeh88WpE HTTP/1.1" 404 9536
WARNING 2026-06-05 08:23:14,946 basehttp 3652 14880 "GET /ws/notifications/?token=eyJhbGciOiJIUzI1NiIsInR5cCI6IkpXVCJ9.eyJ0b2tlbl90eXBlIjoiYWNjZXNzIiwiZXhwIjoxNzgwOTkzNzA0LCJpYXQiOjE3ODA1NjE3MDQsImp0aSI6ImY0Nzk4M2RlZWUzOTQ3OGRiMjIyMzE5ZWQ0NDYzY2ZiIiwidXNlcl9pZCI6IjMifQ.2Jw0cKQIV136ovC-V7bgqKYbuFAA9ksGwhwaeh88WpE HTTP/1.1" 404 9536
WARNING 2026-06-05 08:23:17,149 basehttp 3652 13940 "GET /ws/notifications/?token=eyJhbGciOiJIUzI1NiIsInR5cCI6IkpXVCJ9.eyJ0b2tlbl90eXBlIjoiYWNjZXNzIiwiZXhwIjoxNzgwOTkzNzA0LCJpYXQiOjE3ODA1NjE3MDQsImp0aSI6ImY0Nzk4M2RlZWUzOTQ3OGRiMjIyMzE5ZWQ0NDYzY2ZiIiwidXNlcl9pZCI6IjMifQ.2Jw0cKQIV136ovC-V7bgqKYbuFAA9ksGwhwaeh88WpE HTTP/1.1" 404 9536
WARNING 2026-06-05 08:23:19,441 basehttp 3652 5032 "GET /ws/notifications/?token=eyJhbGciOiJIUzI1NiIsInR5cCI6IkpXVCJ9.eyJ0b2tlbl90eXBlIjoiYWNjZXNzIiwiZXhwIjoxNzgwOTkzNzA0LCJpYXQiOjE3ODA1NjE3MDQsImp0aSI6ImY0Nzk4M2RlZWUzOTQ3OGRiMjIyMzE5ZWQ0NDYzY2ZiIiwidXNlcl9pZCI6IjMifQ.2Jw0cKQIV136ovC-V7bgqKYbuFAA9ksGwhwaeh88WpE HTTP/1.1" 404 9536
WARNING 2026-06-05 08:23:23,124 basehttp 3652 8556 "GET /ws/notifications/?token=eyJhbGciOiJIUzI1NiIsInR5cCI6IkpXVCJ9.eyJ0b2tlbl90eXBlIjoiYWNjZXNzIiwiZXhwIjoxNzgwOTkzNzA0LCJpYXQiOjE3ODA1NjE3MDQsImp0aSI6ImY0Nzk4M2RlZWUzOTQ3OGRiMjIyMzE5ZWQ0NDYzY2ZiIiwidXNlcl9pZCI6IjMifQ.2Jw0cKQIV136ovC-V7bgqKYbuFAA9ksGwhwaeh88WpE HTTP/1.1" 404 9536
WARNING 2026-06-05 08:23:25,574 basehttp 3652 9576 "GET /ws/notifications/?token=eyJhbGciOiJIUzI1NiIsInR5cCI6IkpXVCJ9.eyJ0b2tlbl90eXBlIjoiYWNjZXNzIiwiZXhwIjoxNzgwOTkzNzA0LCJpYXQiOjE3ODA1NjE3MDQsImp0aSI6ImY0Nzk4M2RlZWUzOTQ3OGRiMjIyMzE5ZWQ0NDYzY2ZiIiwidXNlcl9pZCI6IjMifQ.2Jw0cKQIV136ovC-V7bgqKYbuFAA9ksGwhwaeh88WpE HTTP/1.1" 404 9536
WARNING 2026-06-05 08:23:28,671 basehttp 3652 4176 "GET /ws/notifications/?token=eyJhbGciOiJIUzI1NiIsInR5cCI6IkpXVCJ9.eyJ0b2tlbl90eXBlIjoiYWNjZXNzIiwiZXhwIjoxNzgwOTkzNzA0LCJpYXQiOjE3ODA1NjE3MDQsImp0aSI6ImY0Nzk4M2RlZWUzOTQ3OGRiMjIyMzE5ZWQ0NDYzY2ZiIiwidXNlcl9pZCI6IjMifQ.2Jw0cKQIV136ovC-V7bgqKYbuFAA9ksGwhwaeh88WpE HTTP/1.1" 404 9536
INFO 2026-06-05 08:23:29,921 basehttp 3652 17896 - Broken pipe from ('127.0.0.1', 49718)
WARNING 2026-06-05 08:23:33,995 basehttp 3652 13236 "GET /ws/notifications/?token=eyJhbGciOiJIUzI1NiIsInR5cCI6IkpXVCJ9.eyJ0b2tlbl90eXBlIjoiYWNjZXNzIiwiZXhwIjoxNzgwOTkzNzA0LCJpYXQiOjE3ODA1NjE3MDQsImp0aSI6ImY0Nzk4M2RlZWUzOTQ3OGRiMjIyMzE5ZWQ0NDYzY2ZiIiwidXNlcl9pZCI6IjMifQ.2Jw0cKQIV136ovC-V7bgqKYbuFAA9ksGwhwaeh88WpE HTTP/1.1" 404 9536
WARNING 2026-06-05 08:23:39,203 basehttp 3652 16812 "GET /ws/notifications/?token=eyJhbGciOiJIUzI1NiIsInR5cCI6IkpXVCJ9.eyJ0b2tlbl90eXBlIjoiYWNjZXNzIiwiZXhwIjoxNzgwOTkzNzA0LCJpYXQiOjE3ODA1NjE3MDQsImp0aSI6ImY0Nzk4M2RlZWUzOTQ3OGRiMjIyMzE5ZWQ0NDYzY2ZiIiwidXNlcl9pZCI6IjMifQ.2Jw0cKQIV136ovC-V7bgqKYbuFAA9ksGwhwaeh88WpE HTTP/1.1" 404 9536
WARNING 2026-06-05 08:23:44,067 basehttp 3652 10632 "GET /ws/notifications/?token=eyJhbGciOiJIUzI1NiIsInR5cCI6IkpXVCJ9.eyJ0b2tlbl90eXBlIjoiYWNjZXNzIiwiZXhwIjoxNzgwOTkzNzA0LCJpYXQiOjE3ODA1NjE3MDQsImp0aSI6ImY0Nzk4M2RlZWUzOTQ3OGRiMjIyMzE5ZWQ0NDYzY2ZiIiwidXNlcl9pZCI6IjMifQ.2Jw0cKQIV136ovC-V7bgqKYbuFAA9ksGwhwaeh88WpE HTTP/1.1" 404 9536
WARNING 2026-06-05 08:23:49,730 basehttp 3652 12704 "GET /ws/notifications/?token=eyJhbGciOiJIUzI1NiIsInR5cCI6IkpXVCJ9.eyJ0b2tlbl90eXBlIjoiYWNjZXNzIiwiZXhwIjoxNzgwOTkzNzA0LCJpYXQiOjE3ODA1NjE3MDQsImp0aSI6ImY0Nzk4M2RlZWUzOTQ3OGRiMjIyMzE5ZWQ0NDYzY2ZiIiwidXNlcl9pZCI6IjMifQ.2Jw0cKQIV136ovC-V7bgqKYbuFAA9ksGwhwaeh88WpE HTTP/1.1" 404 9536
WARNING 2026-06-05 08:23:54,663 basehttp 3652 17188 "GET /ws/notifications/?token=eyJhbGciOiJIUzI1NiIsInR5cCI6IkpXVCJ9.eyJ0b2tlbl90eXBlIjoiYWNjZXNzIiwiZXhwIjoxNzgwOTkzNzA0LCJpYXQiOjE3ODA1NjE3MDQsImp0aSI6ImY0Nzk4M2RlZWUzOTQ3OGRiMjIyMzE5ZWQ0NDYzY2ZiIiwidXNlcl9pZCI6IjMifQ.2Jw0cKQIV136ovC-V7bgqKYbuFAA9ksGwhwaeh88WpE HTTP/1.1" 404 9536
WARNING 2026-06-05 08:23:56,068 basehttp 3652 17112 "GET /chat/unread-counts/ HTTP/1.1" 404 9304
WARNING 2026-06-05 08:23:58,691 basehttp 3652 12852 "GET /ws/notifications/?token=eyJhbGciOiJIUzI1NiIsInR5cCI6IkpXVCJ9.eyJ0b2tlbl90eXBlIjoiYWNjZXNzIiwiZXhwIjoxNzgwOTkzNzA0LCJpYXQiOjE3ODA1NjE3MDQsImp0aSI6ImY0Nzk4M2RlZWUzOTQ3OGRiMjIyMzE5ZWQ0NDYzY2ZiIiwidXNlcl9pZCI6IjMifQ.2Jw0cKQIV136ovC-V7bgqKYbuFAA9ksGwhwaeh88WpE HTTP/1.1" 404 9536
WARNING 2026-06-05 08:24:05,041 basehttp 3652 15052 "GET /ws/notifications/?token=eyJhbGciOiJIUzI1NiIsInR5cCI6IkpXVCJ9.eyJ0b2tlbl90eXBlIjoiYWNjZXNzIiwiZXhwIjoxNzgwOTkzNzA0LCJpYXQiOjE3ODA1NjE3MDQsImp0aSI6ImY0Nzk4M2RlZWUzOTQ3OGRiMjIyMzE5ZWQ0NDYzY2ZiIiwidXNlcl9pZCI6IjMifQ.2Jw0cKQIV136ovC-V7bgqKYbuFAA9ksGwhwaeh88WpE HTTP/1.1" 404 9536
WARNING 2026-06-05 08:24:10,097 basehttp 3652 16060 "GET /ws/notifications/?token=eyJhbGciOiJIUzI1NiIsInR5cCI6IkpXVCJ9.eyJ0b2tlbl90eXBlIjoiYWNjZXNzIiwiZXhwIjoxNzgwOTkzNzA0LCJpYXQiOjE3ODA1NjE3MDQsImp0aSI6ImY0Nzk4M2RlZWUzOTQ3OGRiMjIyMzE5ZWQ0NDYzY2ZiIiwidXNlcl9pZCI6IjMifQ.2Jw0cKQIV136ovC-V7bgqKYbuFAA9ksGwhwaeh88WpE HTTP/1.1" 404 9536
WARNING 2026-06-05 08:24:15,246 basehttp 3652 6100 "GET /ws/notifications/?token=eyJhbGciOiJIUzI1NiIsInR5cCI6IkpXVCJ9.eyJ0b2tlbl90eXBlIjoiYWNjZXNzIiwiZXhwIjoxNzgwOTkzNzA0LCJpYXQiOjE3ODA1NjE3MDQsImp0aSI6ImY0Nzk4M2RlZWUzOTQ3OGRiMjIyMzE5ZWQ0NDYzY2ZiIiwidXNlcl9pZCI6IjMifQ.2Jw0cKQIV136ovC-V7bgqKYbuFAA9ksGwhwaeh88WpE HTTP/1.1" 404 9536
WARNING 2026-06-05 08:24:16,792 basehttp 3652 11820 "GET /ws/notifications/?token=eyJhbGciOiJIUzI1NiIsInR5cCI6IkpXVCJ9.eyJ0b2tlbl90eXBlIjoiYWNjZXNzIiwiZXhwIjoxNzgwOTkzNzA0LCJpYXQiOjE3ODA1NjE3MDQsImp0aSI6ImY0Nzk4M2RlZWUzOTQ3OGRiMjIyMzE5ZWQ0NDYzY2ZiIiwidXNlcl9pZCI6IjMifQ.2Jw0cKQIV136ovC-V7bgqKYbuFAA9ksGwhwaeh88WpE HTTP/1.1" 404 9536
WARNING 2026-06-05 08:24:18,802 basehttp 3652 11432 "GET /ws/notifications/?token=eyJhbGciOiJIUzI1NiIsInR5cCI6IkpXVCJ9.eyJ0b2tlbl90eXBlIjoiYWNjZXNzIiwiZXhwIjoxNzgwOTkzNzA0LCJpYXQiOjE3ODA1NjE3MDQsImp0aSI6ImY0Nzk4M2RlZWUzOTQ3OGRiMjIyMzE5ZWQ0NDYzY2ZiIiwidXNlcl9pZCI6IjMifQ.2Jw0cKQIV136ovC-V7bgqKYbuFAA9ksGwhwaeh88WpE HTTP/1.1" 404 9536
WARNING 2026-06-05 08:24:21,505 basehttp 3652 12988 "GET /ws/notifications/?token=eyJhbGciOiJIUzI1NiIsInR5cCI6IkpXVCJ9.eyJ0b2tlbl90eXBlIjoiYWNjZXNzIiwiZXhwIjoxNzgwOTkzNzA0LCJpYXQiOjE3ODA1NjE3MDQsImp0aSI6ImY0Nzk4M2RlZWUzOTQ3OGRiMjIyMzE5ZWQ0NDYzY2ZiIiwidXNlcl9pZCI6IjMifQ.2Jw0cKQIV136ovC-V7bgqKYbuFAA9ksGwhwaeh88WpE HTTP/1.1" 404 9536
WARNING 2026-06-05 08:24:24,781 basehttp 3652 18136 "GET /ws/notifications/?token=eyJhbGciOiJIUzI1NiIsInR5cCI6IkpXVCJ9.eyJ0b2tlbl90eXBlIjoiYWNjZXNzIiwiZXhwIjoxNzgwOTkzNzA0LCJpYXQiOjE3ODA1NjE3MDQsImp0aSI6ImY0Nzk4M2RlZWUzOTQ3OGRiMjIyMzE5ZWQ0NDYzY2ZiIiwidXNlcl9pZCI6IjMifQ.2Jw0cKQIV136ovC-V7bgqKYbuFAA9ksGwhwaeh88WpE HTTP/1.1" 404 9536
WARNING 2026-06-05 08:25:31,547 basehttp 10232 18016 "GET /ws/notifications/?token=eyJhbGciOiJIUzI1NiIsInR5cCI6IkpXVCJ9.eyJ0b2tlbl90eXBlIjoiYWNjZXNzIiwiZXhwIjoxNzgwOTkzNzA0LCJpYXQiOjE3ODA1NjE3MDQsImp0aSI6ImY0Nzk4M2RlZWUzOTQ3OGRiMjIyMzE5ZWQ0NDYzY2ZiIiwidXNlcl9pZCI6IjMifQ.2Jw0cKQIV136ovC-V7bgqKYbuFAA9ksGwhwaeh88WpE HTTP/1.1" 404 9536
WARNING 2026-06-05 08:25:34,435 basehttp 10232 11408 "GET /ws/notifications/?token=eyJhbGciOiJIUzI1NiIsInR5cCI6IkpXVCJ9.eyJ0b2tlbl90eXBlIjoiYWNjZXNzIiwiZXhwIjoxNzgwOTkzNzA0LCJpYXQiOjE3ODA1NjE3MDQsImp0aSI6ImY0Nzk4M2RlZWUzOTQ3OGRiMjIyMzE5ZWQ0NDYzY2ZiIiwidXNlcl9pZCI6IjMifQ.2Jw0cKQIV136ovC-V7bgqKYbuFAA9ksGwhwaeh88WpE HTTP/1.1" 404 9536
WARNING 2026-06-05 08:25:40,454 basehttp 10232 18256 "GET /ws/notifications/?token=eyJhbGciOiJIUzI1NiIsInR5cCI6IkpXVCJ9.eyJ0b2tlbl90eXBlIjoiYWNjZXNzIiwiZXhwIjoxNzgwOTkzNzA0LCJpYXQiOjE3ODA1NjE3MDQsImp0aSI6ImY0Nzk4M2RlZWUzOTQ3OGRiMjIyMzE5ZWQ0NDYzY2ZiIiwidXNlcl9pZCI6IjMifQ.2Jw0cKQIV136ovC-V7bgqKYbuFAA9ksGwhwaeh88WpE HTTP/1.1" 404 9536
WARNING 2026-06-05 08:25:46,376 basehttp 10232 17552 "GET /ws/notifications/?token=eyJhbGciOiJIUzI1NiIsInR5cCI6IkpXVCJ9.eyJ0b2tlbl90eXBlIjoiYWNjZXNzIiwiZXhwIjoxNzgwOTkzNzA0LCJpYXQiOjE3ODA1NjE3MDQsImp0aSI6ImY0Nzk4M2RlZWUzOTQ3OGRiMjIyMzE5ZWQ0NDYzY2ZiIiwidXNlcl9pZCI6IjMifQ.2Jw0cKQIV136ovC-V7bgqKYbuFAA9ksGwhwaeh88WpE HTTP/1.1" 404 9536
WARNING 2026-06-05 08:25:51,433 basehttp 10232 12700 "GET /ws/notifications/?token=eyJhbGciOiJIUzI1NiIsInR5cCI6IkpXVCJ9.eyJ0b2tlbl90eXBlIjoiYWNjZXNzIiwiZXhwIjoxNzgwOTkzNzA0LCJpYXQiOjE3ODA1NjE3MDQsImp0aSI6ImY0Nzk4M2RlZWUzOTQ3OGRiMjIyMzE5ZWQ0NDYzY2ZiIiwidXNlcl9pZCI6IjMifQ.2Jw0cKQIV136ovC-V7bgqKYbuFAA9ksGwhwaeh88WpE HTTP/1.1" 404 9536
INFO 2026-06-05 08:25:52,217 basehttp 10232 3196 - Broken pipe from ('127.0.0.1', 49916)
WARNING 2026-06-05 08:25:55,774 basehttp 10232 15820 "GET /chat/unread-counts/ HTTP/1.1" 404 9304
WARNING 2026-06-05 08:25:55,983 basehttp 10232 17096 "GET /ws/notifications/?token=eyJhbGciOiJIUzI1NiIsInR5cCI6IkpXVCJ9.eyJ0b2tlbl90eXBlIjoiYWNjZXNzIiwiZXhwIjoxNzgwOTkzNzA0LCJpYXQiOjE3ODA1NjE3MDQsImp0aSI6ImY0Nzk4M2RlZWUzOTQ3OGRiMjIyMzE5ZWQ0NDYzY2ZiIiwidXNlcl9pZCI6IjMifQ.2Jw0cKQIV136ovC-V7bgqKYbuFAA9ksGwhwaeh88WpE HTTP/1.1" 404 9536
WARNING 2026-06-05 08:26:02,203 basehttp 10232 16544 "GET /ws/notifications/?token=eyJhbGciOiJIUzI1NiIsInR5cCI6IkpXVCJ9.eyJ0b2tlbl90eXBlIjoiYWNjZXNzIiwiZXhwIjoxNzgwOTkzNzA0LCJpYXQiOjE3ODA1NjE3MDQsImp0aSI6ImY0Nzk4M2RlZWUzOTQ3OGRiMjIyMzE5ZWQ0NDYzY2ZiIiwidXNlcl9pZCI6IjMifQ.2Jw0cKQIV136ovC-V7bgqKYbuFAA9ksGwhwaeh88WpE HTTP/1.1" 404 9536
WARNING 2026-06-05 08:26:07,393 basehttp 10232 10632 "GET /ws/notifications/?token=eyJhbGciOiJIUzI1NiIsInR5cCI6IkpXVCJ9.eyJ0b2tlbl90eXBlIjoiYWNjZXNzIiwiZXhwIjoxNzgwOTkzNzA0LCJpYXQiOjE3ODA1NjE3MDQsImp0aSI6ImY0Nzk4M2RlZWUzOTQ3OGRiMjIyMzE5ZWQ0NDYzY2ZiIiwidXNlcl9pZCI6IjMifQ.2Jw0cKQIV136ovC-V7bgqKYbuFAA9ksGwhwaeh88WpE HTTP/1.1" 404 9536
WARNING 2026-06-05 08:26:09,784 basehttp 10232 15188 "GET /ws/notifications/?token=eyJhbGciOiJIUzI1NiIsInR5cCI6IkpXVCJ9.eyJ0b2tlbl90eXBlIjoiYWNjZXNzIiwiZXhwIjoxNzgwOTkzNzA0LCJpYXQiOjE3ODA1NjE3MDQsImp0aSI6ImY0Nzk4M2RlZWUzOTQ3OGRiMjIyMzE5ZWQ0NDYzY2ZiIiwidXNlcl9pZCI6IjMifQ.2Jw0cKQIV136ovC-V7bgqKYbuFAA9ksGwhwaeh88WpE HTTP/1.1" 404 9536
WARNING 2026-06-05 08:26:14,209 basehttp 10232 12216 "GET /ws/notifications/?token=eyJhbGciOiJIUzI1NiIsInR5cCI6IkpXVCJ9.eyJ0b2tlbl90eXBlIjoiYWNjZXNzIiwiZXhwIjoxNzgwOTkzNzA0LCJpYXQiOjE3ODA1NjE3MDQsImp0aSI6ImY0Nzk4M2RlZWUzOTQ3OGRiMjIyMzE5ZWQ0NDYzY2ZiIiwidXNlcl9pZCI6IjMifQ.2Jw0cKQIV136ovC-V7bgqKYbuFAA9ksGwhwaeh88WpE HTTP/1.1" 404 9536
WARNING 2026-06-05 08:26:21,357 basehttp 10232 1648 "GET /ws/notifications/?token=eyJhbGciOiJIUzI1NiIsInR5cCI6IkpXVCJ9.eyJ0b2tlbl90eXBlIjoiYWNjZXNzIiwiZXhwIjoxNzgwOTkzNzA0LCJpYXQiOjE3ODA1NjE3MDQsImp0aSI6ImY0Nzk4M2RlZWUzOTQ3OGRiMjIyMzE5ZWQ0NDYzY2ZiIiwidXNlcl9pZCI6IjMifQ.2Jw0cKQIV136ovC-V7bgqKYbuFAA9ksGwhwaeh88WpE HTTP/1.1" 404 9536
WARNING 2026-06-05 08:26:25,437 basehttp 10232 17432 "GET /ws/notifications/?token=eyJhbGciOiJIUzI1NiIsInR5cCI6IkpXVCJ9.eyJ0b2tlbl90eXBlIjoiYWNjZXNzIiwiZXhwIjoxNzgwOTkzNzA0LCJpYXQiOjE3ODA1NjE3MDQsImp0aSI6ImY0Nzk4M2RlZWUzOTQ3OGRiMjIyMzE5ZWQ0NDYzY2ZiIiwidXNlcl9pZCI6IjMifQ.2Jw0cKQIV136ovC-V7bgqKYbuFAA9ksGwhwaeh88WpE HTTP/1.1" 404 9536
WARNING 2026-06-05 08:26:32,733 basehttp 10232 17188 "GET /ws/notifications/?token=eyJhbGciOiJIUzI1NiIsInR5cCI6IkpXVCJ9.eyJ0b2tlbl90eXBlIjoiYWNjZXNzIiwiZXhwIjoxNzgwOTkzNzA0LCJpYXQiOjE3ODA1NjE3MDQsImp0aSI6ImY0Nzk4M2RlZWUzOTQ3OGRiMjIyMzE5ZWQ0NDYzY2ZiIiwidXNlcl9pZCI6IjMifQ.2Jw0cKQIV136ovC-V7bgqKYbuFAA9ksGwhwaeh88WpE HTTP/1.1" 404 9536
WARNING 2026-06-05 08:26:36,288 basehttp 10232 12540 "GET /ws/notifications/?token=eyJhbGciOiJIUzI1NiIsInR5cCI6IkpXVCJ9.eyJ0b2tlbl90eXBlIjoiYWNjZXNzIiwiZXhwIjoxNzgwOTkzNzA0LCJpYXQiOjE3ODA1NjE3MDQsImp0aSI6ImY0Nzk4M2RlZWUzOTQ3OGRiMjIyMzE5ZWQ0NDYzY2ZiIiwidXNlcl9pZCI6IjMifQ.2Jw0cKQIV136ovC-V7bgqKYbuFAA9ksGwhwaeh88WpE HTTP/1.1" 404 9536
WARNING 2026-06-05 08:26:39,853 basehttp 10232 16940 "GET /ws/notifications/?token=eyJhbGciOiJIUzI1NiIsInR5cCI6IkpXVCJ9.eyJ0b2tlbl90eXBlIjoiYWNjZXNzIiwiZXhwIjoxNzgwOTkzNzA0LCJpYXQiOjE3ODA1NjE3MDQsImp0aSI6ImY0Nzk4M2RlZWUzOTQ3OGRiMjIyMzE5ZWQ0NDYzY2ZiIiwidXNlcl9pZCI6IjMifQ.2Jw0cKQIV136ovC-V7bgqKYbuFAA9ksGwhwaeh88WpE HTTP/1.1" 404 9536
WARNING 2026-06-05 08:26:45,441 basehttp 10232 16120 "GET /ws/notifications/?token=eyJhbGciOiJIUzI1NiIsInR5cCI6IkpXVCJ9.eyJ0b2tlbl90eXBlIjoiYWNjZXNzIiwiZXhwIjoxNzgwOTkzNzA0LCJpYXQiOjE3ODA1NjE3MDQsImp0aSI6ImY0Nzk4M2RlZWUzOTQ3OGRiMjIyMzE5ZWQ0NDYzY2ZiIiwidXNlcl9pZCI6IjMifQ.2Jw0cKQIV136ovC-V7bgqKYbuFAA9ksGwhwaeh88WpE HTTP/1.1" 404 9536
WARNING 2026-06-05 08:26:49,202 basehttp 10232 14692 "GET /ws/notifications/?token=eyJhbGciOiJIUzI1NiIsInR5cCI6IkpXVCJ9.eyJ0b2tlbl90eXBlIjoiYWNjZXNzIiwiZXhwIjoxNzgwOTkzNzA0LCJpYXQiOjE3ODA1NjE3MDQsImp0aSI6ImY0Nzk4M2RlZWUzOTQ3OGRiMjIyMzE5ZWQ0NDYzY2ZiIiwidXNlcl9pZCI6IjMifQ.2Jw0cKQIV136ovC-V7bgqKYbuFAA9ksGwhwaeh88WpE HTTP/1.1" 404 9536
WARNING 2026-06-05 08:26:53,987 basehttp 10232 6612 "GET /ws/notifications/?token=eyJhbGciOiJIUzI1NiIsInR5cCI6IkpXVCJ9.eyJ0b2tlbl90eXBlIjoiYWNjZXNzIiwiZXhwIjoxNzgwOTkzNzA0LCJpYXQiOjE3ODA1NjE3MDQsImp0aSI6ImY0Nzk4M2RlZWUzOTQ3OGRiMjIyMzE5ZWQ0NDYzY2ZiIiwidXNlcl9pZCI6IjMifQ.2Jw0cKQIV136ovC-V7bgqKYbuFAA9ksGwhwaeh88WpE HTTP/1.1" 404 9536
WARNING 2026-06-05 08:26:56,501 basehttp 10232 15820 "GET /chat/unread-counts/ HTTP/1.1" 404 9304
WARNING 2026-06-05 08:27:01,083 basehttp 10232 13972 "GET /ws/notifications/?token=eyJhbGciOiJIUzI1NiIsInR5cCI6IkpXVCJ9.eyJ0b2tlbl90eXBlIjoiYWNjZXNzIiwiZXhwIjoxNzgwOTkzNzA0LCJpYXQiOjE3ODA1NjE3MDQsImp0aSI6ImY0Nzk4M2RlZWUzOTQ3OGRiMjIyMzE5ZWQ0NDYzY2ZiIiwidXNlcl9pZCI6IjMifQ.2Jw0cKQIV136ovC-V7bgqKYbuFAA9ksGwhwaeh88WpE HTTP/1.1" 404 9536
WARNING 2026-06-05 08:27:06,313 basehttp 10232 10356 "GET /ws/notifications/?token=eyJhbGciOiJIUzI1NiIsInR5cCI6IkpXVCJ9.eyJ0b2tlbl90eXBlIjoiYWNjZXNzIiwiZXhwIjoxNzgwOTkzNzA0LCJpYXQiOjE3ODA1NjE3MDQsImp0aSI6ImY0Nzk4M2RlZWUzOTQ3OGRiMjIyMzE5ZWQ0NDYzY2ZiIiwidXNlcl9pZCI6IjMifQ.2Jw0cKQIV136ovC-V7bgqKYbuFAA9ksGwhwaeh88WpE HTTP/1.1" 404 9536
INFO 2026-06-05 08:27:06,322 basehttp 10232 10356 - Broken pipe from ('127.0.0.1', 49979)
WARNING 2026-06-05 08:27:13,302 basehttp 10232 11136 "GET /ws/notifications/?token=eyJhbGciOiJIUzI1NiIsInR5cCI6IkpXVCJ9.eyJ0b2tlbl90eXBlIjoiYWNjZXNzIiwiZXhwIjoxNzgwOTkzNzA0LCJpYXQiOjE3ODA1NjE3MDQsImp0aSI6ImY0Nzk4M2RlZWUzOTQ3OGRiMjIyMzE5ZWQ0NDYzY2ZiIiwidXNlcl9pZCI6IjMifQ.2Jw0cKQIV136ovC-V7bgqKYbuFAA9ksGwhwaeh88WpE HTTP/1.1" 404 9536
WARNING 2026-06-05 08:27:20,535 basehttp 10232 12812 "GET /ws/notifications/?token=eyJhbGciOiJIUzI1NiIsInR5cCI6IkpXVCJ9.eyJ0b2tlbl90eXBlIjoiYWNjZXNzIiwiZXhwIjoxNzgwOTkzNzA0LCJpYXQiOjE3ODA1NjE3MDQsImp0aSI6ImY0Nzk4M2RlZWUzOTQ3OGRiMjIyMzE5ZWQ0NDYzY2ZiIiwidXNlcl9pZCI6IjMifQ.2Jw0cKQIV136ovC-V7bgqKYbuFAA9ksGwhwaeh88WpE HTTP/1.1" 404 9536
WARNING 2026-06-05 08:27:23,807 basehttp 10232 12988 "GET /ws/notifications/?token=eyJhbGciOiJIUzI1NiIsInR5cCI6IkpXVCJ9.eyJ0b2tlbl90eXBlIjoiYWNjZXNzIiwiZXhwIjoxNzgwOTkzNzA0LCJpYXQiOjE3ODA1NjE3MDQsImp0aSI6ImY0Nzk4M2RlZWUzOTQ3OGRiMjIyMzE5ZWQ0NDYzY2ZiIiwidXNlcl9pZCI6IjMifQ.2Jw0cKQIV136ovC-V7bgqKYbuFAA9ksGwhwaeh88WpE HTTP/1.1" 404 9536
WARNING 2026-06-05 08:27:27,392 basehttp 10232 13016 "GET /ws/notifications/?token=eyJhbGciOiJIUzI1NiIsInR5cCI6IkpXVCJ9.eyJ0b2tlbl90eXBlIjoiYWNjZXNzIiwiZXhwIjoxNzgwOTkzNzA0LCJpYXQiOjE3ODA1NjE3MDQsImp0aSI6ImY0Nzk4M2RlZWUzOTQ3OGRiMjIyMzE5ZWQ0NDYzY2ZiIiwidXNlcl9pZCI6IjMifQ.2Jw0cKQIV136ovC-V7bgqKYbuFAA9ksGwhwaeh88WpE HTTP/1.1" 404 9536
WARNING 2026-06-05 08:27:33,068 basehttp 10232 15524 "GET /ws/notifications/?token=eyJhbGciOiJIUzI1NiIsInR5cCI6IkpXVCJ9.eyJ0b2tlbl90eXBlIjoiYWNjZXNzIiwiZXhwIjoxNzgwOTkzNzA0LCJpYXQiOjE3ODA1NjE3MDQsImp0aSI6ImY0Nzk4M2RlZWUzOTQ3OGRiMjIyMzE5ZWQ0NDYzY2ZiIiwidXNlcl9pZCI6IjMifQ.2Jw0cKQIV136ovC-V7bgqKYbuFAA9ksGwhwaeh88WpE HTTP/1.1" 404 9536
WARNING 2026-06-05 08:27:36,091 basehttp 10232 552 "GET /ws/notifications/?token=eyJhbGciOiJIUzI1NiIsInR5cCI6IkpXVCJ9.eyJ0b2tlbl90eXBlIjoiYWNjZXNzIiwiZXhwIjoxNzgwOTkzNzA0LCJpYXQiOjE3ODA1NjE3MDQsImp0aSI6ImY0Nzk4M2RlZWUzOTQ3OGRiMjIyMzE5ZWQ0NDYzY2ZiIiwidXNlcl9pZCI6IjMifQ.2Jw0cKQIV136ovC-V7bgqKYbuFAA9ksGwhwaeh88WpE HTTP/1.1" 404 9536
WARNING 2026-06-05 08:27:41,588 basehttp 10232 3652 "GET /ws/notifications/?token=eyJhbGciOiJIUzI1NiIsInR5cCI6IkpXVCJ9.eyJ0b2tlbl90eXBlIjoiYWNjZXNzIiwiZXhwIjoxNzgwOTkzNzA0LCJpYXQiOjE3ODA1NjE3MDQsImp0aSI6ImY0Nzk4M2RlZWUzOTQ3OGRiMjIyMzE5ZWQ0NDYzY2ZiIiwidXNlcl9pZCI6IjMifQ.2Jw0cKQIV136ovC-V7bgqKYbuFAA9ksGwhwaeh88WpE HTTP/1.1" 404 9536
WARNING 2026-06-05 08:27:47,653 basehttp 10232 2704 "GET /ws/notifications/?token=eyJhbGciOiJIUzI1NiIsInR5cCI6IkpXVCJ9.eyJ0b2tlbl90eXBlIjoiYWNjZXNzIiwiZXhwIjoxNzgwOTkzNzA0LCJpYXQiOjE3ODA1NjE3MDQsImp0aSI6ImY0Nzk4M2RlZWUzOTQ3OGRiMjIyMzE5ZWQ0NDYzY2ZiIiwidXNlcl9pZCI6IjMifQ.2Jw0cKQIV136ovC-V7bgqKYbuFAA9ksGwhwaeh88WpE HTTP/1.1" 404 9536
WARNING 2026-06-05 08:27:51,184 basehttp 10232 4380 "GET /ws/notifications/?token=eyJhbGciOiJIUzI1NiIsInR5cCI6IkpXVCJ9.eyJ0b2tlbl90eXBlIjoiYWNjZXNzIiwiZXhwIjoxNzgwOTkzNzA0LCJpYXQiOjE3ODA1NjE3MDQsImp0aSI6ImY0Nzk4M2RlZWUzOTQ3OGRiMjIyMzE5ZWQ0NDYzY2ZiIiwidXNlcl9pZCI6IjMifQ.2Jw0cKQIV136ovC-V7bgqKYbuFAA9ksGwhwaeh88WpE HTTP/1.1" 404 9536
WARNING 2026-06-05 08:27:55,593 basehttp 10232 15072 "GET /ws/notifications/?token=eyJhbGciOiJIUzI1NiIsInR5cCI6IkpXVCJ9.eyJ0b2tlbl90eXBlIjoiYWNjZXNzIiwiZXhwIjoxNzgwOTkzNzA0LCJpYXQiOjE3ODA1NjE3MDQsImp0aSI6ImY0Nzk4M2RlZWUzOTQ3OGRiMjIyMzE5ZWQ0NDYzY2ZiIiwidXNlcl9pZCI6IjMifQ.2Jw0cKQIV136ovC-V7bgqKYbuFAA9ksGwhwaeh88WpE HTTP/1.1" 404 9536
WARNING 2026-06-05 08:27:55,838 basehttp 10232 15820 "GET /chat/unread-counts/ HTTP/1.1" 404 9304
WARNING 2026-06-05 08:27:59,072 basehttp 10232 14140 "GET /ws/notifications/?token=eyJhbGciOiJIUzI1NiIsInR5cCI6IkpXVCJ9.eyJ0b2tlbl90eXBlIjoiYWNjZXNzIiwiZXhwIjoxNzgwOTkzNzA0LCJpYXQiOjE3ODA1NjE3MDQsImp0aSI6ImY0Nzk4M2RlZWUzOTQ3OGRiMjIyMzE5ZWQ0NDYzY2ZiIiwidXNlcl9pZCI6IjMifQ.2Jw0cKQIV136ovC-V7bgqKYbuFAA9ksGwhwaeh88WpE HTTP/1.1" 404 9536
WARNING 2026-06-05 08:28:03,854 basehttp 10232 17128 "GET /ws/notifications/?token=eyJhbGciOiJIUzI1NiIsInR5cCI6IkpXVCJ9.eyJ0b2tlbl90eXBlIjoiYWNjZXNzIiwiZXhwIjoxNzgwOTkzNzA0LCJpYXQiOjE3ODA1NjE3MDQsImp0aSI6ImY0Nzk4M2RlZWUzOTQ3OGRiMjIyMzE5ZWQ0NDYzY2ZiIiwidXNlcl9pZCI6IjMifQ.2Jw0cKQIV136ovC-V7bgqKYbuFAA9ksGwhwaeh88WpE HTTP/1.1" 404 9536
WARNING 2026-06-05 08:28:07,604 basehttp 10232 5908 "GET /ws/notifications/?token=eyJhbGciOiJIUzI1NiIsInR5cCI6IkpXVCJ9.eyJ0b2tlbl90eXBlIjoiYWNjZXNzIiwiZXhwIjoxNzgwOTkzNzA0LCJpYXQiOjE3ODA1NjE3MDQsImp0aSI6ImY0Nzk4M2RlZWUzOTQ3OGRiMjIyMzE5ZWQ0NDYzY2ZiIiwidXNlcl9pZCI6IjMifQ.2Jw0cKQIV136ovC-V7bgqKYbuFAA9ksGwhwaeh88WpE HTTP/1.1" 404 9536
WARNING 2026-06-05 08:28:11,683 basehttp 10232 15536 "GET /ws/notifications/?token=eyJhbGciOiJIUzI1NiIsInR5cCI6IkpXVCJ9.eyJ0b2tlbl90eXBlIjoiYWNjZXNzIiwiZXhwIjoxNzgwOTkzNzA0LCJpYXQiOjE3ODA1NjE3MDQsImp0aSI6ImY0Nzk4M2RlZWUzOTQ3OGRiMjIyMzE5ZWQ0NDYzY2ZiIiwidXNlcl9pZCI6IjMifQ.2Jw0cKQIV136ovC-V7bgqKYbuFAA9ksGwhwaeh88WpE HTTP/1.1" 404 9536
WARNING 2026-06-05 08:28:14,985 basehttp 10232 17892 "GET /ws/notifications/?token=eyJhbGciOiJIUzI1NiIsInR5cCI6IkpXVCJ9.eyJ0b2tlbl90eXBlIjoiYWNjZXNzIiwiZXhwIjoxNzgwOTkzNzA0LCJpYXQiOjE3ODA1NjE3MDQsImp0aSI6ImY0Nzk4M2RlZWUzOTQ3OGRiMjIyMzE5ZWQ0NDYzY2ZiIiwidXNlcl9pZCI6IjMifQ.2Jw0cKQIV136ovC-V7bgqKYbuFAA9ksGwhwaeh88WpE HTTP/1.1" 404 9536
WARNING 2026-06-05 08:28:21,167 basehttp 10232 16508 "GET /ws/notifications/?token=eyJhbGciOiJIUzI1NiIsInR5cCI6IkpXVCJ9.eyJ0b2tlbl90eXBlIjoiYWNjZXNzIiwiZXhwIjoxNzgwOTkzNzA0LCJpYXQiOjE3ODA1NjE3MDQsImp0aSI6ImY0Nzk4M2RlZWUzOTQ3OGRiMjIyMzE5ZWQ0NDYzY2ZiIiwidXNlcl9pZCI6IjMifQ.2Jw0cKQIV136ovC-V7bgqKYbuFAA9ksGwhwaeh88WpE HTTP/1.1" 404 9536
WARNING 2026-06-05 08:28:26,845 basehttp 10232 6552 "GET /ws/notifications/?token=eyJhbGciOiJIUzI1NiIsInR5cCI6IkpXVCJ9.eyJ0b2tlbl90eXBlIjoiYWNjZXNzIiwiZXhwIjoxNzgwOTkzNzA0LCJpYXQiOjE3ODA1NjE3MDQsImp0aSI6ImY0Nzk4M2RlZWUzOTQ3OGRiMjIyMzE5ZWQ0NDYzY2ZiIiwidXNlcl9pZCI6IjMifQ.2Jw0cKQIV136ovC-V7bgqKYbuFAA9ksGwhwaeh88WpE HTTP/1.1" 404 9536
WARNING 2026-06-05 08:28:31,472 basehttp 10232 10780 "GET /ws/notifications/?token=eyJhbGciOiJIUzI1NiIsInR5cCI6IkpXVCJ9.eyJ0b2tlbl90eXBlIjoiYWNjZXNzIiwiZXhwIjoxNzgwOTkzNzA0LCJpYXQiOjE3ODA1NjE3MDQsImp0aSI6ImY0Nzk4M2RlZWUzOTQ3OGRiMjIyMzE5ZWQ0NDYzY2ZiIiwidXNlcl9pZCI6IjMifQ.2Jw0cKQIV136ovC-V7bgqKYbuFAA9ksGwhwaeh88WpE HTTP/1.1" 404 9536
WARNING 2026-06-05 08:28:34,759 basehttp 10232 5380 "GET /ws/notifications/?token=eyJhbGciOiJIUzI1NiIsInR5cCI6IkpXVCJ9.eyJ0b2tlbl90eXBlIjoiYWNjZXNzIiwiZXhwIjoxNzgwOTkzNzA0LCJpYXQiOjE3ODA1NjE3MDQsImp0aSI6ImY0Nzk4M2RlZWUzOTQ3OGRiMjIyMzE5ZWQ0NDYzY2ZiIiwidXNlcl9pZCI6IjMifQ.2Jw0cKQIV136ovC-V7bgqKYbuFAA9ksGwhwaeh88WpE HTTP/1.1" 404 9536
WARNING 2026-06-05 08:28:37,828 basehttp 10232 13200 "GET /ws/notifications/?token=eyJhbGciOiJIUzI1NiIsInR5cCI6IkpXVCJ9.eyJ0b2tlbl90eXBlIjoiYWNjZXNzIiwiZXhwIjoxNzgwOTkzNzA0LCJpYXQiOjE3ODA1NjE3MDQsImp0aSI6ImY0Nzk4M2RlZWUzOTQ3OGRiMjIyMzE5ZWQ0NDYzY2ZiIiwidXNlcl9pZCI6IjMifQ.2Jw0cKQIV136ovC-V7bgqKYbuFAA9ksGwhwaeh88WpE HTTP/1.1" 404 9536
WARNING 2026-06-05 08:28:40,948 basehttp 10232 9344 "GET /ws/notifications/?token=eyJhbGciOiJIUzI1NiIsInR5cCI6IkpXVCJ9.eyJ0b2tlbl90eXBlIjoiYWNjZXNzIiwiZXhwIjoxNzgwOTkzNzA0LCJpYXQiOjE3ODA1NjE3MDQsImp0aSI6ImY0Nzk4M2RlZWUzOTQ3OGRiMjIyMzE5ZWQ0NDYzY2ZiIiwidXNlcl9pZCI6IjMifQ.2Jw0cKQIV136ovC-V7bgqKYbuFAA9ksGwhwaeh88WpE HTTP/1.1" 404 9536
WARNING 2026-06-05 08:28:47,547 basehttp 10232 15272 "GET /ws/notifications/?token=eyJhbGciOiJIUzI1NiIsInR5cCI6IkpXVCJ9.eyJ0b2tlbl90eXBlIjoiYWNjZXNzIiwiZXhwIjoxNzgwOTkzNzA0LCJpYXQiOjE3ODA1NjE3MDQsImp0aSI6ImY0Nzk4M2RlZWUzOTQ3OGRiMjIyMzE5ZWQ0NDYzY2ZiIiwidXNlcl9pZCI6IjMifQ.2Jw0cKQIV136ovC-V7bgqKYbuFAA9ksGwhwaeh88WpE HTTP/1.1" 404 9536
WARNING 2026-06-05 08:28:51,241 basehttp 10232 15740 "GET /ws/notifications/?token=eyJhbGciOiJIUzI1NiIsInR5cCI6IkpXVCJ9.eyJ0b2tlbl90eXBlIjoiYWNjZXNzIiwiZXhwIjoxNzgwOTkzNzA0LCJpYXQiOjE3ODA1NjE3MDQsImp0aSI6ImY0Nzk4M2RlZWUzOTQ3OGRiMjIyMzE5ZWQ0NDYzY2ZiIiwidXNlcl9pZCI6IjMifQ.2Jw0cKQIV136ovC-V7bgqKYbuFAA9ksGwhwaeh88WpE HTTP/1.1" 404 9536
INFO 2026-06-05 08:28:51,244 basehttp 10232 15740 - Broken pipe from ('127.0.0.1', 50060)
WARNING 2026-06-05 08:28:54,633 basehttp 10232 11488 "GET /ws/notifications/?token=eyJhbGciOiJIUzI1NiIsInR5cCI6IkpXVCJ9.eyJ0b2tlbl90eXBlIjoiYWNjZXNzIiwiZXhwIjoxNzgwOTkzNzA0LCJpYXQiOjE3ODA1NjE3MDQsImp0aSI6ImY0Nzk4M2RlZWUzOTQ3OGRiMjIyMzE5ZWQ0NDYzY2ZiIiwidXNlcl9pZCI6IjMifQ.2Jw0cKQIV136ovC-V7bgqKYbuFAA9ksGwhwaeh88WpE HTTP/1.1" 404 9536
WARNING 2026-06-05 08:28:55,816 basehttp 10232 15820 "GET /chat/unread-counts/ HTTP/1.1" 404 9304
WARNING 2026-06-05 08:28:59,149 basehttp 10232 3900 "GET /ws/notifications/?token=eyJhbGciOiJIUzI1NiIsInR5cCI6IkpXVCJ9.eyJ0b2tlbl90eXBlIjoiYWNjZXNzIiwiZXhwIjoxNzgwOTkzNzA0LCJpYXQiOjE3ODA1NjE3MDQsImp0aSI6ImY0Nzk4M2RlZWUzOTQ3OGRiMjIyMzE5ZWQ0NDYzY2ZiIiwidXNlcl9pZCI6IjMifQ.2Jw0cKQIV136ovC-V7bgqKYbuFAA9ksGwhwaeh88WpE HTTP/1.1" 404 9536
WARNING 2026-06-05 08:29:04,303 basehttp 10232 14452 "GET /ws/notifications/?token=eyJhbGciOiJIUzI1NiIsInR5cCI6IkpXVCJ9.eyJ0b2tlbl90eXBlIjoiYWNjZXNzIiwiZXhwIjoxNzgwOTkzNzA0LCJpYXQiOjE3ODA1NjE3MDQsImp0aSI6ImY0Nzk4M2RlZWUzOTQ3OGRiMjIyMzE5ZWQ0NDYzY2ZiIiwidXNlcl9pZCI6IjMifQ.2Jw0cKQIV136ovC-V7bgqKYbuFAA9ksGwhwaeh88WpE HTTP/1.1" 404 9536
INFO 2026-06-05 08:29:04,319 basehttp 10232 14452 - Broken pipe from ('127.0.0.1', 50070)
WARNING 2026-06-05 08:29:10,421 basehttp 10232 15852 "GET /ws/notifications/?token=eyJhbGciOiJIUzI1NiIsInR5cCI6IkpXVCJ9.eyJ0b2tlbl90eXBlIjoiYWNjZXNzIiwiZXhwIjoxNzgwOTkzNzA0LCJpYXQiOjE3ODA1NjE3MDQsImp0aSI6ImY0Nzk4M2RlZWUzOTQ3OGRiMjIyMzE5ZWQ0NDYzY2ZiIiwidXNlcl9pZCI6IjMifQ.2Jw0cKQIV136ovC-V7bgqKYbuFAA9ksGwhwaeh88WpE HTTP/1.1" 404 9536
WARNING 2026-06-05 08:29:17,403 basehttp 10232 464 "GET /ws/notifications/?token=eyJhbGciOiJIUzI1NiIsInR5cCI6IkpXVCJ9.eyJ0b2tlbl90eXBlIjoiYWNjZXNzIiwiZXhwIjoxNzgwOTkzNzA0LCJpYXQiOjE3ODA1NjE3MDQsImp0aSI6ImY0Nzk4M2RlZWUzOTQ3OGRiMjIyMzE5ZWQ0NDYzY2ZiIiwidXNlcl9pZCI6IjMifQ.2Jw0cKQIV136ovC-V7bgqKYbuFAA9ksGwhwaeh88WpE HTTP/1.1" 404 9536
WARNING 2026-06-05 08:29:27,522 basehttp 10232 4356 "GET /ws/notifications/?token=eyJhbGciOiJIUzI1NiIsInR5cCI6IkpXVCJ9.eyJ0b2tlbl90eXBlIjoiYWNjZXNzIiwiZXhwIjoxNzgwOTkzNzA0LCJpYXQiOjE3ODA1NjE3MDQsImp0aSI6ImY0Nzk4M2RlZWUzOTQ3OGRiMjIyMzE5ZWQ0NDYzY2ZiIiwidXNlcl9pZCI6IjMifQ.2Jw0cKQIV136ovC-V7bgqKYbuFAA9ksGwhwaeh88WpE HTTP/1.1" 404 9536
WARNING 2026-06-05 08:29:31,426 basehttp 10232 13940 "GET /ws/notifications/?token=eyJhbGciOiJIUzI1NiIsInR5cCI6IkpXVCJ9.eyJ0b2tlbl90eXBlIjoiYWNjZXNzIiwiZXhwIjoxNzgwOTkzNzA0LCJpYXQiOjE3ODA1NjE3MDQsImp0aSI6ImY0Nzk4M2RlZWUzOTQ3OGRiMjIyMzE5ZWQ0NDYzY2ZiIiwidXNlcl9pZCI6IjMifQ.2Jw0cKQIV136ovC-V7bgqKYbuFAA9ksGwhwaeh88WpE HTTP/1.1" 404 9536
WARNING 2026-06-05 08:29:37,051 basehttp 10232 12408 "GET /ws/notifications/?token=eyJhbGciOiJIUzI1NiIsInR5cCI6IkpXVCJ9.eyJ0b2tlbl90eXBlIjoiYWNjZXNzIiwiZXhwIjoxNzgwOTkzNzA0LCJpYXQiOjE3ODA1NjE3MDQsImp0aSI6ImY0Nzk4M2RlZWUzOTQ3OGRiMjIyMzE5ZWQ0NDYzY2ZiIiwidXNlcl9pZCI6IjMifQ.2Jw0cKQIV136ovC-V7bgqKYbuFAA9ksGwhwaeh88WpE HTTP/1.1" 404 9536
WARNING 2026-06-05 08:29:40,633 basehttp 10232 18380 "GET /ws/notifications/?token=eyJhbGciOiJIUzI1NiIsInR5cCI6IkpXVCJ9.eyJ0b2tlbl90eXBlIjoiYWNjZXNzIiwiZXhwIjoxNzgwOTkzNzA0LCJpYXQiOjE3ODA1NjE3MDQsImp0aSI6ImY0Nzk4M2RlZWUzOTQ3OGRiMjIyMzE5ZWQ0NDYzY2ZiIiwidXNlcl9pZCI6IjMifQ.2Jw0cKQIV136ovC-V7bgqKYbuFAA9ksGwhwaeh88WpE HTTP/1.1" 404 9536
WARNING 2026-06-05 08:29:46,547 basehttp 10232 12372 "GET /ws/notifications/?token=eyJhbGciOiJIUzI1NiIsInR5cCI6IkpXVCJ9.eyJ0b2tlbl90eXBlIjoiYWNjZXNzIiwiZXhwIjoxNzgwOTkzNzA0LCJpYXQiOjE3ODA1NjE3MDQsImp0aSI6ImY0Nzk4M2RlZWUzOTQ3OGRiMjIyMzE5ZWQ0NDYzY2ZiIiwidXNlcl9pZCI6IjMifQ.2Jw0cKQIV136ovC-V7bgqKYbuFAA9ksGwhwaeh88WpE HTTP/1.1" 404 9536
INFO 2026-06-05 08:29:46,558 basehttp 10232 12372 - Broken pipe from ('127.0.0.1', 50100)
WARNING 2026-06-05 08:29:52,676 basehttp 10232 12940 "GET /ws/notifications/?token=eyJhbGciOiJIUzI1NiIsInR5cCI6IkpXVCJ9.eyJ0b2tlbl90eXBlIjoiYWNjZXNzIiwiZXhwIjoxNzgwOTkzNzA0LCJpYXQiOjE3ODA1NjE3MDQsImp0aSI6ImY0Nzk4M2RlZWUzOTQ3OGRiMjIyMzE5ZWQ0NDYzY2ZiIiwidXNlcl9pZCI6IjMifQ.2Jw0cKQIV136ovC-V7bgqKYbuFAA9ksGwhwaeh88WpE HTTP/1.1" 404 9536
WARNING 2026-06-05 08:29:55,788 basehttp 10232 15820 "GET /chat/unread-counts/ HTTP/1.1" 404 9304
WARNING 2026-06-05 08:29:56,707 basehttp 10232 14916 "GET /ws/notifications/?token=eyJhbGciOiJIUzI1NiIsInR5cCI6IkpXVCJ9.eyJ0b2tlbl90eXBlIjoiYWNjZXNzIiwiZXhwIjoxNzgwOTkzNzA0LCJpYXQiOjE3ODA1NjE3MDQsImp0aSI6ImY0Nzk4M2RlZWUzOTQ3OGRiMjIyMzE5ZWQ0NDYzY2ZiIiwidXNlcl9pZCI6IjMifQ.2Jw0cKQIV136ovC-V7bgqKYbuFAA9ksGwhwaeh88WpE HTTP/1.1" 404 9536
INFO 2026-06-05 08:29:56,720 basehttp 10232 14916 - Broken pipe from ('127.0.0.1', 50108)
WARNING 2026-06-05 08:30:00,315 basehttp 10232 15176 "GET /ws/notifications/?token=eyJhbGciOiJIUzI1NiIsInR5cCI6IkpXVCJ9.eyJ0b2tlbl90eXBlIjoiYWNjZXNzIiwiZXhwIjoxNzgwOTkzNzA0LCJpYXQiOjE3ODA1NjE3MDQsImp0aSI6ImY0Nzk4M2RlZWUzOTQ3OGRiMjIyMzE5ZWQ0NDYzY2ZiIiwidXNlcl9pZCI6IjMifQ.2Jw0cKQIV136ovC-V7bgqKYbuFAA9ksGwhwaeh88WpE HTTP/1.1" 404 9536
WARNING 2026-06-05 08:30:04,781 basehttp 10232 18160 "GET /ws/notifications/?token=eyJhbGciOiJIUzI1NiIsInR5cCI6IkpXVCJ9.eyJ0b2tlbl90eXBlIjoiYWNjZXNzIiwiZXhwIjoxNzgwOTkzNzA0LCJpYXQiOjE3ODA1NjE3MDQsImp0aSI6ImY0Nzk4M2RlZWUzOTQ3OGRiMjIyMzE5ZWQ0NDYzY2ZiIiwidXNlcl9pZCI6IjMifQ.2Jw0cKQIV136ovC-V7bgqKYbuFAA9ksGwhwaeh88WpE HTTP/1.1" 404 9536
WARNING 2026-06-05 08:30:12,165 basehttp 10232 10944 "GET /ws/notifications/?token=eyJhbGciOiJIUzI1NiIsInR5cCI6IkpXVCJ9.eyJ0b2tlbl90eXBlIjoiYWNjZXNzIiwiZXhwIjoxNzgwOTkzNzA0LCJpYXQiOjE3ODA1NjE3MDQsImp0aSI6ImY0Nzk4M2RlZWUzOTQ3OGRiMjIyMzE5ZWQ0NDYzY2ZiIiwidXNlcl9pZCI6IjMifQ.2Jw0cKQIV136ovC-V7bgqKYbuFAA9ksGwhwaeh88WpE HTTP/1.1" 404 9536
WARNING 2026-06-05 08:30:19,512 basehttp 10232 16224 "GET /ws/notifications/?token=eyJhbGciOiJIUzI1NiIsInR5cCI6IkpXVCJ9.eyJ0b2tlbl90eXBlIjoiYWNjZXNzIiwiZXhwIjoxNzgwOTkzNzA0LCJpYXQiOjE3ODA1NjE3MDQsImp0aSI6ImY0Nzk4M2RlZWUzOTQ3OGRiMjIyMzE5ZWQ0NDYzY2ZiIiwidXNlcl9pZCI6IjMifQ.2Jw0cKQIV136ovC-V7bgqKYbuFAA9ksGwhwaeh88WpE HTTP/1.1" 404 9536
WARNING 2026-06-05 08:30:24,848 basehttp 10232 17700 "GET /ws/notifications/?token=eyJhbGciOiJIUzI1NiIsInR5cCI6IkpXVCJ9.eyJ0b2tlbl90eXBlIjoiYWNjZXNzIiwiZXhwIjoxNzgwOTkzNzA0LCJpYXQiOjE3ODA1NjE3MDQsImp0aSI6ImY0Nzk4M2RlZWUzOTQ3OGRiMjIyMzE5ZWQ0NDYzY2ZiIiwidXNlcl9pZCI6IjMifQ.2Jw0cKQIV136ovC-V7bgqKYbuFAA9ksGwhwaeh88WpE HTTP/1.1" 404 9536
WARNING 2026-06-05 08:30:29,467 basehttp 10232 2912 "GET /ws/notifications/?token=eyJhbGciOiJIUzI1NiIsInR5cCI6IkpXVCJ9.eyJ0b2tlbl90eXBlIjoiYWNjZXNzIiwiZXhwIjoxNzgwOTkzNzA0LCJpYXQiOjE3ODA1NjE3MDQsImp0aSI6ImY0Nzk4M2RlZWUzOTQ3OGRiMjIyMzE5ZWQ0NDYzY2ZiIiwidXNlcl9pZCI6IjMifQ.2Jw0cKQIV136ovC-V7bgqKYbuFAA9ksGwhwaeh88WpE HTTP/1.1" 404 9536
WARNING 2026-06-05 08:30:33,321 basehttp 10232 14052 "GET /ws/notifications/?token=eyJhbGciOiJIUzI1NiIsInR5cCI6IkpXVCJ9.eyJ0b2tlbl90eXBlIjoiYWNjZXNzIiwiZXhwIjoxNzgwOTkzNzA0LCJpYXQiOjE3ODA1NjE3MDQsImp0aSI6ImY0Nzk4M2RlZWUzOTQ3OGRiMjIyMzE5ZWQ0NDYzY2ZiIiwidXNlcl9pZCI6IjMifQ.2Jw0cKQIV136ovC-V7bgqKYbuFAA9ksGwhwaeh88WpE HTTP/1.1" 404 9536
WARNING 2026-06-05 08:30:39,689 basehttp 10232 11324 "GET /ws/notifications/?token=eyJhbGciOiJIUzI1NiIsInR5cCI6IkpXVCJ9.eyJ0b2tlbl90eXBlIjoiYWNjZXNzIiwiZXhwIjoxNzgwOTkzNzA0LCJpYXQiOjE3ODA1NjE3MDQsImp0aSI6ImY0Nzk4M2RlZWUzOTQ3OGRiMjIyMzE5ZWQ0NDYzY2ZiIiwidXNlcl9pZCI6IjMifQ.2Jw0cKQIV136ovC-V7bgqKYbuFAA9ksGwhwaeh88WpE HTTP/1.1" 404 9536
WARNING 2026-06-05 08:30:46,173 basehttp 10232 15668 "GET /ws/notifications/?token=eyJhbGciOiJIUzI1NiIsInR5cCI6IkpXVCJ9.eyJ0b2tlbl90eXBlIjoiYWNjZXNzIiwiZXhwIjoxNzgwOTkzNzA0LCJpYXQiOjE3ODA1NjE3MDQsImp0aSI6ImY0Nzk4M2RlZWUzOTQ3OGRiMjIyMzE5ZWQ0NDYzY2ZiIiwidXNlcl9pZCI6IjMifQ.2Jw0cKQIV136ovC-V7bgqKYbuFAA9ksGwhwaeh88WpE HTTP/1.1" 404 9536
WARNING 2026-06-05 08:30:52,818 basehttp 10232 9420 "GET /ws/notifications/?token=eyJhbGciOiJIUzI1NiIsInR5cCI6IkpXVCJ9.eyJ0b2tlbl90eXBlIjoiYWNjZXNzIiwiZXhwIjoxNzgwOTkzNzA0LCJpYXQiOjE3ODA1NjE3MDQsImp0aSI6ImY0Nzk4M2RlZWUzOTQ3OGRiMjIyMzE5ZWQ0NDYzY2ZiIiwidXNlcl9pZCI6IjMifQ.2Jw0cKQIV136ovC-V7bgqKYbuFAA9ksGwhwaeh88WpE HTTP/1.1" 404 9536
WARNING 2026-06-05 08:30:55,774 basehttp 10232 15820 "GET /chat/unread-counts/ HTTP/1.1" 404 9304
WARNING 2026-06-05 08:30:56,591 basehttp 10232 16440 "GET /ws/notifications/?token=eyJhbGciOiJIUzI1NiIsInR5cCI6IkpXVCJ9.eyJ0b2tlbl90eXBlIjoiYWNjZXNzIiwiZXhwIjoxNzgwOTkzNzA0LCJpYXQiOjE3ODA1NjE3MDQsImp0aSI6ImY0Nzk4M2RlZWUzOTQ3OGRiMjIyMzE5ZWQ0NDYzY2ZiIiwidXNlcl9pZCI6IjMifQ.2Jw0cKQIV136ovC-V7bgqKYbuFAA9ksGwhwaeh88WpE HTTP/1.1" 404 9536
WARNING 2026-06-05 08:31:00,838 basehttp 10232 1772 "GET /ws/notifications/?token=eyJhbGciOiJIUzI1NiIsInR5cCI6IkpXVCJ9.eyJ0b2tlbl90eXBlIjoiYWNjZXNzIiwiZXhwIjoxNzgwOTkzNzA0LCJpYXQiOjE3ODA1NjE3MDQsImp0aSI6ImY0Nzk4M2RlZWUzOTQ3OGRiMjIyMzE5ZWQ0NDYzY2ZiIiwidXNlcl9pZCI6IjMifQ.2Jw0cKQIV136ovC-V7bgqKYbuFAA9ksGwhwaeh88WpE HTTP/1.1" 404 9536
WARNING 2026-06-05 08:31:05,531 basehttp 10232 2840 "GET /ws/notifications/?token=eyJhbGciOiJIUzI1NiIsInR5cCI6IkpXVCJ9.eyJ0b2tlbl90eXBlIjoiYWNjZXNzIiwiZXhwIjoxNzgwOTkzNzA0LCJpYXQiOjE3ODA1NjE3MDQsImp0aSI6ImY0Nzk4M2RlZWUzOTQ3OGRiMjIyMzE5ZWQ0NDYzY2ZiIiwidXNlcl9pZCI6IjMifQ.2Jw0cKQIV136ovC-V7bgqKYbuFAA9ksGwhwaeh88WpE HTTP/1.1" 404 9536
WARNING 2026-06-05 08:31:10,058 basehttp 10232 3204 "GET /ws/notifications/?token=eyJhbGciOiJIUzI1NiIsInR5cCI6IkpXVCJ9.eyJ0b2tlbl90eXBlIjoiYWNjZXNzIiwiZXhwIjoxNzgwOTkzNzA0LCJpYXQiOjE3ODA1NjE3MDQsImp0aSI6ImY0Nzk4M2RlZWUzOTQ3OGRiMjIyMzE5ZWQ0NDYzY2ZiIiwidXNlcl9pZCI6IjMifQ.2Jw0cKQIV136ovC-V7bgqKYbuFAA9ksGwhwaeh88WpE HTTP/1.1" 404 9536
WARNING 2026-06-05 08:31:14,146 basehttp 10232 12380 "GET /ws/notifications/?token=eyJhbGciOiJIUzI1NiIsInR5cCI6IkpXVCJ9.eyJ0b2tlbl90eXBlIjoiYWNjZXNzIiwiZXhwIjoxNzgwOTkzNzA0LCJpYXQiOjE3ODA1NjE3MDQsImp0aSI6ImY0Nzk4M2RlZWUzOTQ3OGRiMjIyMzE5ZWQ0NDYzY2ZiIiwidXNlcl9pZCI6IjMifQ.2Jw0cKQIV136ovC-V7bgqKYbuFAA9ksGwhwaeh88WpE HTTP/1.1" 404 9536
WARNING 2026-06-05 08:31:17,873 basehttp 10232 11768 "GET /ws/notifications/?token=eyJhbGciOiJIUzI1NiIsInR5cCI6IkpXVCJ9.eyJ0b2tlbl90eXBlIjoiYWNjZXNzIiwiZXhwIjoxNzgwOTkzNzA0LCJpYXQiOjE3ODA1NjE3MDQsImp0aSI6ImY0Nzk4M2RlZWUzOTQ3OGRiMjIyMzE5ZWQ0NDYzY2ZiIiwidXNlcl9pZCI6IjMifQ.2Jw0cKQIV136ovC-V7bgqKYbuFAA9ksGwhwaeh88WpE HTTP/1.1" 404 9536
WARNING 2026-06-05 08:31:23,555 basehttp 10232 16924 "GET /ws/notifications/?token=eyJhbGciOiJIUzI1NiIsInR5cCI6IkpXVCJ9.eyJ0b2tlbl90eXBlIjoiYWNjZXNzIiwiZXhwIjoxNzgwOTkzNzA0LCJpYXQiOjE3ODA1NjE3MDQsImp0aSI6ImY0Nzk4M2RlZWUzOTQ3OGRiMjIyMzE5ZWQ0NDYzY2ZiIiwidXNlcl9pZCI6IjMifQ.2Jw0cKQIV136ovC-V7bgqKYbuFAA9ksGwhwaeh88WpE HTTP/1.1" 404 9536
WARNING 2026-06-05 08:31:26,925 basehttp 10232 16068 "GET /ws/notifications/?token=eyJhbGciOiJIUzI1NiIsInR5cCI6IkpXVCJ9.eyJ0b2tlbl90eXBlIjoiYWNjZXNzIiwiZXhwIjoxNzgwOTkzNzA0LCJpYXQiOjE3ODA1NjE3MDQsImp0aSI6ImY0Nzk4M2RlZWUzOTQ3OGRiMjIyMzE5ZWQ0NDYzY2ZiIiwidXNlcl9pZCI6IjMifQ.2Jw0cKQIV136ovC-V7bgqKYbuFAA9ksGwhwaeh88WpE HTTP/1.1" 404 9536
WARNING 2026-06-05 08:31:30,911 basehttp 10232 12548 "GET /ws/notifications/?token=eyJhbGciOiJIUzI1NiIsInR5cCI6IkpXVCJ9.eyJ0b2tlbl90eXBlIjoiYWNjZXNzIiwiZXhwIjoxNzgwOTkzNzA0LCJpYXQiOjE3ODA1NjE3MDQsImp0aSI6ImY0Nzk4M2RlZWUzOTQ3OGRiMjIyMzE5ZWQ0NDYzY2ZiIiwidXNlcl9pZCI6IjMifQ.2Jw0cKQIV136ovC-V7bgqKYbuFAA9ksGwhwaeh88WpE HTTP/1.1" 404 9536
INFO 2026-06-05 08:31:30,934 basehttp 10232 12548 - Broken pipe from ('127.0.0.1', 50171)
WARNING 2026-06-05 08:31:36,108 basehttp 10232 14424 "GET /ws/notifications/?token=eyJhbGciOiJIUzI1NiIsInR5cCI6IkpXVCJ9.eyJ0b2tlbl90eXBlIjoiYWNjZXNzIiwiZXhwIjoxNzgwOTkzNzA0LCJpYXQiOjE3ODA1NjE3MDQsImp0aSI6ImY0Nzk4M2RlZWUzOTQ3OGRiMjIyMzE5ZWQ0NDYzY2ZiIiwidXNlcl9pZCI6IjMifQ.2Jw0cKQIV136ovC-V7bgqKYbuFAA9ksGwhwaeh88WpE HTTP/1.1" 404 9536
WARNING 2026-06-05 08:31:42,557 basehttp 10232 17076 "GET /ws/notifications/?token=eyJhbGciOiJIUzI1NiIsInR5cCI6IkpXVCJ9.eyJ0b2tlbl90eXBlIjoiYWNjZXNzIiwiZXhwIjoxNzgwOTkzNzA0LCJpYXQiOjE3ODA1NjE3MDQsImp0aSI6ImY0Nzk4M2RlZWUzOTQ3OGRiMjIyMzE5ZWQ0NDYzY2ZiIiwidXNlcl9pZCI6IjMifQ.2Jw0cKQIV136ovC-V7bgqKYbuFAA9ksGwhwaeh88WpE HTTP/1.1" 404 9536
WARNING 2026-06-05 08:31:48,081 basehttp 10232 12144 "GET /ws/notifications/?token=eyJhbGciOiJIUzI1NiIsInR5cCI6IkpXVCJ9.eyJ0b2tlbl90eXBlIjoiYWNjZXNzIiwiZXhwIjoxNzgwOTkzNzA0LCJpYXQiOjE3ODA1NjE3MDQsImp0aSI6ImY0Nzk4M2RlZWUzOTQ3OGRiMjIyMzE5ZWQ0NDYzY2ZiIiwidXNlcl9pZCI6IjMifQ.2Jw0cKQIV136ovC-V7bgqKYbuFAA9ksGwhwaeh88WpE HTTP/1.1" 404 9536
WARNING 2026-06-05 08:31:50,937 basehttp 10232 15252 "GET /ws/notifications/?token=eyJhbGciOiJIUzI1NiIsInR5cCI6IkpXVCJ9.eyJ0b2tlbl90eXBlIjoiYWNjZXNzIiwiZXhwIjoxNzgwOTkzNzA0LCJpYXQiOjE3ODA1NjE3MDQsImp0aSI6ImY0Nzk4M2RlZWUzOTQ3OGRiMjIyMzE5ZWQ0NDYzY2ZiIiwidXNlcl9pZCI6IjMifQ.2Jw0cKQIV136ovC-V7bgqKYbuFAA9ksGwhwaeh88WpE HTTP/1.1" 404 9536
WARNING 2026-06-05 08:31:55,763 basehttp 10232 15820 "GET /chat/unread-counts/ HTTP/1.1" 404 9304
WARNING 2026-06-05 08:31:57,439 basehttp 10232 16268 "GET /ws/notifications/?token=eyJhbGciOiJIUzI1NiIsInR5cCI6IkpXVCJ9.eyJ0b2tlbl90eXBlIjoiYWNjZXNzIiwiZXhwIjoxNzgwOTkzNzA0LCJpYXQiOjE3ODA1NjE3MDQsImp0aSI6ImY0Nzk4M2RlZWUzOTQ3OGRiMjIyMzE5ZWQ0NDYzY2ZiIiwidXNlcl9pZCI6IjMifQ.2Jw0cKQIV136ovC-V7bgqKYbuFAA9ksGwhwaeh88WpE HTTP/1.1" 404 9536
WARNING 2026-06-05 08:32:03,282 basehttp 10232 10176 "GET /ws/notifications/?token=eyJhbGciOiJIUzI1NiIsInR5cCI6IkpXVCJ9.eyJ0b2tlbl90eXBlIjoiYWNjZXNzIiwiZXhwIjoxNzgwOTkzNzA0LCJpYXQiOjE3ODA1NjE3MDQsImp0aSI6ImY0Nzk4M2RlZWUzOTQ3OGRiMjIyMzE5ZWQ0NDYzY2ZiIiwidXNlcl9pZCI6IjMifQ.2Jw0cKQIV136ovC-V7bgqKYbuFAA9ksGwhwaeh88WpE HTTP/1.1" 404 9536
WARNING 2026-06-05 08:32:05,762 basehttp 10232 14528 "GET /ws/notifications/?token=eyJhbGciOiJIUzI1NiIsInR5cCI6IkpXVCJ9.eyJ0b2tlbl90eXBlIjoiYWNjZXNzIiwiZXhwIjoxNzgwOTkzNzA0LCJpYXQiOjE3ODA1NjE3MDQsImp0aSI6ImY0Nzk4M2RlZWUzOTQ3OGRiMjIyMzE5ZWQ0NDYzY2ZiIiwidXNlcl9pZCI6IjMifQ.2Jw0cKQIV136ovC-V7bgqKYbuFAA9ksGwhwaeh88WpE HTTP/1.1" 404 9536
WARNING 2026-06-05 08:32:11,841 basehttp 10232 10388 "GET /ws/notifications/?token=eyJhbGciOiJIUzI1NiIsInR5cCI6IkpXVCJ9.eyJ0b2tlbl90eXBlIjoiYWNjZXNzIiwiZXhwIjoxNzgwOTkzNzA0LCJpYXQiOjE3ODA1NjE3MDQsImp0aSI6ImY0Nzk4M2RlZWUzOTQ3OGRiMjIyMzE5ZWQ0NDYzY2ZiIiwidXNlcl9pZCI6IjMifQ.2Jw0cKQIV136ovC-V7bgqKYbuFAA9ksGwhwaeh88WpE HTTP/1.1" 404 9536
WARNING 2026-06-05 08:32:16,657 basehttp 10232 15960 "GET /ws/notifications/?token=eyJhbGciOiJIUzI1NiIsInR5cCI6IkpXVCJ9.eyJ0b2tlbl90eXBlIjoiYWNjZXNzIiwiZXhwIjoxNzgwOTkzNzA0LCJpYXQiOjE3ODA1NjE3MDQsImp0aSI6ImY0Nzk4M2RlZWUzOTQ3OGRiMjIyMzE5ZWQ0NDYzY2ZiIiwidXNlcl9pZCI6IjMifQ.2Jw0cKQIV136ovC-V7bgqKYbuFAA9ksGwhwaeh88WpE HTTP/1.1" 404 9536
WARNING 2026-06-05 08:32:18,752 basehttp 10232 13972 "GET /ws/notifications/?token=eyJhbGciOiJIUzI1NiIsInR5cCI6IkpXVCJ9.eyJ0b2tlbl90eXBlIjoiYWNjZXNzIiwiZXhwIjoxNzgwOTkzNzA0LCJpYXQiOjE3ODA1NjE3MDQsImp0aSI6ImY0Nzk4M2RlZWUzOTQ3OGRiMjIyMzE5ZWQ0NDYzY2ZiIiwidXNlcl9pZCI6IjMifQ.2Jw0cKQIV136ovC-V7bgqKYbuFAA9ksGwhwaeh88WpE HTTP/1.1" 404 9536
WARNING 2026-06-05 08:32:20,783 basehttp 10232 14808 "GET /ws/notifications/?token=eyJhbGciOiJIUzI1NiIsInR5cCI6IkpXVCJ9.eyJ0b2tlbl90eXBlIjoiYWNjZXNzIiwiZXhwIjoxNzgwOTkzNzA0LCJpYXQiOjE3ODA1NjE3MDQsImp0aSI6ImY0Nzk4M2RlZWUzOTQ3OGRiMjIyMzE5ZWQ0NDYzY2ZiIiwidXNlcl9pZCI6IjMifQ.2Jw0cKQIV136ovC-V7bgqKYbuFAA9ksGwhwaeh88WpE HTTP/1.1" 404 9536
WARNING 2026-06-05 08:32:22,766 basehttp 10232 17948 "GET /ws/notifications/?token=eyJhbGciOiJIUzI1NiIsInR5cCI6IkpXVCJ9.eyJ0b2tlbl90eXBlIjoiYWNjZXNzIiwiZXhwIjoxNzgwOTkzNzA0LCJpYXQiOjE3ODA1NjE3MDQsImp0aSI6ImY0Nzk4M2RlZWUzOTQ3OGRiMjIyMzE5ZWQ0NDYzY2ZiIiwidXNlcl9pZCI6IjMifQ.2Jw0cKQIV136ovC-V7bgqKYbuFAA9ksGwhwaeh88WpE HTTP/1.1" 404 9536
WARNING 2026-06-05 08:32:24,784 basehttp 10232 14976 "GET /ws/notifications/?token=eyJhbGciOiJIUzI1NiIsInR5cCI6IkpXVCJ9.eyJ0b2tlbl90eXBlIjoiYWNjZXNzIiwiZXhwIjoxNzgwOTkzNzA0LCJpYXQiOjE3ODA1NjE3MDQsImp0aSI6ImY0Nzk4M2RlZWUzOTQ3OGRiMjIyMzE5ZWQ0NDYzY2ZiIiwidXNlcl9pZCI6IjMifQ.2Jw0cKQIV136ovC-V7bgqKYbuFAA9ksGwhwaeh88WpE HTTP/1.1" 404 9536
WARNING 2026-06-05 08:32:26,774 basehttp 10232 12800 "GET /ws/notifications/?token=eyJhbGciOiJIUzI1NiIsInR5cCI6IkpXVCJ9.eyJ0b2tlbl90eXBlIjoiYWNjZXNzIiwiZXhwIjoxNzgwOTkzNzA0LCJpYXQiOjE3ODA1NjE3MDQsImp0aSI6ImY0Nzk4M2RlZWUzOTQ3OGRiMjIyMzE5ZWQ0NDYzY2ZiIiwidXNlcl9pZCI6IjMifQ.2Jw0cKQIV136ovC-V7bgqKYbuFAA9ksGwhwaeh88WpE HTTP/1.1" 404 9536
WARNING 2026-06-05 08:32:28,791 basehttp 10232 11412 "GET /ws/notifications/?token=eyJhbGciOiJIUzI1NiIsInR5cCI6IkpXVCJ9.eyJ0b2tlbl90eXBlIjoiYWNjZXNzIiwiZXhwIjoxNzgwOTkzNzA0LCJpYXQiOjE3ODA1NjE3MDQsImp0aSI6ImY0Nzk4M2RlZWUzOTQ3OGRiMjIyMzE5ZWQ0NDYzY2ZiIiwidXNlcl9pZCI6IjMifQ.2Jw0cKQIV136ovC-V7bgqKYbuFAA9ksGwhwaeh88WpE HTTP/1.1" 404 9536
WARNING 2026-06-05 08:32:30,779 basehttp 10232 10900 "GET /ws/notifications/?token=eyJhbGciOiJIUzI1NiIsInR5cCI6IkpXVCJ9.eyJ0b2tlbl90eXBlIjoiYWNjZXNzIiwiZXhwIjoxNzgwOTkzNzA0LCJpYXQiOjE3ODA1NjE3MDQsImp0aSI6ImY0Nzk4M2RlZWUzOTQ3OGRiMjIyMzE5ZWQ0NDYzY2ZiIiwidXNlcl9pZCI6IjMifQ.2Jw0cKQIV136ovC-V7bgqKYbuFAA9ksGwhwaeh88WpE HTTP/1.1" 404 9536
INFO 2026-06-05 08:32:30,784 basehttp 10232 10900 - Broken pipe from ('127.0.0.1', 50215)
WARNING 2026-06-05 08:32:32,802 basehttp 10232 12888 "GET /ws/notifications/?token=eyJhbGciOiJIUzI1NiIsInR5cCI6IkpXVCJ9.eyJ0b2tlbl90eXBlIjoiYWNjZXNzIiwiZXhwIjoxNzgwOTkzNzA0LCJpYXQiOjE3ODA1NjE3MDQsImp0aSI6ImY0Nzk4M2RlZWUzOTQ3OGRiMjIyMzE5ZWQ0NDYzY2ZiIiwidXNlcl9pZCI6IjMifQ.2Jw0cKQIV136ovC-V7bgqKYbuFAA9ksGwhwaeh88WpE HTTP/1.1" 404 9536
WARNING 2026-06-05 08:32:34,818 basehttp 10232 9908 "GET /ws/notifications/?token=eyJhbGciOiJIUzI1NiIsInR5cCI6IkpXVCJ9.eyJ0b2tlbl90eXBlIjoiYWNjZXNzIiwiZXhwIjoxNzgwOTkzNzA0LCJpYXQiOjE3ODA1NjE3MDQsImp0aSI6ImY0Nzk4M2RlZWUzOTQ3OGRiMjIyMzE5ZWQ0NDYzY2ZiIiwidXNlcl9pZCI6IjMifQ.2Jw0cKQIV136ovC-V7bgqKYbuFAA9ksGwhwaeh88WpE HTTP/1.1" 404 9536
WARNING 2026-06-05 08:32:36,771 basehttp 10232 18024 "GET /ws/notifications/?token=eyJhbGciOiJIUzI1NiIsInR5cCI6IkpXVCJ9.eyJ0b2tlbl90eXBlIjoiYWNjZXNzIiwiZXhwIjoxNzgwOTkzNzA0LCJpYXQiOjE3ODA1NjE3MDQsImp0aSI6ImY0Nzk4M2RlZWUzOTQ3OGRiMjIyMzE5ZWQ0NDYzY2ZiIiwidXNlcl9pZCI6IjMifQ.2Jw0cKQIV136ovC-V7bgqKYbuFAA9ksGwhwaeh88WpE HTTP/1.1" 404 9536
WARNING 2026-06-05 08:32:38,825 basehttp 10232 14812 "GET /ws/notifications/?token=eyJhbGciOiJIUzI1NiIsInR5cCI6IkpXVCJ9.eyJ0b2tlbl90eXBlIjoiYWNjZXNzIiwiZXhwIjoxNzgwOTkzNzA0LCJpYXQiOjE3ODA1NjE3MDQsImp0aSI6ImY0Nzk4M2RlZWUzOTQ3OGRiMjIyMzE5ZWQ0NDYzY2ZiIiwidXNlcl9pZCI6IjMifQ.2Jw0cKQIV136ovC-V7bgqKYbuFAA9ksGwhwaeh88WpE HTTP/1.1" 404 9536
WARNING 2026-06-05 08:32:40,858 basehttp 10232 12428 "GET /ws/notifications/?token=eyJhbGciOiJIUzI1NiIsInR5cCI6IkpXVCJ9.eyJ0b2tlbl90eXBlIjoiYWNjZXNzIiwiZXhwIjoxNzgwOTkzNzA0LCJpYXQiOjE3ODA1NjE3MDQsImp0aSI6ImY0Nzk4M2RlZWUzOTQ3OGRiMjIyMzE5ZWQ0NDYzY2ZiIiwidXNlcl9pZCI6IjMifQ.2Jw0cKQIV136ovC-V7bgqKYbuFAA9ksGwhwaeh88WpE HTTP/1.1" 404 9536
WARNING 2026-06-05 08:32:42,995 basehttp 10232 17144 "GET /ws/notifications/?token=eyJhbGciOiJIUzI1NiIsInR5cCI6IkpXVCJ9.eyJ0b2tlbl90eXBlIjoiYWNjZXNzIiwiZXhwIjoxNzgwOTkzNzA0LCJpYXQiOjE3ODA1NjE3MDQsImp0aSI6ImY0Nzk4M2RlZWUzOTQ3OGRiMjIyMzE5ZWQ0NDYzY2ZiIiwidXNlcl9pZCI6IjMifQ.2Jw0cKQIV136ovC-V7bgqKYbuFAA9ksGwhwaeh88WpE HTTP/1.1" 404 9536
WARNING 2026-06-05 08:32:45,115 basehttp 10232 16916 "GET /ws/notifications/?token=eyJhbGciOiJIUzI1NiIsInR5cCI6IkpXVCJ9.eyJ0b2tlbl90eXBlIjoiYWNjZXNzIiwiZXhwIjoxNzgwOTkzNzA0LCJpYXQiOjE3ODA1NjE3MDQsImp0aSI6ImY0Nzk4M2RlZWUzOTQ3OGRiMjIyMzE5ZWQ0NDYzY2ZiIiwidXNlcl9pZCI6IjMifQ.2Jw0cKQIV136ovC-V7bgqKYbuFAA9ksGwhwaeh88WpE HTTP/1.1" 404 9536
WARNING 2026-06-05 08:32:47,978 basehttp 10232 12812 "GET /ws/notifications/?token=eyJhbGciOiJIUzI1NiIsInR5cCI6IkpXVCJ9.eyJ0b2tlbl90eXBlIjoiYWNjZXNzIiwiZXhwIjoxNzgwOTkzNzA0LCJpYXQiOjE3ODA1NjE3MDQsImp0aSI6ImY0Nzk4M2RlZWUzOTQ3OGRiMjIyMzE5ZWQ0NDYzY2ZiIiwidXNlcl9pZCI6IjMifQ.2Jw0cKQIV136ovC-V7bgqKYbuFAA9ksGwhwaeh88WpE HTTP/1.1" 404 9536
WARNING 2026-06-05 08:32:51,604 basehttp 10232 11100 "GET /ws/notifications/?token=eyJhbGciOiJIUzI1NiIsInR5cCI6IkpXVCJ9.eyJ0b2tlbl90eXBlIjoiYWNjZXNzIiwiZXhwIjoxNzgwOTkzNzA0LCJpYXQiOjE3ODA1NjE3MDQsImp0aSI6ImY0Nzk4M2RlZWUzOTQ3OGRiMjIyMzE5ZWQ0NDYzY2ZiIiwidXNlcl9pZCI6IjMifQ.2Jw0cKQIV136ovC-V7bgqKYbuFAA9ksGwhwaeh88WpE HTTP/1.1" 404 9536
WARNING 2026-06-05 08:32:54,569 basehttp 10232 14876 "GET /ws/notifications/?token=eyJhbGciOiJIUzI1NiIsInR5cCI6IkpXVCJ9.eyJ0b2tlbl90eXBlIjoiYWNjZXNzIiwiZXhwIjoxNzgwOTkzNzA0LCJpYXQiOjE3ODA1NjE3MDQsImp0aSI6ImY0Nzk4M2RlZWUzOTQ3OGRiMjIyMzE5ZWQ0NDYzY2ZiIiwidXNlcl9pZCI6IjMifQ.2Jw0cKQIV136ovC-V7bgqKYbuFAA9ksGwhwaeh88WpE HTTP/1.1" 404 9536
WARNING 2026-06-05 08:32:55,743 basehttp 10232 15820 "GET /chat/unread-counts/ HTTP/1.1" 404 9304
WARNING 2026-06-05 08:32:58,761 basehttp 10232 11448 "GET /ws/notifications/?token=eyJhbGciOiJIUzI1NiIsInR5cCI6IkpXVCJ9.eyJ0b2tlbl90eXBlIjoiYWNjZXNzIiwiZXhwIjoxNzgwOTkzNzA0LCJpYXQiOjE3ODA1NjE3MDQsImp0aSI6ImY0Nzk4M2RlZWUzOTQ3OGRiMjIyMzE5ZWQ0NDYzY2ZiIiwidXNlcl9pZCI6IjMifQ.2Jw0cKQIV136ovC-V7bgqKYbuFAA9ksGwhwaeh88WpE HTTP/1.1" 404 9536
WARNING 2026-06-05 08:33:03,048 basehttp 10232 16108 "GET /ws/notifications/?token=eyJhbGciOiJIUzI1NiIsInR5cCI6IkpXVCJ9.eyJ0b2tlbl90eXBlIjoiYWNjZXNzIiwiZXhwIjoxNzgwOTkzNzA0LCJpYXQiOjE3ODA1NjE3MDQsImp0aSI6ImY0Nzk4M2RlZWUzOTQ3OGRiMjIyMzE5ZWQ0NDYzY2ZiIiwidXNlcl9pZCI6IjMifQ.2Jw0cKQIV136ovC-V7bgqKYbuFAA9ksGwhwaeh88WpE HTTP/1.1" 404 9536
WARNING 2026-06-05 08:33:07,188 basehttp 10232 18072 "GET /ws/notifications/?token=eyJhbGciOiJIUzI1NiIsInR5cCI6IkpXVCJ9.eyJ0b2tlbl90eXBlIjoiYWNjZXNzIiwiZXhwIjoxNzgwOTkzNzA0LCJpYXQiOjE3ODA1NjE3MDQsImp0aSI6ImY0Nzk4M2RlZWUzOTQ3OGRiMjIyMzE5ZWQ0NDYzY2ZiIiwidXNlcl9pZCI6IjMifQ.2Jw0cKQIV136ovC-V7bgqKYbuFAA9ksGwhwaeh88WpE HTTP/1.1" 404 9536
WARNING 2026-06-05 08:33:10,593 basehttp 10232 13556 "GET /ws/notifications/?token=eyJhbGciOiJIUzI1NiIsInR5cCI6IkpXVCJ9.eyJ0b2tlbl90eXBlIjoiYWNjZXNzIiwiZXhwIjoxNzgwOTkzNzA0LCJpYXQiOjE3ODA1NjE3MDQsImp0aSI6ImY0Nzk4M2RlZWUzOTQ3OGRiMjIyMzE5ZWQ0NDYzY2ZiIiwidXNlcl9pZCI6IjMifQ.2Jw0cKQIV136ovC-V7bgqKYbuFAA9ksGwhwaeh88WpE HTTP/1.1" 404 9536
WARNING 2026-06-05 08:33:15,279 basehttp 10232 6940 "GET /ws/notifications/?token=eyJhbGciOiJIUzI1NiIsInR5cCI6IkpXVCJ9.eyJ0b2tlbl90eXBlIjoiYWNjZXNzIiwiZXhwIjoxNzgwOTkzNzA0LCJpYXQiOjE3ODA1NjE3MDQsImp0aSI6ImY0Nzk4M2RlZWUzOTQ3OGRiMjIyMzE5ZWQ0NDYzY2ZiIiwidXNlcl9pZCI6IjMifQ.2Jw0cKQIV136ovC-V7bgqKYbuFAA9ksGwhwaeh88WpE HTTP/1.1" 404 9536
WARNING 2026-06-05 08:33:18,844 basehttp 10232 12092 "GET /ws/notifications/?token=eyJhbGciOiJIUzI1NiIsInR5cCI6IkpXVCJ9.eyJ0b2tlbl90eXBlIjoiYWNjZXNzIiwiZXhwIjoxNzgwOTkzNzA0LCJpYXQiOjE3ODA1NjE3MDQsImp0aSI6ImY0Nzk4M2RlZWUzOTQ3OGRiMjIyMzE5ZWQ0NDYzY2ZiIiwidXNlcl9pZCI6IjMifQ.2Jw0cKQIV136ovC-V7bgqKYbuFAA9ksGwhwaeh88WpE HTTP/1.1" 404 9536
WARNING 2026-06-05 08:33:23,612 basehttp 10232 3408 "GET /ws/notifications/?token=eyJhbGciOiJIUzI1NiIsInR5cCI6IkpXVCJ9.eyJ0b2tlbl90eXBlIjoiYWNjZXNzIiwiZXhwIjoxNzgwOTkzNzA0LCJpYXQiOjE3ODA1NjE3MDQsImp0aSI6ImY0Nzk4M2RlZWUzOTQ3OGRiMjIyMzE5ZWQ0NDYzY2ZiIiwidXNlcl9pZCI6IjMifQ.2Jw0cKQIV136ovC-V7bgqKYbuFAA9ksGwhwaeh88WpE HTTP/1.1" 404 9536
WARNING 2026-06-05 08:33:28,200 basehttp 10232 576 "GET /ws/notifications/?token=eyJhbGciOiJIUzI1NiIsInR5cCI6IkpXVCJ9.eyJ0b2tlbl90eXBlIjoiYWNjZXNzIiwiZXhwIjoxNzgwOTkzNzA0LCJpYXQiOjE3ODA1NjE3MDQsImp0aSI6ImY0Nzk4M2RlZWUzOTQ3OGRiMjIyMzE5ZWQ0NDYzY2ZiIiwidXNlcl9pZCI6IjMifQ.2Jw0cKQIV136ovC-V7bgqKYbuFAA9ksGwhwaeh88WpE HTTP/1.1" 404 9536
WARNING 2026-06-05 08:33:34,325 basehttp 10232 18244 "GET /ws/notifications/?token=eyJhbGciOiJIUzI1NiIsInR5cCI6IkpXVCJ9.eyJ0b2tlbl90eXBlIjoiYWNjZXNzIiwiZXhwIjoxNzgwOTkzNzA0LCJpYXQiOjE3ODA1NjE3MDQsImp0aSI6ImY0Nzk4M2RlZWUzOTQ3OGRiMjIyMzE5ZWQ0NDYzY2ZiIiwidXNlcl9pZCI6IjMifQ.2Jw0cKQIV136ovC-V7bgqKYbuFAA9ksGwhwaeh88WpE HTTP/1.1" 404 9536
WARNING 2026-06-05 08:33:38,325 basehttp 10232 6504 "GET /ws/notifications/?token=eyJhbGciOiJIUzI1NiIsInR5cCI6IkpXVCJ9.eyJ0b2tlbl90eXBlIjoiYWNjZXNzIiwiZXhwIjoxNzgwOTkzNzA0LCJpYXQiOjE3ODA1NjE3MDQsImp0aSI6ImY0Nzk4M2RlZWUzOTQ3OGRiMjIyMzE5ZWQ0NDYzY2ZiIiwidXNlcl9pZCI6IjMifQ.2Jw0cKQIV136ovC-V7bgqKYbuFAA9ksGwhwaeh88WpE HTTP/1.1" 404 9536
WARNING 2026-06-05 08:33:40,929 basehttp 10232 12604 "GET /ws/notifications/?token=eyJhbGciOiJIUzI1NiIsInR5cCI6IkpXVCJ9.eyJ0b2tlbl90eXBlIjoiYWNjZXNzIiwiZXhwIjoxNzgwOTkzNzA0LCJpYXQiOjE3ODA1NjE3MDQsImp0aSI6ImY0Nzk4M2RlZWUzOTQ3OGRiMjIyMzE5ZWQ0NDYzY2ZiIiwidXNlcl9pZCI6IjMifQ.2Jw0cKQIV136ovC-V7bgqKYbuFAA9ksGwhwaeh88WpE HTTP/1.1" 404 9536
WARNING 2026-06-05 08:33:45,142 basehttp 10232 13108 "GET /ws/notifications/?token=eyJhbGciOiJIUzI1NiIsInR5cCI6IkpXVCJ9.eyJ0b2tlbl90eXBlIjoiYWNjZXNzIiwiZXhwIjoxNzgwOTkzNzA0LCJpYXQiOjE3ODA1NjE3MDQsImp0aSI6ImY0Nzk4M2RlZWUzOTQ3OGRiMjIyMzE5ZWQ0NDYzY2ZiIiwidXNlcl9pZCI6IjMifQ.2Jw0cKQIV136ovC-V7bgqKYbuFAA9ksGwhwaeh88WpE HTTP/1.1" 404 9536
WARNING 2026-06-05 08:33:50,849 basehttp 10232 15416 "GET /ws/notifications/?token=eyJhbGciOiJIUzI1NiIsInR5cCI6IkpXVCJ9.eyJ0b2tlbl90eXBlIjoiYWNjZXNzIiwiZXhwIjoxNzgwOTkzNzA0LCJpYXQiOjE3ODA1NjE3MDQsImp0aSI6ImY0Nzk4M2RlZWUzOTQ3OGRiMjIyMzE5ZWQ0NDYzY2ZiIiwidXNlcl9pZCI6IjMifQ.2Jw0cKQIV136ovC-V7bgqKYbuFAA9ksGwhwaeh88WpE HTTP/1.1" 404 9536
WARNING 2026-06-05 08:33:53,908 basehttp 10232 13236 "GET /ws/notifications/?token=eyJhbGciOiJIUzI1NiIsInR5cCI6IkpXVCJ9.eyJ0b2tlbl90eXBlIjoiYWNjZXNzIiwiZXhwIjoxNzgwOTkzNzA0LCJpYXQiOjE3ODA1NjE3MDQsImp0aSI6ImY0Nzk4M2RlZWUzOTQ3OGRiMjIyMzE5ZWQ0NDYzY2ZiIiwidXNlcl9pZCI6IjMifQ.2Jw0cKQIV136ovC-V7bgqKYbuFAA9ksGwhwaeh88WpE HTTP/1.1" 404 9536
WARNING 2026-06-05 08:33:55,787 basehttp 10232 15820 "GET /chat/unread-counts/ HTTP/1.1" 404 9304
WARNING 2026-06-05 08:33:59,612 basehttp 10232 3928 "GET /ws/notifications/?token=eyJhbGciOiJIUzI1NiIsInR5cCI6IkpXVCJ9.eyJ0b2tlbl90eXBlIjoiYWNjZXNzIiwiZXhwIjoxNzgwOTkzNzA0LCJpYXQiOjE3ODA1NjE3MDQsImp0aSI6ImY0Nzk4M2RlZWUzOTQ3OGRiMjIyMzE5ZWQ0NDYzY2ZiIiwidXNlcl9pZCI6IjMifQ.2Jw0cKQIV136ovC-V7bgqKYbuFAA9ksGwhwaeh88WpE HTTP/1.1" 404 9536
WARNING 2026-06-05 08:34:04,535 basehttp 10232 13060 "GET /ws/notifications/?token=eyJhbGciOiJIUzI1NiIsInR5cCI6IkpXVCJ9.eyJ0b2tlbl90eXBlIjoiYWNjZXNzIiwiZXhwIjoxNzgwOTkzNzA0LCJpYXQiOjE3ODA1NjE3MDQsImp0aSI6ImY0Nzk4M2RlZWUzOTQ3OGRiMjIyMzE5ZWQ0NDYzY2ZiIiwidXNlcl9pZCI6IjMifQ.2Jw0cKQIV136ovC-V7bgqKYbuFAA9ksGwhwaeh88WpE HTTP/1.1" 404 9536
WARNING 2026-06-05 08:34:06,903 basehttp 10232 14988 "GET /ws/notifications/?token=eyJhbGciOiJIUzI1NiIsInR5cCI6IkpXVCJ9.eyJ0b2tlbl90eXBlIjoiYWNjZXNzIiwiZXhwIjoxNzgwOTkzNzA0LCJpYXQiOjE3ODA1NjE3MDQsImp0aSI6ImY0Nzk4M2RlZWUzOTQ3OGRiMjIyMzE5ZWQ0NDYzY2ZiIiwidXNlcl9pZCI6IjMifQ.2Jw0cKQIV136ovC-V7bgqKYbuFAA9ksGwhwaeh88WpE HTTP/1.1" 404 9536
WARNING 2026-06-05 08:34:13,821 basehttp 10232 17332 "GET /ws/notifications/?token=eyJhbGciOiJIUzI1NiIsInR5cCI6IkpXVCJ9.eyJ0b2tlbl90eXBlIjoiYWNjZXNzIiwiZXhwIjoxNzgwOTkzNzA0LCJpYXQiOjE3ODA1NjE3MDQsImp0aSI6ImY0Nzk4M2RlZWUzOTQ3OGRiMjIyMzE5ZWQ0NDYzY2ZiIiwidXNlcl9pZCI6IjMifQ.2Jw0cKQIV136ovC-V7bgqKYbuFAA9ksGwhwaeh88WpE HTTP/1.1" 404 9536
WARNING 2026-06-05 08:34:20,479 basehttp 10232 16812 "GET /ws/notifications/?token=eyJhbGciOiJIUzI1NiIsInR5cCI6IkpXVCJ9.eyJ0b2tlbl90eXBlIjoiYWNjZXNzIiwiZXhwIjoxNzgwOTkzNzA0LCJpYXQiOjE3ODA1NjE3MDQsImp0aSI6ImY0Nzk4M2RlZWUzOTQ3OGRiMjIyMzE5ZWQ0NDYzY2ZiIiwidXNlcl9pZCI6IjMifQ.2Jw0cKQIV136ovC-V7bgqKYbuFAA9ksGwhwaeh88WpE HTTP/1.1" 404 9536
WARNING 2026-06-05 08:34:25,480 basehttp 10232 12952 "GET /ws/notifications/?token=eyJhbGciOiJIUzI1NiIsInR5cCI6IkpXVCJ9.eyJ0b2tlbl90eXBlIjoiYWNjZXNzIiwiZXhwIjoxNzgwOTkzNzA0LCJpYXQiOjE3ODA1NjE3MDQsImp0aSI6ImY0Nzk4M2RlZWUzOTQ3OGRiMjIyMzE5ZWQ0NDYzY2ZiIiwidXNlcl9pZCI6IjMifQ.2Jw0cKQIV136ovC-V7bgqKYbuFAA9ksGwhwaeh88WpE HTTP/1.1" 404 9536
WARNING 2026-06-05 08:34:29,231 basehttp 10232 17572 "GET /ws/notifications/?token=eyJhbGciOiJIUzI1NiIsInR5cCI6IkpXVCJ9.eyJ0b2tlbl90eXBlIjoiYWNjZXNzIiwiZXhwIjoxNzgwOTkzNzA0LCJpYXQiOjE3ODA1NjE3MDQsImp0aSI6ImY0Nzk4M2RlZWUzOTQ3OGRiMjIyMzE5ZWQ0NDYzY2ZiIiwidXNlcl9pZCI6IjMifQ.2Jw0cKQIV136ovC-V7bgqKYbuFAA9ksGwhwaeh88WpE HTTP/1.1" 404 9536
WARNING 2026-06-05 08:34:32,516 basehttp 10232 10640 "GET /ws/notifications/?token=eyJhbGciOiJIUzI1NiIsInR5cCI6IkpXVCJ9.eyJ0b2tlbl90eXBlIjoiYWNjZXNzIiwiZXhwIjoxNzgwOTkzNzA0LCJpYXQiOjE3ODA1NjE3MDQsImp0aSI6ImY0Nzk4M2RlZWUzOTQ3OGRiMjIyMzE5ZWQ0NDYzY2ZiIiwidXNlcl9pZCI6IjMifQ.2Jw0cKQIV136ovC-V7bgqKYbuFAA9ksGwhwaeh88WpE HTTP/1.1" 404 9536
WARNING 2026-06-05 08:34:37,064 basehttp 10232 16400 "GET /ws/notifications/?token=eyJhbGciOiJIUzI1NiIsInR5cCI6IkpXVCJ9.eyJ0b2tlbl90eXBlIjoiYWNjZXNzIiwiZXhwIjoxNzgwOTkzNzA0LCJpYXQiOjE3ODA1NjE3MDQsImp0aSI6ImY0Nzk4M2RlZWUzOTQ3OGRiMjIyMzE5ZWQ0NDYzY2ZiIiwidXNlcl9pZCI6IjMifQ.2Jw0cKQIV136ovC-V7bgqKYbuFAA9ksGwhwaeh88WpE HTTP/1.1" 404 9536
WARNING 2026-06-05 08:34:40,182 basehttp 10232 14780 "GET /ws/notifications/?token=eyJhbGciOiJIUzI1NiIsInR5cCI6IkpXVCJ9.eyJ0b2tlbl90eXBlIjoiYWNjZXNzIiwiZXhwIjoxNzgwOTkzNzA0LCJpYXQiOjE3ODA1NjE3MDQsImp0aSI6ImY0Nzk4M2RlZWUzOTQ3OGRiMjIyMzE5ZWQ0NDYzY2ZiIiwidXNlcl9pZCI6IjMifQ.2Jw0cKQIV136ovC-V7bgqKYbuFAA9ksGwhwaeh88WpE HTTP/1.1" 404 9536
WARNING 2026-06-05 08:34:43,314 basehttp 10232 16908 "GET /ws/notifications/?token=eyJhbGciOiJIUzI1NiIsInR5cCI6IkpXVCJ9.eyJ0b2tlbl90eXBlIjoiYWNjZXNzIiwiZXhwIjoxNzgwOTkzNzA0LCJpYXQiOjE3ODA1NjE3MDQsImp0aSI6ImY0Nzk4M2RlZWUzOTQ3OGRiMjIyMzE5ZWQ0NDYzY2ZiIiwidXNlcl9pZCI6IjMifQ.2Jw0cKQIV136ovC-V7bgqKYbuFAA9ksGwhwaeh88WpE HTTP/1.1" 404 9536
WARNING 2026-06-05 08:34:47,713 basehttp 10232 18220 "GET /ws/notifications/?token=eyJhbGciOiJIUzI1NiIsInR5cCI6IkpXVCJ9.eyJ0b2tlbl90eXBlIjoiYWNjZXNzIiwiZXhwIjoxNzgwOTkzNzA0LCJpYXQiOjE3ODA1NjE3MDQsImp0aSI6ImY0Nzk4M2RlZWUzOTQ3OGRiMjIyMzE5ZWQ0NDYzY2ZiIiwidXNlcl9pZCI6IjMifQ.2Jw0cKQIV136ovC-V7bgqKYbuFAA9ksGwhwaeh88WpE HTTP/1.1" 404 9536
WARNING 2026-06-05 08:34:51,755 basehttp 10232 16404 "GET /ws/notifications/?token=eyJhbGciOiJIUzI1NiIsInR5cCI6IkpXVCJ9.eyJ0b2tlbl90eXBlIjoiYWNjZXNzIiwiZXhwIjoxNzgwOTkzNzA0LCJpYXQiOjE3ODA1NjE3MDQsImp0aSI6ImY0Nzk4M2RlZWUzOTQ3OGRiMjIyMzE5ZWQ0NDYzY2ZiIiwidXNlcl9pZCI6IjMifQ.2Jw0cKQIV136ovC-V7bgqKYbuFAA9ksGwhwaeh88WpE HTTP/1.1" 404 9536
WARNING 2026-06-05 08:34:55,773 basehttp 10232 15820 "GET /chat/unread-counts/ HTTP/1.1" 404 9304
WARNING 2026-06-05 08:34:56,893 basehttp 10232 10624 "GET /ws/notifications/?token=eyJhbGciOiJIUzI1NiIsInR5cCI6IkpXVCJ9.eyJ0b2tlbl90eXBlIjoiYWNjZXNzIiwiZXhwIjoxNzgwOTkzNzA0LCJpYXQiOjE3ODA1NjE3MDQsImp0aSI6ImY0Nzk4M2RlZWUzOTQ3OGRiMjIyMzE5ZWQ0NDYzY2ZiIiwidXNlcl9pZCI6IjMifQ.2Jw0cKQIV136ovC-V7bgqKYbuFAA9ksGwhwaeh88WpE HTTP/1.1" 404 9536
WARNING 2026-06-05 08:35:01,467 basehttp 10232 17892 "GET /ws/notifications/?token=eyJhbGciOiJIUzI1NiIsInR5cCI6IkpXVCJ9.eyJ0b2tlbl90eXBlIjoiYWNjZXNzIiwiZXhwIjoxNzgwOTkzNzA0LCJpYXQiOjE3ODA1NjE3MDQsImp0aSI6ImY0Nzk4M2RlZWUzOTQ3OGRiMjIyMzE5ZWQ0NDYzY2ZiIiwidXNlcl9pZCI6IjMifQ.2Jw0cKQIV136ovC-V7bgqKYbuFAA9ksGwhwaeh88WpE HTTP/1.1" 404 9536
WARNING 2026-06-05 08:35:06,658 basehttp 10232 17612 "GET /ws/notifications/?token=eyJhbGciOiJIUzI1NiIsInR5cCI6IkpXVCJ9.eyJ0b2tlbl90eXBlIjoiYWNjZXNzIiwiZXhwIjoxNzgwOTkzNzA0LCJpYXQiOjE3ODA1NjE3MDQsImp0aSI6ImY0Nzk4M2RlZWUzOTQ3OGRiMjIyMzE5ZWQ0NDYzY2ZiIiwidXNlcl9pZCI6IjMifQ.2Jw0cKQIV136ovC-V7bgqKYbuFAA9ksGwhwaeh88WpE HTTP/1.1" 404 9536
WARNING 2026-06-05 08:35:13,483 basehttp 10232 18392 "GET /ws/notifications/?token=eyJhbGciOiJIUzI1NiIsInR5cCI6IkpXVCJ9.eyJ0b2tlbl90eXBlIjoiYWNjZXNzIiwiZXhwIjoxNzgwOTkzNzA0LCJpYXQiOjE3ODA1NjE3MDQsImp0aSI6ImY0Nzk4M2RlZWUzOTQ3OGRiMjIyMzE5ZWQ0NDYzY2ZiIiwidXNlcl9pZCI6IjMifQ.2Jw0cKQIV136ovC-V7bgqKYbuFAA9ksGwhwaeh88WpE HTTP/1.1" 404 9536
WARNING 2026-06-05 08:35:17,002 basehttp 10232 16492 "GET /ws/notifications/?token=eyJhbGciOiJIUzI1NiIsInR5cCI6IkpXVCJ9.eyJ0b2tlbl90eXBlIjoiYWNjZXNzIiwiZXhwIjoxNzgwOTkzNzA0LCJpYXQiOjE3ODA1NjE3MDQsImp0aSI6ImY0Nzk4M2RlZWUzOTQ3OGRiMjIyMzE5ZWQ0NDYzY2ZiIiwidXNlcl9pZCI6IjMifQ.2Jw0cKQIV136ovC-V7bgqKYbuFAA9ksGwhwaeh88WpE HTTP/1.1" 404 9536
WARNING 2026-06-05 08:35:19,836 basehttp 10232 16620 "GET /ws/notifications/?token=eyJhbGciOiJIUzI1NiIsInR5cCI6IkpXVCJ9.eyJ0b2tlbl90eXBlIjoiYWNjZXNzIiwiZXhwIjoxNzgwOTkzNzA0LCJpYXQiOjE3ODA1NjE3MDQsImp0aSI6ImY0Nzk4M2RlZWUzOTQ3OGRiMjIyMzE5ZWQ0NDYzY2ZiIiwidXNlcl9pZCI6IjMifQ.2Jw0cKQIV136ovC-V7bgqKYbuFAA9ksGwhwaeh88WpE HTTP/1.1" 404 9536
WARNING 2026-06-05 08:35:22,796 basehttp 10232 17532 "GET /ws/notifications/?token=eyJhbGciOiJIUzI1NiIsInR5cCI6IkpXVCJ9.eyJ0b2tlbl90eXBlIjoiYWNjZXNzIiwiZXhwIjoxNzgwOTkzNzA0LCJpYXQiOjE3ODA1NjE3MDQsImp0aSI6ImY0Nzk4M2RlZWUzOTQ3OGRiMjIyMzE5ZWQ0NDYzY2ZiIiwidXNlcl9pZCI6IjMifQ.2Jw0cKQIV136ovC-V7bgqKYbuFAA9ksGwhwaeh88WpE HTTP/1.1" 404 9536
WARNING 2026-06-05 08:35:25,827 basehttp 10232 13652 "GET /ws/notifications/?token=eyJhbGciOiJIUzI1NiIsInR5cCI6IkpXVCJ9.eyJ0b2tlbl90eXBlIjoiYWNjZXNzIiwiZXhwIjoxNzgwOTkzNzA0LCJpYXQiOjE3ODA1NjE3MDQsImp0aSI6ImY0Nzk4M2RlZWUzOTQ3OGRiMjIyMzE5ZWQ0NDYzY2ZiIiwidXNlcl9pZCI6IjMifQ.2Jw0cKQIV136ovC-V7bgqKYbuFAA9ksGwhwaeh88WpE HTTP/1.1" 404 9536
WARNING 2026-06-05 08:35:31,055 basehttp 10232 15012 "GET /ws/notifications/?token=eyJhbGciOiJIUzI1NiIsInR5cCI6IkpXVCJ9.eyJ0b2tlbl90eXBlIjoiYWNjZXNzIiwiZXhwIjoxNzgwOTkzNzA0LCJpYXQiOjE3ODA1NjE3MDQsImp0aSI6ImY0Nzk4M2RlZWUzOTQ3OGRiMjIyMzE5ZWQ0NDYzY2ZiIiwidXNlcl9pZCI6IjMifQ.2Jw0cKQIV136ovC-V7bgqKYbuFAA9ksGwhwaeh88WpE HTTP/1.1" 404 9536
WARNING 2026-06-05 08:35:37,713 basehttp 10232 18400 "GET /ws/notifications/?token=eyJhbGciOiJIUzI1NiIsInR5cCI6IkpXVCJ9.eyJ0b2tlbl90eXBlIjoiYWNjZXNzIiwiZXhwIjoxNzgwOTkzNzA0LCJpYXQiOjE3ODA1NjE3MDQsImp0aSI6ImY0Nzk4M2RlZWUzOTQ3OGRiMjIyMzE5ZWQ0NDYzY2ZiIiwidXNlcl9pZCI6IjMifQ.2Jw0cKQIV136ovC-V7bgqKYbuFAA9ksGwhwaeh88WpE HTTP/1.1" 404 9536
WARNING 2026-06-05 08:35:43,986 basehttp 10232 4408 "GET /ws/notifications/?token=eyJhbGciOiJIUzI1NiIsInR5cCI6IkpXVCJ9.eyJ0b2tlbl90eXBlIjoiYWNjZXNzIiwiZXhwIjoxNzgwOTkzNzA0LCJpYXQiOjE3ODA1NjE3MDQsImp0aSI6ImY0Nzk4M2RlZWUzOTQ3OGRiMjIyMzE5ZWQ0NDYzY2ZiIiwidXNlcl9pZCI6IjMifQ.2Jw0cKQIV136ovC-V7bgqKYbuFAA9ksGwhwaeh88WpE HTTP/1.1" 404 9536
WARNING 2026-06-05 08:35:49,341 basehttp 10232 17516 "GET /ws/notifications/?token=eyJhbGciOiJIUzI1NiIsInR5cCI6IkpXVCJ9.eyJ0b2tlbl90eXBlIjoiYWNjZXNzIiwiZXhwIjoxNzgwOTkzNzA0LCJpYXQiOjE3ODA1NjE3MDQsImp0aSI6ImY0Nzk4M2RlZWUzOTQ3OGRiMjIyMzE5ZWQ0NDYzY2ZiIiwidXNlcl9pZCI6IjMifQ.2Jw0cKQIV136ovC-V7bgqKYbuFAA9ksGwhwaeh88WpE HTTP/1.1" 404 9536
WARNING 2026-06-05 08:35:55,228 basehttp 10232 14660 "GET /ws/notifications/?token=eyJhbGciOiJIUzI1NiIsInR5cCI6IkpXVCJ9.eyJ0b2tlbl90eXBlIjoiYWNjZXNzIiwiZXhwIjoxNzgwOTkzNzA0LCJpYXQiOjE3ODA1NjE3MDQsImp0aSI6ImY0Nzk4M2RlZWUzOTQ3OGRiMjIyMzE5ZWQ0NDYzY2ZiIiwidXNlcl9pZCI6IjMifQ.2Jw0cKQIV136ovC-V7bgqKYbuFAA9ksGwhwaeh88WpE HTTP/1.1" 404 9536
WARNING 2026-06-05 08:35:55,758 basehttp 10232 15820 "GET /chat/unread-counts/ HTTP/1.1" 404 9304
WARNING 2026-06-05 08:35:59,361 basehttp 10232 14484 "GET /ws/notifications/?token=eyJhbGciOiJIUzI1NiIsInR5cCI6IkpXVCJ9.eyJ0b2tlbl90eXBlIjoiYWNjZXNzIiwiZXhwIjoxNzgwOTkzNzA0LCJpYXQiOjE3ODA1NjE3MDQsImp0aSI6ImY0Nzk4M2RlZWUzOTQ3OGRiMjIyMzE5ZWQ0NDYzY2ZiIiwidXNlcl9pZCI6IjMifQ.2Jw0cKQIV136ovC-V7bgqKYbuFAA9ksGwhwaeh88WpE HTTP/1.1" 404 9536
WARNING 2026-06-05 08:36:04,440 basehttp 10232 15852 "GET /ws/notifications/?token=eyJhbGciOiJIUzI1NiIsInR5cCI6IkpXVCJ9.eyJ0b2tlbl90eXBlIjoiYWNjZXNzIiwiZXhwIjoxNzgwOTkzNzA0LCJpYXQiOjE3ODA1NjE3MDQsImp0aSI6ImY0Nzk4M2RlZWUzOTQ3OGRiMjIyMzE5ZWQ0NDYzY2ZiIiwidXNlcl9pZCI6IjMifQ.2Jw0cKQIV136ovC-V7bgqKYbuFAA9ksGwhwaeh88WpE HTTP/1.1" 404 9536
WARNING 2026-06-05 08:36:07,009 basehttp 10232 15620 "GET /ws/notifications/?token=eyJhbGciOiJIUzI1NiIsInR5cCI6IkpXVCJ9.eyJ0b2tlbl90eXBlIjoiYWNjZXNzIiwiZXhwIjoxNzgwOTkzNzA0LCJpYXQiOjE3ODA1NjE3MDQsImp0aSI6ImY0Nzk4M2RlZWUzOTQ3OGRiMjIyMzE5ZWQ0NDYzY2ZiIiwidXNlcl9pZCI6IjMifQ.2Jw0cKQIV136ovC-V7bgqKYbuFAA9ksGwhwaeh88WpE HTTP/1.1" 404 9536
WARNING 2026-06-05 08:36:13,171 basehttp 10232 11180 "GET /ws/notifications/?token=eyJhbGciOiJIUzI1NiIsInR5cCI6IkpXVCJ9.eyJ0b2tlbl90eXBlIjoiYWNjZXNzIiwiZXhwIjoxNzgwOTkzNzA0LCJpYXQiOjE3ODA1NjE3MDQsImp0aSI6ImY0Nzk4M2RlZWUzOTQ3OGRiMjIyMzE5ZWQ0NDYzY2ZiIiwidXNlcl9pZCI6IjMifQ.2Jw0cKQIV136ovC-V7bgqKYbuFAA9ksGwhwaeh88WpE HTTP/1.1" 404 9536
WARNING 2026-06-05 08:36:19,433 basehttp 10232 18268 "GET /ws/notifications/?token=eyJhbGciOiJIUzI1NiIsInR5cCI6IkpXVCJ9.eyJ0b2tlbl90eXBlIjoiYWNjZXNzIiwiZXhwIjoxNzgwOTkzNzA0LCJpYXQiOjE3ODA1NjE3MDQsImp0aSI6ImY0Nzk4M2RlZWUzOTQ3OGRiMjIyMzE5ZWQ0NDYzY2ZiIiwidXNlcl9pZCI6IjMifQ.2Jw0cKQIV136ovC-V7bgqKYbuFAA9ksGwhwaeh88WpE HTTP/1.1" 404 9536
WARNING 2026-06-05 08:36:24,253 basehttp 10232 18088 "GET /ws/notifications/?token=eyJhbGciOiJIUzI1NiIsInR5cCI6IkpXVCJ9.eyJ0b2tlbl90eXBlIjoiYWNjZXNzIiwiZXhwIjoxNzgwOTkzNzA0LCJpYXQiOjE3ODA1NjE3MDQsImp0aSI6ImY0Nzk4M2RlZWUzOTQ3OGRiMjIyMzE5ZWQ0NDYzY2ZiIiwidXNlcl9pZCI6IjMifQ.2Jw0cKQIV136ovC-V7bgqKYbuFAA9ksGwhwaeh88WpE HTTP/1.1" 404 9536
WARNING 2026-06-05 08:36:28,793 basehttp 10232 12484 "GET /ws/notifications/?token=eyJhbGciOiJIUzI1NiIsInR5cCI6IkpXVCJ9.eyJ0b2tlbl90eXBlIjoiYWNjZXNzIiwiZXhwIjoxNzgwOTkzNzA0LCJpYXQiOjE3ODA1NjE3MDQsImp0aSI6ImY0Nzk4M2RlZWUzOTQ3OGRiMjIyMzE5ZWQ0NDYzY2ZiIiwidXNlcl9pZCI6IjMifQ.2Jw0cKQIV136ovC-V7bgqKYbuFAA9ksGwhwaeh88WpE HTTP/1.1" 404 9536
WARNING 2026-06-05 08:36:32,679 basehttp 10232 7700 "GET /ws/notifications/?token=eyJhbGciOiJIUzI1NiIsInR5cCI6IkpXVCJ9.eyJ0b2tlbl90eXBlIjoiYWNjZXNzIiwiZXhwIjoxNzgwOTkzNzA0LCJpYXQiOjE3ODA1NjE3MDQsImp0aSI6ImY0Nzk4M2RlZWUzOTQ3OGRiMjIyMzE5ZWQ0NDYzY2ZiIiwidXNlcl9pZCI6IjMifQ.2Jw0cKQIV136ovC-V7bgqKYbuFAA9ksGwhwaeh88WpE HTTP/1.1" 404 9536
WARNING 2026-06-05 08:36:37,010 basehttp 10232 9896 "GET /ws/notifications/?token=eyJhbGciOiJIUzI1NiIsInR5cCI6IkpXVCJ9.eyJ0b2tlbl90eXBlIjoiYWNjZXNzIiwiZXhwIjoxNzgwOTkzNzA0LCJpYXQiOjE3ODA1NjE3MDQsImp0aSI6ImY0Nzk4M2RlZWUzOTQ3OGRiMjIyMzE5ZWQ0NDYzY2ZiIiwidXNlcl9pZCI6IjMifQ.2Jw0cKQIV136ovC-V7bgqKYbuFAA9ksGwhwaeh88WpE HTTP/1.1" 404 9536
WARNING 2026-06-05 08:36:39,959 basehttp 10232 16928 "GET /ws/notifications/?token=eyJhbGciOiJIUzI1NiIsInR5cCI6IkpXVCJ9.eyJ0b2tlbl90eXBlIjoiYWNjZXNzIiwiZXhwIjoxNzgwOTkzNzA0LCJpYXQiOjE3ODA1NjE3MDQsImp0aSI6ImY0Nzk4M2RlZWUzOTQ3OGRiMjIyMzE5ZWQ0NDYzY2ZiIiwidXNlcl9pZCI6IjMifQ.2Jw0cKQIV136ovC-V7bgqKYbuFAA9ksGwhwaeh88WpE HTTP/1.1" 404 9536
WARNING 2026-06-05 08:36:43,854 basehttp 10232 6084 "GET /ws/notifications/?token=eyJhbGciOiJIUzI1NiIsInR5cCI6IkpXVCJ9.eyJ0b2tlbl90eXBlIjoiYWNjZXNzIiwiZXhwIjoxNzgwOTkzNzA0LCJpYXQiOjE3ODA1NjE3MDQsImp0aSI6ImY0Nzk4M2RlZWUzOTQ3OGRiMjIyMzE5ZWQ0NDYzY2ZiIiwidXNlcl9pZCI6IjMifQ.2Jw0cKQIV136ovC-V7bgqKYbuFAA9ksGwhwaeh88WpE HTTP/1.1" 404 9536
WARNING 2026-06-05 08:36:49,711 basehttp 10232 10280 "GET /ws/notifications/?token=eyJhbGciOiJIUzI1NiIsInR5cCI6IkpXVCJ9.eyJ0b2tlbl90eXBlIjoiYWNjZXNzIiwiZXhwIjoxNzgwOTkzNzA0LCJpYXQiOjE3ODA1NjE3MDQsImp0aSI6ImY0Nzk4M2RlZWUzOTQ3OGRiMjIyMzE5ZWQ0NDYzY2ZiIiwidXNlcl9pZCI6IjMifQ.2Jw0cKQIV136ovC-V7bgqKYbuFAA9ksGwhwaeh88WpE HTTP/1.1" 404 9536
WARNING 2026-06-05 08:36:54,499 basehttp 10232 11528 "GET /ws/notifications/?token=eyJhbGciOiJIUzI1NiIsInR5cCI6IkpXVCJ9.eyJ0b2tlbl90eXBlIjoiYWNjZXNzIiwiZXhwIjoxNzgwOTkzNzA0LCJpYXQiOjE3ODA1NjE3MDQsImp0aSI6ImY0Nzk4M2RlZWUzOTQ3OGRiMjIyMzE5ZWQ0NDYzY2ZiIiwidXNlcl9pZCI6IjMifQ.2Jw0cKQIV136ovC-V7bgqKYbuFAA9ksGwhwaeh88WpE HTTP/1.1" 404 9536
WARNING 2026-06-05 08:36:55,765 basehttp 10232 15820 "GET /chat/unread-counts/ HTTP/1.1" 404 9304
WARNING 2026-06-05 08:36:59,799 basehttp 10232 7096 "GET /ws/notifications/?token=eyJhbGciOiJIUzI1NiIsInR5cCI6IkpXVCJ9.eyJ0b2tlbl90eXBlIjoiYWNjZXNzIiwiZXhwIjoxNzgwOTkzNzA0LCJpYXQiOjE3ODA1NjE3MDQsImp0aSI6ImY0Nzk4M2RlZWUzOTQ3OGRiMjIyMzE5ZWQ0NDYzY2ZiIiwidXNlcl9pZCI6IjMifQ.2Jw0cKQIV136ovC-V7bgqKYbuFAA9ksGwhwaeh88WpE HTTP/1.1" 404 9536
WARNING 2026-06-05 08:37:03,136 basehttp 10232 11560 "GET /ws/notifications/?token=eyJhbGciOiJIUzI1NiIsInR5cCI6IkpXVCJ9.eyJ0b2tlbl90eXBlIjoiYWNjZXNzIiwiZXhwIjoxNzgwOTkzNzA0LCJpYXQiOjE3ODA1NjE3MDQsImp0aSI6ImY0Nzk4M2RlZWUzOTQ3OGRiMjIyMzE5ZWQ0NDYzY2ZiIiwidXNlcl9pZCI6IjMifQ.2Jw0cKQIV136ovC-V7bgqKYbuFAA9ksGwhwaeh88WpE HTTP/1.1" 404 9536
WARNING 2026-06-05 08:37:07,226 basehttp 10232 4104 "GET /ws/notifications/?token=eyJhbGciOiJIUzI1NiIsInR5cCI6IkpXVCJ9.eyJ0b2tlbl90eXBlIjoiYWNjZXNzIiwiZXhwIjoxNzgwOTkzNzA0LCJpYXQiOjE3ODA1NjE3MDQsImp0aSI6ImY0Nzk4M2RlZWUzOTQ3OGRiMjIyMzE5ZWQ0NDYzY2ZiIiwidXNlcl9pZCI6IjMifQ.2Jw0cKQIV136ovC-V7bgqKYbuFAA9ksGwhwaeh88WpE HTTP/1.1" 404 9536
WARNING 2026-06-05 08:37:12,803 basehttp 10232 9168 "GET /ws/notifications/?token=eyJhbGciOiJIUzI1NiIsInR5cCI6IkpXVCJ9.eyJ0b2tlbl90eXBlIjoiYWNjZXNzIiwiZXhwIjoxNzgwOTkzNzA0LCJpYXQiOjE3ODA1NjE3MDQsImp0aSI6ImY0Nzk4M2RlZWUzOTQ3OGRiMjIyMzE5ZWQ0NDYzY2ZiIiwidXNlcl9pZCI6IjMifQ.2Jw0cKQIV136ovC-V7bgqKYbuFAA9ksGwhwaeh88WpE HTTP/1.1" 404 9536
WARNING 2026-06-05 08:37:17,095 basehttp 10232 16572 "GET /ws/notifications/?token=eyJhbGciOiJIUzI1NiIsInR5cCI6IkpXVCJ9.eyJ0b2tlbl90eXBlIjoiYWNjZXNzIiwiZXhwIjoxNzgwOTkzNzA0LCJpYXQiOjE3ODA1NjE3MDQsImp0aSI6ImY0Nzk4M2RlZWUzOTQ3OGRiMjIyMzE5ZWQ0NDYzY2ZiIiwidXNlcl9pZCI6IjMifQ.2Jw0cKQIV136ovC-V7bgqKYbuFAA9ksGwhwaeh88WpE HTTP/1.1" 404 9536
WARNING 2026-06-05 08:37:20,487 basehttp 10232 12480 "GET /ws/notifications/?token=eyJhbGciOiJIUzI1NiIsInR5cCI6IkpXVCJ9.eyJ0b2tlbl90eXBlIjoiYWNjZXNzIiwiZXhwIjoxNzgwOTkzNzA0LCJpYXQiOjE3ODA1NjE3MDQsImp0aSI6ImY0Nzk4M2RlZWUzOTQ3OGRiMjIyMzE5ZWQ0NDYzY2ZiIiwidXNlcl9pZCI6IjMifQ.2Jw0cKQIV136ovC-V7bgqKYbuFAA9ksGwhwaeh88WpE HTTP/1.1" 404 9536
WARNING 2026-06-05 08:37:25,625 basehttp 10232 12372 "GET /ws/notifications/?token=eyJhbGciOiJIUzI1NiIsInR5cCI6IkpXVCJ9.eyJ0b2tlbl90eXBlIjoiYWNjZXNzIiwiZXhwIjoxNzgwOTkzNzA0LCJpYXQiOjE3ODA1NjE3MDQsImp0aSI6ImY0Nzk4M2RlZWUzOTQ3OGRiMjIyMzE5ZWQ0NDYzY2ZiIiwidXNlcl9pZCI6IjMifQ.2Jw0cKQIV136ovC-V7bgqKYbuFAA9ksGwhwaeh88WpE HTTP/1.1" 404 9536
WARNING 2026-06-05 08:37:31,213 basehttp 10232 16672 "GET /ws/notifications/?token=eyJhbGciOiJIUzI1NiIsInR5cCI6IkpXVCJ9.eyJ0b2tlbl90eXBlIjoiYWNjZXNzIiwiZXhwIjoxNzgwOTkzNzA0LCJpYXQiOjE3ODA1NjE3MDQsImp0aSI6ImY0Nzk4M2RlZWUzOTQ3OGRiMjIyMzE5ZWQ0NDYzY2ZiIiwidXNlcl9pZCI6IjMifQ.2Jw0cKQIV136ovC-V7bgqKYbuFAA9ksGwhwaeh88WpE HTTP/1.1" 404 9536
WARNING 2026-06-05 08:37:36,451 basehttp 10232 10936 "GET /ws/notifications/?token=eyJhbGciOiJIUzI1NiIsInR5cCI6IkpXVCJ9.eyJ0b2tlbl90eXBlIjoiYWNjZXNzIiwiZXhwIjoxNzgwOTkzNzA0LCJpYXQiOjE3ODA1NjE3MDQsImp0aSI6ImY0Nzk4M2RlZWUzOTQ3OGRiMjIyMzE5ZWQ0NDYzY2ZiIiwidXNlcl9pZCI6IjMifQ.2Jw0cKQIV136ovC-V7bgqKYbuFAA9ksGwhwaeh88WpE HTTP/1.1" 404 9536
WARNING 2026-06-05 08:37:41,872 basehttp 10232 12916 "GET /ws/notifications/?token=eyJhbGciOiJIUzI1NiIsInR5cCI6IkpXVCJ9.eyJ0b2tlbl90eXBlIjoiYWNjZXNzIiwiZXhwIjoxNzgwOTkzNzA0LCJpYXQiOjE3ODA1NjE3MDQsImp0aSI6ImY0Nzk4M2RlZWUzOTQ3OGRiMjIyMzE5ZWQ0NDYzY2ZiIiwidXNlcl9pZCI6IjMifQ.2Jw0cKQIV136ovC-V7bgqKYbuFAA9ksGwhwaeh88WpE HTTP/1.1" 404 9536
WARNING 2026-06-05 08:37:46,360 basehttp 10232 17720 "GET /ws/notifications/?token=eyJhbGciOiJIUzI1NiIsInR5cCI6IkpXVCJ9.eyJ0b2tlbl90eXBlIjoiYWNjZXNzIiwiZXhwIjoxNzgwOTkzNzA0LCJpYXQiOjE3ODA1NjE3MDQsImp0aSI6ImY0Nzk4M2RlZWUzOTQ3OGRiMjIyMzE5ZWQ0NDYzY2ZiIiwidXNlcl9pZCI6IjMifQ.2Jw0cKQIV136ovC-V7bgqKYbuFAA9ksGwhwaeh88WpE HTTP/1.1" 404 9536
WARNING 2026-06-05 08:37:49,119 basehttp 10232 3636 "GET /ws/notifications/?token=eyJhbGciOiJIUzI1NiIsInR5cCI6IkpXVCJ9.eyJ0b2tlbl90eXBlIjoiYWNjZXNzIiwiZXhwIjoxNzgwOTkzNzA0LCJpYXQiOjE3ODA1NjE3MDQsImp0aSI6ImY0Nzk4M2RlZWUzOTQ3OGRiMjIyMzE5ZWQ0NDYzY2ZiIiwidXNlcl9pZCI6IjMifQ.2Jw0cKQIV136ovC-V7bgqKYbuFAA9ksGwhwaeh88WpE HTTP/1.1" 404 9536
WARNING 2026-06-05 08:37:55,253 basehttp 10232 17184 "GET /ws/notifications/?token=eyJhbGciOiJIUzI1NiIsInR5cCI6IkpXVCJ9.eyJ0b2tlbl90eXBlIjoiYWNjZXNzIiwiZXhwIjoxNzgwOTkzNzA0LCJpYXQiOjE3ODA1NjE3MDQsImp0aSI6ImY0Nzk4M2RlZWUzOTQ3OGRiMjIyMzE5ZWQ0NDYzY2ZiIiwidXNlcl9pZCI6IjMifQ.2Jw0cKQIV136ovC-V7bgqKYbuFAA9ksGwhwaeh88WpE HTTP/1.1" 404 9536
WARNING 2026-06-05 08:37:55,767 basehttp 10232 15820 "GET /chat/unread-counts/ HTTP/1.1" 404 9304
WARNING 2026-06-05 08:38:00,223 basehttp 10232 13640 "GET /ws/notifications/?token=eyJhbGciOiJIUzI1NiIsInR5cCI6IkpXVCJ9.eyJ0b2tlbl90eXBlIjoiYWNjZXNzIiwiZXhwIjoxNzgwOTkzNzA0LCJpYXQiOjE3ODA1NjE3MDQsImp0aSI6ImY0Nzk4M2RlZWUzOTQ3OGRiMjIyMzE5ZWQ0NDYzY2ZiIiwidXNlcl9pZCI6IjMifQ.2Jw0cKQIV136ovC-V7bgqKYbuFAA9ksGwhwaeh88WpE HTTP/1.1" 404 9536
WARNING 2026-06-05 08:38:05,012 basehttp 10232 15784 "GET /ws/notifications/?token=eyJhbGciOiJIUzI1NiIsInR5cCI6IkpXVCJ9.eyJ0b2tlbl90eXBlIjoiYWNjZXNzIiwiZXhwIjoxNzgwOTkzNzA0LCJpYXQiOjE3ODA1NjE3MDQsImp0aSI6ImY0Nzk4M2RlZWUzOTQ3OGRiMjIyMzE5ZWQ0NDYzY2ZiIiwidXNlcl9pZCI6IjMifQ.2Jw0cKQIV136ovC-V7bgqKYbuFAA9ksGwhwaeh88WpE HTTP/1.1" 404 9536
WARNING 2026-06-05 08:38:08,053 basehttp 10232 18396 "GET /ws/notifications/?token=eyJhbGciOiJIUzI1NiIsInR5cCI6IkpXVCJ9.eyJ0b2tlbl90eXBlIjoiYWNjZXNzIiwiZXhwIjoxNzgwOTkzNzA0LCJpYXQiOjE3ODA1NjE3MDQsImp0aSI6ImY0Nzk4M2RlZWUzOTQ3OGRiMjIyMzE5ZWQ0NDYzY2ZiIiwidXNlcl9pZCI6IjMifQ.2Jw0cKQIV136ovC-V7bgqKYbuFAA9ksGwhwaeh88WpE HTTP/1.1" 404 9536
WARNING 2026-06-05 08:38:11,186 basehttp 10232 18160 "GET /ws/notifications/?token=eyJhbGciOiJIUzI1NiIsInR5cCI6IkpXVCJ9.eyJ0b2tlbl90eXBlIjoiYWNjZXNzIiwiZXhwIjoxNzgwOTkzNzA0LCJpYXQiOjE3ODA1NjE3MDQsImp0aSI6ImY0Nzk4M2RlZWUzOTQ3OGRiMjIyMzE5ZWQ0NDYzY2ZiIiwidXNlcl9pZCI6IjMifQ.2Jw0cKQIV136ovC-V7bgqKYbuFAA9ksGwhwaeh88WpE HTTP/1.1" 404 9536
WARNING 2026-06-05 08:38:13,973 basehttp 10232 17236 "GET /ws/notifications/?token=eyJhbGciOiJIUzI1NiIsInR5cCI6IkpXVCJ9.eyJ0b2tlbl90eXBlIjoiYWNjZXNzIiwiZXhwIjoxNzgwOTkzNzA0LCJpYXQiOjE3ODA1NjE3MDQsImp0aSI6ImY0Nzk4M2RlZWUzOTQ3OGRiMjIyMzE5ZWQ0NDYzY2ZiIiwidXNlcl9pZCI6IjMifQ.2Jw0cKQIV136ovC-V7bgqKYbuFAA9ksGwhwaeh88WpE HTTP/1.1" 404 9536
WARNING 2026-06-05 08:38:20,742 basehttp 10232 17760 "GET /ws/notifications/?token=eyJhbGciOiJIUzI1NiIsInR5cCI6IkpXVCJ9.eyJ0b2tlbl90eXBlIjoiYWNjZXNzIiwiZXhwIjoxNzgwOTkzNzA0LCJpYXQiOjE3ODA1NjE3MDQsImp0aSI6ImY0Nzk4M2RlZWUzOTQ3OGRiMjIyMzE5ZWQ0NDYzY2ZiIiwidXNlcl9pZCI6IjMifQ.2Jw0cKQIV136ovC-V7bgqKYbuFAA9ksGwhwaeh88WpE HTTP/1.1" 404 9536
WARNING 2026-06-05 08:38:26,934 basehttp 10232 17164 "GET /ws/notifications/?token=eyJhbGciOiJIUzI1NiIsInR5cCI6IkpXVCJ9.eyJ0b2tlbl90eXBlIjoiYWNjZXNzIiwiZXhwIjoxNzgwOTkzNzA0LCJpYXQiOjE3ODA1NjE3MDQsImp0aSI6ImY0Nzk4M2RlZWUzOTQ3OGRiMjIyMzE5ZWQ0NDYzY2ZiIiwidXNlcl9pZCI6IjMifQ.2Jw0cKQIV136ovC-V7bgqKYbuFAA9ksGwhwaeh88WpE HTTP/1.1" 404 9536
WARNING 2026-06-05 08:38:30,730 basehttp 10232 3980 "GET /ws/notifications/?token=eyJhbGciOiJIUzI1NiIsInR5cCI6IkpXVCJ9.eyJ0b2tlbl90eXBlIjoiYWNjZXNzIiwiZXhwIjoxNzgwOTkzNzA0LCJpYXQiOjE3ODA1NjE3MDQsImp0aSI6ImY0Nzk4M2RlZWUzOTQ3OGRiMjIyMzE5ZWQ0NDYzY2ZiIiwidXNlcl9pZCI6IjMifQ.2Jw0cKQIV136ovC-V7bgqKYbuFAA9ksGwhwaeh88WpE HTTP/1.1" 404 9536
WARNING 2026-06-05 08:38:34,586 basehttp 10232 12692 "GET /ws/notifications/?token=eyJhbGciOiJIUzI1NiIsInR5cCI6IkpXVCJ9.eyJ0b2tlbl90eXBlIjoiYWNjZXNzIiwiZXhwIjoxNzgwOTkzNzA0LCJpYXQiOjE3ODA1NjE3MDQsImp0aSI6ImY0Nzk4M2RlZWUzOTQ3OGRiMjIyMzE5ZWQ0NDYzY2ZiIiwidXNlcl9pZCI6IjMifQ.2Jw0cKQIV136ovC-V7bgqKYbuFAA9ksGwhwaeh88WpE HTTP/1.1" 404 9536
WARNING 2026-06-05 08:38:37,123 basehttp 10232 6056 "GET /ws/notifications/?token=eyJhbGciOiJIUzI1NiIsInR5cCI6IkpXVCJ9.eyJ0b2tlbl90eXBlIjoiYWNjZXNzIiwiZXhwIjoxNzgwOTkzNzA0LCJpYXQiOjE3ODA1NjE3MDQsImp0aSI6ImY0Nzk4M2RlZWUzOTQ3OGRiMjIyMzE5ZWQ0NDYzY2ZiIiwidXNlcl9pZCI6IjMifQ.2Jw0cKQIV136ovC-V7bgqKYbuFAA9ksGwhwaeh88WpE HTTP/1.1" 404 9536
WARNING 2026-06-05 08:38:42,119 basehttp 10232 16224 "GET /ws/notifications/?token=eyJhbGciOiJIUzI1NiIsInR5cCI6IkpXVCJ9.eyJ0b2tlbl90eXBlIjoiYWNjZXNzIiwiZXhwIjoxNzgwOTkzNzA0LCJpYXQiOjE3ODA1NjE3MDQsImp0aSI6ImY0Nzk4M2RlZWUzOTQ3OGRiMjIyMzE5ZWQ0NDYzY2ZiIiwidXNlcl9pZCI6IjMifQ.2Jw0cKQIV136ovC-V7bgqKYbuFAA9ksGwhwaeh88WpE HTTP/1.1" 404 9536
WARNING 2026-06-05 08:38:46,640 basehttp 10232 17700 "GET /ws/notifications/?token=eyJhbGciOiJIUzI1NiIsInR5cCI6IkpXVCJ9.eyJ0b2tlbl90eXBlIjoiYWNjZXNzIiwiZXhwIjoxNzgwOTkzNzA0LCJpYXQiOjE3ODA1NjE3MDQsImp0aSI6ImY0Nzk4M2RlZWUzOTQ3OGRiMjIyMzE5ZWQ0NDYzY2ZiIiwidXNlcl9pZCI6IjMifQ.2Jw0cKQIV136ovC-V7bgqKYbuFAA9ksGwhwaeh88WpE HTTP/1.1" 404 9536
WARNING 2026-06-05 08:38:52,386 basehttp 10232 11924 "GET /ws/notifications/?token=eyJhbGciOiJIUzI1NiIsInR5cCI6IkpXVCJ9.eyJ0b2tlbl90eXBlIjoiYWNjZXNzIiwiZXhwIjoxNzgwOTkzNzA0LCJpYXQiOjE3ODA1NjE3MDQsImp0aSI6ImY0Nzk4M2RlZWUzOTQ3OGRiMjIyMzE5ZWQ0NDYzY2ZiIiwidXNlcl9pZCI6IjMifQ.2Jw0cKQIV136ovC-V7bgqKYbuFAA9ksGwhwaeh88WpE HTTP/1.1" 404 9536
WARNING 2026-06-05 08:38:55,745 basehttp 10232 15820 "GET /chat/unread-counts/ HTTP/1.1" 404 9304
WARNING 2026-06-05 08:38:57,177 basehttp 10232 17568 "GET /ws/notifications/?token=eyJhbGciOiJIUzI1NiIsInR5cCI6IkpXVCJ9.eyJ0b2tlbl90eXBlIjoiYWNjZXNzIiwiZXhwIjoxNzgwOTkzNzA0LCJpYXQiOjE3ODA1NjE3MDQsImp0aSI6ImY0Nzk4M2RlZWUzOTQ3OGRiMjIyMzE5ZWQ0NDYzY2ZiIiwidXNlcl9pZCI6IjMifQ.2Jw0cKQIV136ovC-V7bgqKYbuFAA9ksGwhwaeh88WpE HTTP/1.1" 404 9536
WARNING 2026-06-05 08:39:01,215 basehttp 10232 17900 "GET /ws/notifications/?token=eyJhbGciOiJIUzI1NiIsInR5cCI6IkpXVCJ9.eyJ0b2tlbl90eXBlIjoiYWNjZXNzIiwiZXhwIjoxNzgwOTkzNzA0LCJpYXQiOjE3ODA1NjE3MDQsImp0aSI6ImY0Nzk4M2RlZWUzOTQ3OGRiMjIyMzE5ZWQ0NDYzY2ZiIiwidXNlcl9pZCI6IjMifQ.2Jw0cKQIV136ovC-V7bgqKYbuFAA9ksGwhwaeh88WpE HTTP/1.1" 404 9536
WARNING 2026-06-05 08:39:05,785 basehttp 10232 16476 "GET /ws/notifications/?token=eyJhbGciOiJIUzI1NiIsInR5cCI6IkpXVCJ9.eyJ0b2tlbl90eXBlIjoiYWNjZXNzIiwiZXhwIjoxNzgwOTkzNzA0LCJpYXQiOjE3ODA1NjE3MDQsImp0aSI6ImY0Nzk4M2RlZWUzOTQ3OGRiMjIyMzE5ZWQ0NDYzY2ZiIiwidXNlcl9pZCI6IjMifQ.2Jw0cKQIV136ovC-V7bgqKYbuFAA9ksGwhwaeh88WpE HTTP/1.1" 404 9536
WARNING 2026-06-05 08:39:10,615 basehttp 10232 17104 "GET /ws/notifications/?token=eyJhbGciOiJIUzI1NiIsInR5cCI6IkpXVCJ9.eyJ0b2tlbl90eXBlIjoiYWNjZXNzIiwiZXhwIjoxNzgwOTkzNzA0LCJpYXQiOjE3ODA1NjE3MDQsImp0aSI6ImY0Nzk4M2RlZWUzOTQ3OGRiMjIyMzE5ZWQ0NDYzY2ZiIiwidXNlcl9pZCI6IjMifQ.2Jw0cKQIV136ovC-V7bgqKYbuFAA9ksGwhwaeh88WpE HTTP/1.1" 404 9536
WARNING 2026-06-05 08:39:14,506 basehttp 10232 15900 "GET /ws/notifications/?token=eyJhbGciOiJIUzI1NiIsInR5cCI6IkpXVCJ9.eyJ0b2tlbl90eXBlIjoiYWNjZXNzIiwiZXhwIjoxNzgwOTkzNzA0LCJpYXQiOjE3ODA1NjE3MDQsImp0aSI6ImY0Nzk4M2RlZWUzOTQ3OGRiMjIyMzE5ZWQ0NDYzY2ZiIiwidXNlcl9pZCI6IjMifQ.2Jw0cKQIV136ovC-V7bgqKYbuFAA9ksGwhwaeh88WpE HTTP/1.1" 404 9536
WARNING 2026-06-05 08:39:19,237 basehttp 10232 9836 "GET /ws/notifications/?token=eyJhbGciOiJIUzI1NiIsInR5cCI6IkpXVCJ9.eyJ0b2tlbl90eXBlIjoiYWNjZXNzIiwiZXhwIjoxNzgwOTkzNzA0LCJpYXQiOjE3ODA1NjE3MDQsImp0aSI6ImY0Nzk4M2RlZWUzOTQ3OGRiMjIyMzE5ZWQ0NDYzY2ZiIiwidXNlcl9pZCI6IjMifQ.2Jw0cKQIV136ovC-V7bgqKYbuFAA9ksGwhwaeh88WpE HTTP/1.1" 404 9536
WARNING 2026-06-05 08:39:22,292 basehttp 10232 10752 "GET /ws/notifications/?token=eyJhbGciOiJIUzI1NiIsInR5cCI6IkpXVCJ9.eyJ0b2tlbl90eXBlIjoiYWNjZXNzIiwiZXhwIjoxNzgwOTkzNzA0LCJpYXQiOjE3ODA1NjE3MDQsImp0aSI6ImY0Nzk4M2RlZWUzOTQ3OGRiMjIyMzE5ZWQ0NDYzY2ZiIiwidXNlcl9pZCI6IjMifQ.2Jw0cKQIV136ovC-V7bgqKYbuFAA9ksGwhwaeh88WpE HTTP/1.1" 404 9536
WARNING 2026-06-05 08:39:26,650 basehttp 10232 16276 "GET /ws/notifications/?token=eyJhbGciOiJIUzI1NiIsInR5cCI6IkpXVCJ9.eyJ0b2tlbl90eXBlIjoiYWNjZXNzIiwiZXhwIjoxNzgwOTkzNzA0LCJpYXQiOjE3ODA1NjE3MDQsImp0aSI6ImY0Nzk4M2RlZWUzOTQ3OGRiMjIyMzE5ZWQ0NDYzY2ZiIiwidXNlcl9pZCI6IjMifQ.2Jw0cKQIV136ovC-V7bgqKYbuFAA9ksGwhwaeh88WpE HTTP/1.1" 404 9536
WARNING 2026-06-05 08:39:32,836 basehttp 10232 7476 "GET /ws/notifications/?token=eyJhbGciOiJIUzI1NiIsInR5cCI6IkpXVCJ9.eyJ0b2tlbl90eXBlIjoiYWNjZXNzIiwiZXhwIjoxNzgwOTkzNzA0LCJpYXQiOjE3ODA1NjE3MDQsImp0aSI6ImY0Nzk4M2RlZWUzOTQ3OGRiMjIyMzE5ZWQ0NDYzY2ZiIiwidXNlcl9pZCI6IjMifQ.2Jw0cKQIV136ovC-V7bgqKYbuFAA9ksGwhwaeh88WpE HTTP/1.1" 404 9536
WARNING 2026-06-05 08:39:39,434 basehttp 10232 10568 "GET /ws/notifications/?token=eyJhbGciOiJIUzI1NiIsInR5cCI6IkpXVCJ9.eyJ0b2tlbl90eXBlIjoiYWNjZXNzIiwiZXhwIjoxNzgwOTkzNzA0LCJpYXQiOjE3ODA1NjE3MDQsImp0aSI6ImY0Nzk4M2RlZWUzOTQ3OGRiMjIyMzE5ZWQ0NDYzY2ZiIiwidXNlcl9pZCI6IjMifQ.2Jw0cKQIV136ovC-V7bgqKYbuFAA9ksGwhwaeh88WpE HTTP/1.1" 404 9536
WARNING 2026-06-05 08:39:44,172 basehttp 10232 15732 "GET /ws/notifications/?token=eyJhbGciOiJIUzI1NiIsInR5cCI6IkpXVCJ9.eyJ0b2tlbl90eXBlIjoiYWNjZXNzIiwiZXhwIjoxNzgwOTkzNzA0LCJpYXQiOjE3ODA1NjE3MDQsImp0aSI6ImY0Nzk4M2RlZWUzOTQ3OGRiMjIyMzE5ZWQ0NDYzY2ZiIiwidXNlcl9pZCI6IjMifQ.2Jw0cKQIV136ovC-V7bgqKYbuFAA9ksGwhwaeh88WpE HTTP/1.1" 404 9536
WARNING 2026-06-05 08:39:47,189 basehttp 10232 8448 "GET /ws/notifications/?token=eyJhbGciOiJIUzI1NiIsInR5cCI6IkpXVCJ9.eyJ0b2tlbl90eXBlIjoiYWNjZXNzIiwiZXhwIjoxNzgwOTkzNzA0LCJpYXQiOjE3ODA1NjE3MDQsImp0aSI6ImY0Nzk4M2RlZWUzOTQ3OGRiMjIyMzE5ZWQ0NDYzY2ZiIiwidXNlcl9pZCI6IjMifQ.2Jw0cKQIV136ovC-V7bgqKYbuFAA9ksGwhwaeh88WpE HTTP/1.1" 404 9536
WARNING 2026-06-05 08:39:50,324 basehttp 10232 17588 "GET /ws/notifications/?token=eyJhbGciOiJIUzI1NiIsInR5cCI6IkpXVCJ9.eyJ0b2tlbl90eXBlIjoiYWNjZXNzIiwiZXhwIjoxNzgwOTkzNzA0LCJpYXQiOjE3ODA1NjE3MDQsImp0aSI6ImY0Nzk4M2RlZWUzOTQ3OGRiMjIyMzE5ZWQ0NDYzY2ZiIiwidXNlcl9pZCI6IjMifQ.2Jw0cKQIV136ovC-V7bgqKYbuFAA9ksGwhwaeh88WpE HTTP/1.1" 404 9536
WARNING 2026-06-05 08:39:53,431 basehttp 10232 15844 "GET /ws/notifications/?token=eyJhbGciOiJIUzI1NiIsInR5cCI6IkpXVCJ9.eyJ0b2tlbl90eXBlIjoiYWNjZXNzIiwiZXhwIjoxNzgwOTkzNzA0LCJpYXQiOjE3ODA1NjE3MDQsImp0aSI6ImY0Nzk4M2RlZWUzOTQ3OGRiMjIyMzE5ZWQ0NDYzY2ZiIiwidXNlcl9pZCI6IjMifQ.2Jw0cKQIV136ovC-V7bgqKYbuFAA9ksGwhwaeh88WpE HTTP/1.1" 404 9536
WARNING 2026-06-05 08:39:55,760 basehttp 10232 15820 "GET /chat/unread-counts/ HTTP/1.1" 404 9304
WARNING 2026-06-05 08:39:57,340 basehttp 10232 16680 "GET /ws/notifications/?token=eyJhbGciOiJIUzI1NiIsInR5cCI6IkpXVCJ9.eyJ0b2tlbl90eXBlIjoiYWNjZXNzIiwiZXhwIjoxNzgwOTkzNzA0LCJpYXQiOjE3ODA1NjE3MDQsImp0aSI6ImY0Nzk4M2RlZWUzOTQ3OGRiMjIyMzE5ZWQ0NDYzY2ZiIiwidXNlcl9pZCI6IjMifQ.2Jw0cKQIV136ovC-V7bgqKYbuFAA9ksGwhwaeh88WpE HTTP/1.1" 404 9536
WARNING 2026-06-05 08:39:59,764 basehttp 10232 9428 "GET /ws/notifications/?token=eyJhbGciOiJIUzI1NiIsInR5cCI6IkpXVCJ9.eyJ0b2tlbl90eXBlIjoiYWNjZXNzIiwiZXhwIjoxNzgwOTkzNzA0LCJpYXQiOjE3ODA1NjE3MDQsImp0aSI6ImY0Nzk4M2RlZWUzOTQ3OGRiMjIyMzE5ZWQ0NDYzY2ZiIiwidXNlcl9pZCI6IjMifQ.2Jw0cKQIV136ovC-V7bgqKYbuFAA9ksGwhwaeh88WpE HTTP/1.1" 404 9536
WARNING 2026-06-05 08:40:05,431 basehttp 10232 16740 "GET /ws/notifications/?token=eyJhbGciOiJIUzI1NiIsInR5cCI6IkpXVCJ9.eyJ0b2tlbl90eXBlIjoiYWNjZXNzIiwiZXhwIjoxNzgwOTkzNzA0LCJpYXQiOjE3ODA1NjE3MDQsImp0aSI6ImY0Nzk4M2RlZWUzOTQ3OGRiMjIyMzE5ZWQ0NDYzY2ZiIiwidXNlcl9pZCI6IjMifQ.2Jw0cKQIV136ovC-V7bgqKYbuFAA9ksGwhwaeh88WpE HTTP/1.1" 404 9536
WARNING 2026-06-05 08:40:09,211 basehttp 10232 14528 "GET /ws/notifications/?token=eyJhbGciOiJIUzI1NiIsInR5cCI6IkpXVCJ9.eyJ0b2tlbl90eXBlIjoiYWNjZXNzIiwiZXhwIjoxNzgwOTkzNzA0LCJpYXQiOjE3ODA1NjE3MDQsImp0aSI6ImY0Nzk4M2RlZWUzOTQ3OGRiMjIyMzE5ZWQ0NDYzY2ZiIiwidXNlcl9pZCI6IjMifQ.2Jw0cKQIV136ovC-V7bgqKYbuFAA9ksGwhwaeh88WpE HTTP/1.1" 404 9536
WARNING 2026-06-05 08:40:13,653 basehttp 10232 12404 "GET /ws/notifications/?token=eyJhbGciOiJIUzI1NiIsInR5cCI6IkpXVCJ9.eyJ0b2tlbl90eXBlIjoiYWNjZXNzIiwiZXhwIjoxNzgwOTkzNzA0LCJpYXQiOjE3ODA1NjE3MDQsImp0aSI6ImY0Nzk4M2RlZWUzOTQ3OGRiMjIyMzE5ZWQ0NDYzY2ZiIiwidXNlcl9pZCI6IjMifQ.2Jw0cKQIV136ovC-V7bgqKYbuFAA9ksGwhwaeh88WpE HTTP/1.1" 404 9536
WARNING 2026-06-05 08:40:20,323 basehttp 10232 12432 "GET /ws/notifications/?token=eyJhbGciOiJIUzI1NiIsInR5cCI6IkpXVCJ9.eyJ0b2tlbl90eXBlIjoiYWNjZXNzIiwiZXhwIjoxNzgwOTkzNzA0LCJpYXQiOjE3ODA1NjE3MDQsImp0aSI6ImY0Nzk4M2RlZWUzOTQ3OGRiMjIyMzE5ZWQ0NDYzY2ZiIiwidXNlcl9pZCI6IjMifQ.2Jw0cKQIV136ovC-V7bgqKYbuFAA9ksGwhwaeh88WpE HTTP/1.1" 404 9536
WARNING 2026-06-05 08:40:25,741 basehttp 10232 15172 "GET /ws/notifications/?token=eyJhbGciOiJIUzI1NiIsInR5cCI6IkpXVCJ9.eyJ0b2tlbl90eXBlIjoiYWNjZXNzIiwiZXhwIjoxNzgwOTkzNzA0LCJpYXQiOjE3ODA1NjE3MDQsImp0aSI6ImY0Nzk4M2RlZWUzOTQ3OGRiMjIyMzE5ZWQ0NDYzY2ZiIiwidXNlcl9pZCI6IjMifQ.2Jw0cKQIV136ovC-V7bgqKYbuFAA9ksGwhwaeh88WpE HTTP/1.1" 404 9536
WARNING 2026-06-05 08:40:29,719 basehttp 10232 15960 "GET /ws/notifications/?token=eyJhbGciOiJIUzI1NiIsInR5cCI6IkpXVCJ9.eyJ0b2tlbl90eXBlIjoiYWNjZXNzIiwiZXhwIjoxNzgwOTkzNzA0LCJpYXQiOjE3ODA1NjE3MDQsImp0aSI6ImY0Nzk4M2RlZWUzOTQ3OGRiMjIyMzE5ZWQ0NDYzY2ZiIiwidXNlcl9pZCI6IjMifQ.2Jw0cKQIV136ovC-V7bgqKYbuFAA9ksGwhwaeh88WpE HTTP/1.1" 404 9536
WARNING 2026-06-05 08:40:34,111 basehttp 10232 1524 "GET /ws/notifications/?token=eyJhbGciOiJIUzI1NiIsInR5cCI6IkpXVCJ9.eyJ0b2tlbl90eXBlIjoiYWNjZXNzIiwiZXhwIjoxNzgwOTkzNzA0LCJpYXQiOjE3ODA1NjE3MDQsImp0aSI6ImY0Nzk4M2RlZWUzOTQ3OGRiMjIyMzE5ZWQ0NDYzY2ZiIiwidXNlcl9pZCI6IjMifQ.2Jw0cKQIV136ovC-V7bgqKYbuFAA9ksGwhwaeh88WpE HTTP/1.1" 404 9536
WARNING 2026-06-05 08:40:40,422 basehttp 10232 11432 "GET /ws/notifications/?token=eyJhbGciOiJIUzI1NiIsInR5cCI6IkpXVCJ9.eyJ0b2tlbl90eXBlIjoiYWNjZXNzIiwiZXhwIjoxNzgwOTkzNzA0LCJpYXQiOjE3ODA1NjE3MDQsImp0aSI6ImY0Nzk4M2RlZWUzOTQ3OGRiMjIyMzE5ZWQ0NDYzY2ZiIiwidXNlcl9pZCI6IjMifQ.2Jw0cKQIV136ovC-V7bgqKYbuFAA9ksGwhwaeh88WpE HTTP/1.1" 404 9536
WARNING 2026-06-05 08:40:44,810 basehttp 10232 15912 "GET /ws/notifications/?token=eyJhbGciOiJIUzI1NiIsInR5cCI6IkpXVCJ9.eyJ0b2tlbl90eXBlIjoiYWNjZXNzIiwiZXhwIjoxNzgwOTkzNzA0LCJpYXQiOjE3ODA1NjE3MDQsImp0aSI6ImY0Nzk4M2RlZWUzOTQ3OGRiMjIyMzE5ZWQ0NDYzY2ZiIiwidXNlcl9pZCI6IjMifQ.2Jw0cKQIV136ovC-V7bgqKYbuFAA9ksGwhwaeh88WpE HTTP/1.1" 404 9536
WARNING 2026-06-05 08:40:47,739 basehttp 10232 12800 "GET /ws/notifications/?token=eyJhbGciOiJIUzI1NiIsInR5cCI6IkpXVCJ9.eyJ0b2tlbl90eXBlIjoiYWNjZXNzIiwiZXhwIjoxNzgwOTkzNzA0LCJpYXQiOjE3ODA1NjE3MDQsImp0aSI6ImY0Nzk4M2RlZWUzOTQ3OGRiMjIyMzE5ZWQ0NDYzY2ZiIiwidXNlcl9pZCI6IjMifQ.2Jw0cKQIV136ovC-V7bgqKYbuFAA9ksGwhwaeh88WpE HTTP/1.1" 404 9536
WARNING 2026-06-05 08:40:53,613 basehttp 10232 11712 "GET /ws/notifications/?token=eyJhbGciOiJIUzI1NiIsInR5cCI6IkpXVCJ9.eyJ0b2tlbl90eXBlIjoiYWNjZXNzIiwiZXhwIjoxNzgwOTkzNzA0LCJpYXQiOjE3ODA1NjE3MDQsImp0aSI6ImY0Nzk4M2RlZWUzOTQ3OGRiMjIyMzE5ZWQ0NDYzY2ZiIiwidXNlcl9pZCI6IjMifQ.2Jw0cKQIV136ovC-V7bgqKYbuFAA9ksGwhwaeh88WpE HTTP/1.1" 404 9536
WARNING 2026-06-05 08:40:55,751 basehttp 10232 15820 "GET /chat/unread-counts/ HTTP/1.1" 404 9304
WARNING 2026-06-05 08:40:56,988 basehttp 10232 15256 "GET /ws/notifications/?token=eyJhbGciOiJIUzI1NiIsInR5cCI6IkpXVCJ9.eyJ0b2tlbl90eXBlIjoiYWNjZXNzIiwiZXhwIjoxNzgwOTkzNzA0LCJpYXQiOjE3ODA1NjE3MDQsImp0aSI6ImY0Nzk4M2RlZWUzOTQ3OGRiMjIyMzE5ZWQ0NDYzY2ZiIiwidXNlcl9pZCI6IjMifQ.2Jw0cKQIV136ovC-V7bgqKYbuFAA9ksGwhwaeh88WpE HTTP/1.1" 404 9536
WARNING 2026-06-05 08:41:02,983 basehttp 10232 18096 "GET /ws/notifications/?token=eyJhbGciOiJIUzI1NiIsInR5cCI6IkpXVCJ9.eyJ0b2tlbl90eXBlIjoiYWNjZXNzIiwiZXhwIjoxNzgwOTkzNzA0LCJpYXQiOjE3ODA1NjE3MDQsImp0aSI6ImY0Nzk4M2RlZWUzOTQ3OGRiMjIyMzE5ZWQ0NDYzY2ZiIiwidXNlcl9pZCI6IjMifQ.2Jw0cKQIV136ovC-V7bgqKYbuFAA9ksGwhwaeh88WpE HTTP/1.1" 404 9536
WARNING 2026-06-05 08:41:08,466 basehttp 10232 14812 "GET /ws/notifications/?token=eyJhbGciOiJIUzI1NiIsInR5cCI6IkpXVCJ9.eyJ0b2tlbl90eXBlIjoiYWNjZXNzIiwiZXhwIjoxNzgwOTkzNzA0LCJpYXQiOjE3ODA1NjE3MDQsImp0aSI6ImY0Nzk4M2RlZWUzOTQ3OGRiMjIyMzE5ZWQ0NDYzY2ZiIiwidXNlcl9pZCI6IjMifQ.2Jw0cKQIV136ovC-V7bgqKYbuFAA9ksGwhwaeh88WpE HTTP/1.1" 404 9536
WARNING 2026-06-05 08:41:13,699 basehttp 10232 18368 "GET /ws/notifications/?token=eyJhbGciOiJIUzI1NiIsInR5cCI6IkpXVCJ9.eyJ0b2tlbl90eXBlIjoiYWNjZXNzIiwiZXhwIjoxNzgwOTkzNzA0LCJpYXQiOjE3ODA1NjE3MDQsImp0aSI6ImY0Nzk4M2RlZWUzOTQ3OGRiMjIyMzE5ZWQ0NDYzY2ZiIiwidXNlcl9pZCI6IjMifQ.2Jw0cKQIV136ovC-V7bgqKYbuFAA9ksGwhwaeh88WpE HTTP/1.1" 404 9536
WARNING 2026-06-05 08:41:19,131 basehttp 10232 17144 "GET /ws/notifications/?token=eyJhbGciOiJIUzI1NiIsInR5cCI6IkpXVCJ9.eyJ0b2tlbl90eXBlIjoiYWNjZXNzIiwiZXhwIjoxNzgwOTkzNzA0LCJpYXQiOjE3ODA1NjE3MDQsImp0aSI6ImY0Nzk4M2RlZWUzOTQ3OGRiMjIyMzE5ZWQ0NDYzY2ZiIiwidXNlcl9pZCI6IjMifQ.2Jw0cKQIV136ovC-V7bgqKYbuFAA9ksGwhwaeh88WpE HTTP/1.1" 404 9536
WARNING 2026-06-05 08:41:24,098 basehttp 10232 16120 "GET /ws/notifications/?token=eyJhbGciOiJIUzI1NiIsInR5cCI6IkpXVCJ9.eyJ0b2tlbl90eXBlIjoiYWNjZXNzIiwiZXhwIjoxNzgwOTkzNzA0LCJpYXQiOjE3ODA1NjE3MDQsImp0aSI6ImY0Nzk4M2RlZWUzOTQ3OGRiMjIyMzE5ZWQ0NDYzY2ZiIiwidXNlcl9pZCI6IjMifQ.2Jw0cKQIV136ovC-V7bgqKYbuFAA9ksGwhwaeh88WpE HTTP/1.1" 404 9536
WARNING 2026-06-05 08:41:29,857 basehttp 10232 9988 "GET /ws/notifications/?token=eyJhbGciOiJIUzI1NiIsInR5cCI6IkpXVCJ9.eyJ0b2tlbl90eXBlIjoiYWNjZXNzIiwiZXhwIjoxNzgwOTkzNzA0LCJpYXQiOjE3ODA1NjE3MDQsImp0aSI6ImY0Nzk4M2RlZWUzOTQ3OGRiMjIyMzE5ZWQ0NDYzY2ZiIiwidXNlcl9pZCI6IjMifQ.2Jw0cKQIV136ovC-V7bgqKYbuFAA9ksGwhwaeh88WpE HTTP/1.1" 404 9536
WARNING 2026-06-05 08:41:33,514 basehttp 10232 7624 "GET /ws/notifications/?token=eyJhbGciOiJIUzI1NiIsInR5cCI6IkpXVCJ9.eyJ0b2tlbl90eXBlIjoiYWNjZXNzIiwiZXhwIjoxNzgwOTkzNzA0LCJpYXQiOjE3ODA1NjE3MDQsImp0aSI6ImY0Nzk4M2RlZWUzOTQ3OGRiMjIyMzE5ZWQ0NDYzY2ZiIiwidXNlcl9pZCI6IjMifQ.2Jw0cKQIV136ovC-V7bgqKYbuFAA9ksGwhwaeh88WpE HTTP/1.1" 404 9536
WARNING 2026-06-05 08:41:37,869 basehttp 10232 3408 "GET /ws/notifications/?token=eyJhbGciOiJIUzI1NiIsInR5cCI6IkpXVCJ9.eyJ0b2tlbl90eXBlIjoiYWNjZXNzIiwiZXhwIjoxNzgwOTkzNzA0LCJpYXQiOjE3ODA1NjE3MDQsImp0aSI6ImY0Nzk4M2RlZWUzOTQ3OGRiMjIyMzE5ZWQ0NDYzY2ZiIiwidXNlcl9pZCI6IjMifQ.2Jw0cKQIV136ovC-V7bgqKYbuFAA9ksGwhwaeh88WpE HTTP/1.1" 404 9536
WARNING 2026-06-05 08:41:43,317 basehttp 10232 576 "GET /ws/notifications/?token=eyJhbGciOiJIUzI1NiIsInR5cCI6IkpXVCJ9.eyJ0b2tlbl90eXBlIjoiYWNjZXNzIiwiZXhwIjoxNzgwOTkzNzA0LCJpYXQiOjE3ODA1NjE3MDQsImp0aSI6ImY0Nzk4M2RlZWUzOTQ3OGRiMjIyMzE5ZWQ0NDYzY2ZiIiwidXNlcl9pZCI6IjMifQ.2Jw0cKQIV136ovC-V7bgqKYbuFAA9ksGwhwaeh88WpE HTTP/1.1" 404 9536
WARNING 2026-06-05 08:41:46,951 basehttp 10232 12696 "GET /ws/notifications/?token=eyJhbGciOiJIUzI1NiIsInR5cCI6IkpXVCJ9.eyJ0b2tlbl90eXBlIjoiYWNjZXNzIiwiZXhwIjoxNzgwOTkzNzA0LCJpYXQiOjE3ODA1NjE3MDQsImp0aSI6ImY0Nzk4M2RlZWUzOTQ3OGRiMjIyMzE5ZWQ0NDYzY2ZiIiwidXNlcl9pZCI6IjMifQ.2Jw0cKQIV136ovC-V7bgqKYbuFAA9ksGwhwaeh88WpE HTTP/1.1" 404 9536
WARNING 2026-06-05 08:41:53,217 basehttp 10232 16988 "GET /ws/notifications/?token=eyJhbGciOiJIUzI1NiIsInR5cCI6IkpXVCJ9.eyJ0b2tlbl90eXBlIjoiYWNjZXNzIiwiZXhwIjoxNzgwOTkzNzA0LCJpYXQiOjE3ODA1NjE3MDQsImp0aSI6ImY0Nzk4M2RlZWUzOTQ3OGRiMjIyMzE5ZWQ0NDYzY2ZiIiwidXNlcl9pZCI6IjMifQ.2Jw0cKQIV136ovC-V7bgqKYbuFAA9ksGwhwaeh88WpE HTTP/1.1" 404 9536
WARNING 2026-06-05 08:41:55,747 basehttp 10232 15820 "GET /chat/unread-counts/ HTTP/1.1" 404 9304
WARNING 2026-06-05 08:41:57,846 basehttp 10232 15416 "GET /ws/notifications/?token=eyJhbGciOiJIUzI1NiIsInR5cCI6IkpXVCJ9.eyJ0b2tlbl90eXBlIjoiYWNjZXNzIiwiZXhwIjoxNzgwOTkzNzA0LCJpYXQiOjE3ODA1NjE3MDQsImp0aSI6ImY0Nzk4M2RlZWUzOTQ3OGRiMjIyMzE5ZWQ0NDYzY2ZiIiwidXNlcl9pZCI6IjMifQ.2Jw0cKQIV136ovC-V7bgqKYbuFAA9ksGwhwaeh88WpE HTTP/1.1" 404 9536
WARNING 2026-06-05 08:42:02,540 basehttp 10232 15496 "GET /ws/notifications/?token=eyJhbGciOiJIUzI1NiIsInR5cCI6IkpXVCJ9.eyJ0b2tlbl90eXBlIjoiYWNjZXNzIiwiZXhwIjoxNzgwOTkzNzA0LCJpYXQiOjE3ODA1NjE3MDQsImp0aSI6ImY0Nzk4M2RlZWUzOTQ3OGRiMjIyMzE5ZWQ0NDYzY2ZiIiwidXNlcl9pZCI6IjMifQ.2Jw0cKQIV136ovC-V7bgqKYbuFAA9ksGwhwaeh88WpE HTTP/1.1" 404 9536
WARNING 2026-06-05 08:42:06,324 basehttp 10232 7448 "GET /ws/notifications/?token=eyJhbGciOiJIUzI1NiIsInR5cCI6IkpXVCJ9.eyJ0b2tlbl90eXBlIjoiYWNjZXNzIiwiZXhwIjoxNzgwOTkzNzA0LCJpYXQiOjE3ODA1NjE3MDQsImp0aSI6ImY0Nzk4M2RlZWUzOTQ3OGRiMjIyMzE5ZWQ0NDYzY2ZiIiwidXNlcl9pZCI6IjMifQ.2Jw0cKQIV136ovC-V7bgqKYbuFAA9ksGwhwaeh88WpE HTTP/1.1" 404 9536
WARNING 2026-06-05 08:42:12,485 basehttp 10232 3928 "GET /ws/notifications/?token=eyJhbGciOiJIUzI1NiIsInR5cCI6IkpXVCJ9.eyJ0b2tlbl90eXBlIjoiYWNjZXNzIiwiZXhwIjoxNzgwOTkzNzA0LCJpYXQiOjE3ODA1NjE3MDQsImp0aSI6ImY0Nzk4M2RlZWUzOTQ3OGRiMjIyMzE5ZWQ0NDYzY2ZiIiwidXNlcl9pZCI6IjMifQ.2Jw0cKQIV136ovC-V7bgqKYbuFAA9ksGwhwaeh88WpE HTTP/1.1" 404 9536
WARNING 2026-06-05 08:42:16,773 basehttp 10232 15384 "GET /ws/notifications/?token=eyJhbGciOiJIUzI1NiIsInR5cCI6IkpXVCJ9.eyJ0b2tlbl90eXBlIjoiYWNjZXNzIiwiZXhwIjoxNzgwOTkzNzA0LCJpYXQiOjE3ODA1NjE3MDQsImp0aSI6ImY0Nzk4M2RlZWUzOTQ3OGRiMjIyMzE5ZWQ0NDYzY2ZiIiwidXNlcl9pZCI6IjMifQ.2Jw0cKQIV136ovC-V7bgqKYbuFAA9ksGwhwaeh88WpE HTTP/1.1" 404 9536
WARNING 2026-06-05 08:42:21,387 basehttp 10232 13088 "GET /ws/notifications/?token=eyJhbGciOiJIUzI1NiIsInR5cCI6IkpXVCJ9.eyJ0b2tlbl90eXBlIjoiYWNjZXNzIiwiZXhwIjoxNzgwOTkzNzA0LCJpYXQiOjE3ODA1NjE3MDQsImp0aSI6ImY0Nzk4M2RlZWUzOTQ3OGRiMjIyMzE5ZWQ0NDYzY2ZiIiwidXNlcl9pZCI6IjMifQ.2Jw0cKQIV136ovC-V7bgqKYbuFAA9ksGwhwaeh88WpE HTTP/1.1" 404 9536
WARNING 2026-06-05 08:42:25,883 basehttp 10232 8436 "GET /ws/notifications/?token=eyJhbGciOiJIUzI1NiIsInR5cCI6IkpXVCJ9.eyJ0b2tlbl90eXBlIjoiYWNjZXNzIiwiZXhwIjoxNzgwOTkzNzA0LCJpYXQiOjE3ODA1NjE3MDQsImp0aSI6ImY0Nzk4M2RlZWUzOTQ3OGRiMjIyMzE5ZWQ0NDYzY2ZiIiwidXNlcl9pZCI6IjMifQ.2Jw0cKQIV136ovC-V7bgqKYbuFAA9ksGwhwaeh88WpE HTTP/1.1" 404 9536
WARNING 2026-06-05 08:42:31,637 basehttp 10232 18400 "GET /ws/notifications/?token=eyJhbGciOiJIUzI1NiIsInR5cCI6IkpXVCJ9.eyJ0b2tlbl90eXBlIjoiYWNjZXNzIiwiZXhwIjoxNzgwOTkzNzA0LCJpYXQiOjE3ODA1NjE3MDQsImp0aSI6ImY0Nzk4M2RlZWUzOTQ3OGRiMjIyMzE5ZWQ0NDYzY2ZiIiwidXNlcl9pZCI6IjMifQ.2Jw0cKQIV136ovC-V7bgqKYbuFAA9ksGwhwaeh88WpE HTTP/1.1" 404 9536
WARNING 2026-06-05 08:42:35,375 basehttp 10232 17784 "GET /ws/notifications/?token=eyJhbGciOiJIUzI1NiIsInR5cCI6IkpXVCJ9.eyJ0b2tlbl90eXBlIjoiYWNjZXNzIiwiZXhwIjoxNzgwOTkzNzA0LCJpYXQiOjE3ODA1NjE3MDQsImp0aSI6ImY0Nzk4M2RlZWUzOTQ3OGRiMjIyMzE5ZWQ0NDYzY2ZiIiwidXNlcl9pZCI6IjMifQ.2Jw0cKQIV136ovC-V7bgqKYbuFAA9ksGwhwaeh88WpE HTTP/1.1" 404 9536
WARNING 2026-06-05 08:42:38,245 basehttp 10232 8596 "GET /ws/notifications/?token=eyJhbGciOiJIUzI1NiIsInR5cCI6IkpXVCJ9.eyJ0b2tlbl90eXBlIjoiYWNjZXNzIiwiZXhwIjoxNzgwOTkzNzA0LCJpYXQiOjE3ODA1NjE3MDQsImp0aSI6ImY0Nzk4M2RlZWUzOTQ3OGRiMjIyMzE5ZWQ0NDYzY2ZiIiwidXNlcl9pZCI6IjMifQ.2Jw0cKQIV136ovC-V7bgqKYbuFAA9ksGwhwaeh88WpE HTTP/1.1" 404 9536
WARNING 2026-06-05 08:42:43,308 basehttp 10232 15380 "GET /ws/notifications/?token=eyJhbGciOiJIUzI1NiIsInR5cCI6IkpXVCJ9.eyJ0b2tlbl90eXBlIjoiYWNjZXNzIiwiZXhwIjoxNzgwOTkzNzA0LCJpYXQiOjE3ODA1NjE3MDQsImp0aSI6ImY0Nzk4M2RlZWUzOTQ3OGRiMjIyMzE5ZWQ0NDYzY2ZiIiwidXNlcl9pZCI6IjMifQ.2Jw0cKQIV136ovC-V7bgqKYbuFAA9ksGwhwaeh88WpE HTTP/1.1" 404 9536
WARNING 2026-06-05 08:42:48,984 basehttp 10232 17240 "GET /ws/notifications/?token=eyJhbGciOiJIUzI1NiIsInR5cCI6IkpXVCJ9.eyJ0b2tlbl90eXBlIjoiYWNjZXNzIiwiZXhwIjoxNzgwOTkzNzA0LCJpYXQiOjE3ODA1NjE3MDQsImp0aSI6ImY0Nzk4M2RlZWUzOTQ3OGRiMjIyMzE5ZWQ0NDYzY2ZiIiwidXNlcl9pZCI6IjMifQ.2Jw0cKQIV136ovC-V7bgqKYbuFAA9ksGwhwaeh88WpE HTTP/1.1" 404 9536
WARNING 2026-06-05 08:42:53,451 basehttp 10232 8552 "GET /ws/notifications/?token=eyJhbGciOiJIUzI1NiIsInR5cCI6IkpXVCJ9.eyJ0b2tlbl90eXBlIjoiYWNjZXNzIiwiZXhwIjoxNzgwOTkzNzA0LCJpYXQiOjE3ODA1NjE3MDQsImp0aSI6ImY0Nzk4M2RlZWUzOTQ3OGRiMjIyMzE5ZWQ0NDYzY2ZiIiwidXNlcl9pZCI6IjMifQ.2Jw0cKQIV136ovC-V7bgqKYbuFAA9ksGwhwaeh88WpE HTTP/1.1" 404 9536
WARNING 2026-06-05 08:42:55,813 basehttp 10232 15820 "GET /chat/unread-counts/ HTTP/1.1" 404 9304
WARNING 2026-06-05 08:42:57,488 basehttp 10232 17816 "GET /ws/notifications/?token=eyJhbGciOiJIUzI1NiIsInR5cCI6IkpXVCJ9.eyJ0b2tlbl90eXBlIjoiYWNjZXNzIiwiZXhwIjoxNzgwOTkzNzA0LCJpYXQiOjE3ODA1NjE3MDQsImp0aSI6ImY0Nzk4M2RlZWUzOTQ3OGRiMjIyMzE5ZWQ0NDYzY2ZiIiwidXNlcl9pZCI6IjMifQ.2Jw0cKQIV136ovC-V7bgqKYbuFAA9ksGwhwaeh88WpE HTTP/1.1" 404 9536
WARNING 2026-06-05 08:42:59,934 basehttp 10232 1856 "GET /ws/notifications/?token=eyJhbGciOiJIUzI1NiIsInR5cCI6IkpXVCJ9.eyJ0b2tlbl90eXBlIjoiYWNjZXNzIiwiZXhwIjoxNzgwOTkzNzA0LCJpYXQiOjE3ODA1NjE3MDQsImp0aSI6ImY0Nzk4M2RlZWUzOTQ3OGRiMjIyMzE5ZWQ0NDYzY2ZiIiwidXNlcl9pZCI6IjMifQ.2Jw0cKQIV136ovC-V7bgqKYbuFAA9ksGwhwaeh88WpE HTTP/1.1" 404 9536
WARNING 2026-06-05 08:43:04,490 basehttp 10232 11856 "GET /ws/notifications/?token=eyJhbGciOiJIUzI1NiIsInR5cCI6IkpXVCJ9.eyJ0b2tlbl90eXBlIjoiYWNjZXNzIiwiZXhwIjoxNzgwOTkzNzA0LCJpYXQiOjE3ODA1NjE3MDQsImp0aSI6ImY0Nzk4M2RlZWUzOTQ3OGRiMjIyMzE5ZWQ0NDYzY2ZiIiwidXNlcl9pZCI6IjMifQ.2Jw0cKQIV136ovC-V7bgqKYbuFAA9ksGwhwaeh88WpE HTTP/1.1" 404 9536
WARNING 2026-06-05 08:43:07,342 basehttp 10232 14364 "GET /ws/notifications/?token=eyJhbGciOiJIUzI1NiIsInR5cCI6IkpXVCJ9.eyJ0b2tlbl90eXBlIjoiYWNjZXNzIiwiZXhwIjoxNzgwOTkzNzA0LCJpYXQiOjE3ODA1NjE3MDQsImp0aSI6ImY0Nzk4M2RlZWUzOTQ3OGRiMjIyMzE5ZWQ0NDYzY2ZiIiwidXNlcl9pZCI6IjMifQ.2Jw0cKQIV136ovC-V7bgqKYbuFAA9ksGwhwaeh88WpE HTTP/1.1" 404 9536
WARNING 2026-06-05 08:43:11,837 basehttp 10232 14940 "GET /ws/notifications/?token=eyJhbGciOiJIUzI1NiIsInR5cCI6IkpXVCJ9.eyJ0b2tlbl90eXBlIjoiYWNjZXNzIiwiZXhwIjoxNzgwOTkzNzA0LCJpYXQiOjE3ODA1NjE3MDQsImp0aSI6ImY0Nzk4M2RlZWUzOTQ3OGRiMjIyMzE5ZWQ0NDYzY2ZiIiwidXNlcl9pZCI6IjMifQ.2Jw0cKQIV136ovC-V7bgqKYbuFAA9ksGwhwaeh88WpE HTTP/1.1" 404 9536
WARNING 2026-06-05 08:43:17,420 basehttp 10232 16700 "GET /ws/notifications/?token=eyJhbGciOiJIUzI1NiIsInR5cCI6IkpXVCJ9.eyJ0b2tlbl90eXBlIjoiYWNjZXNzIiwiZXhwIjoxNzgwOTkzNzA0LCJpYXQiOjE3ODA1NjE3MDQsImp0aSI6ImY0Nzk4M2RlZWUzOTQ3OGRiMjIyMzE5ZWQ0NDYzY2ZiIiwidXNlcl9pZCI6IjMifQ.2Jw0cKQIV136ovC-V7bgqKYbuFAA9ksGwhwaeh88WpE HTTP/1.1" 404 9536
WARNING 2026-06-05 08:43:21,790 basehttp 10232 1920 "GET /ws/notifications/?token=eyJhbGciOiJIUzI1NiIsInR5cCI6IkpXVCJ9.eyJ0b2tlbl90eXBlIjoiYWNjZXNzIiwiZXhwIjoxNzgwOTkzNzA0LCJpYXQiOjE3ODA1NjE3MDQsImp0aSI6ImY0Nzk4M2RlZWUzOTQ3OGRiMjIyMzE5ZWQ0NDYzY2ZiIiwidXNlcl9pZCI6IjMifQ.2Jw0cKQIV136ovC-V7bgqKYbuFAA9ksGwhwaeh88WpE HTTP/1.1" 404 9536
WARNING 2026-06-05 08:43:28,657 basehttp 10232 12332 "GET /ws/notifications/?token=eyJhbGciOiJIUzI1NiIsInR5cCI6IkpXVCJ9.eyJ0b2tlbl90eXBlIjoiYWNjZXNzIiwiZXhwIjoxNzgwOTkzNzA0LCJpYXQiOjE3ODA1NjE3MDQsImp0aSI6ImY0Nzk4M2RlZWUzOTQ3OGRiMjIyMzE5ZWQ0NDYzY2ZiIiwidXNlcl9pZCI6IjMifQ.2Jw0cKQIV136ovC-V7bgqKYbuFAA9ksGwhwaeh88WpE HTTP/1.1" 404 9536
WARNING 2026-06-05 08:43:34,168 basehttp 10232 13596 "GET /ws/notifications/?token=eyJhbGciOiJIUzI1NiIsInR5cCI6IkpXVCJ9.eyJ0b2tlbl90eXBlIjoiYWNjZXNzIiwiZXhwIjoxNzgwOTkzNzA0LCJpYXQiOjE3ODA1NjE3MDQsImp0aSI6ImY0Nzk4M2RlZWUzOTQ3OGRiMjIyMzE5ZWQ0NDYzY2ZiIiwidXNlcl9pZCI6IjMifQ.2Jw0cKQIV136ovC-V7bgqKYbuFAA9ksGwhwaeh88WpE HTTP/1.1" 404 9536
WARNING 2026-06-05 08:43:38,198 basehttp 10232 9896 "GET /ws/notifications/?token=eyJhbGciOiJIUzI1NiIsInR5cCI6IkpXVCJ9.eyJ0b2tlbl90eXBlIjoiYWNjZXNzIiwiZXhwIjoxNzgwOTkzNzA0LCJpYXQiOjE3ODA1NjE3MDQsImp0aSI6ImY0Nzk4M2RlZWUzOTQ3OGRiMjIyMzE5ZWQ0NDYzY2ZiIiwidXNlcl9pZCI6IjMifQ.2Jw0cKQIV136ovC-V7bgqKYbuFAA9ksGwhwaeh88WpE HTTP/1.1" 404 9536
WARNING 2026-06-05 08:43:41,171 basehttp 10232 9344 "GET /ws/notifications/?token=eyJhbGciOiJIUzI1NiIsInR5cCI6IkpXVCJ9.eyJ0b2tlbl90eXBlIjoiYWNjZXNzIiwiZXhwIjoxNzgwOTkzNzA0LCJpYXQiOjE3ODA1NjE3MDQsImp0aSI6ImY0Nzk4M2RlZWUzOTQ3OGRiMjIyMzE5ZWQ0NDYzY2ZiIiwidXNlcl9pZCI6IjMifQ.2Jw0cKQIV136ovC-V7bgqKYbuFAA9ksGwhwaeh88WpE HTTP/1.1" 404 9536
WARNING 2026-06-05 08:43:45,070 basehttp 10232 17292 "GET /ws/notifications/?token=eyJhbGciOiJIUzI1NiIsInR5cCI6IkpXVCJ9.eyJ0b2tlbl90eXBlIjoiYWNjZXNzIiwiZXhwIjoxNzgwOTkzNzA0LCJpYXQiOjE3ODA1NjE3MDQsImp0aSI6ImY0Nzk4M2RlZWUzOTQ3OGRiMjIyMzE5ZWQ0NDYzY2ZiIiwidXNlcl9pZCI6IjMifQ.2Jw0cKQIV136ovC-V7bgqKYbuFAA9ksGwhwaeh88WpE HTTP/1.1" 404 9536
WARNING 2026-06-05 08:43:50,575 basehttp 10232 17504 "GET /ws/notifications/?token=eyJhbGciOiJIUzI1NiIsInR5cCI6IkpXVCJ9.eyJ0b2tlbl90eXBlIjoiYWNjZXNzIiwiZXhwIjoxNzgwOTkzNzA0LCJpYXQiOjE3ODA1NjE3MDQsImp0aSI6ImY0Nzk4M2RlZWUzOTQ3OGRiMjIyMzE5ZWQ0NDYzY2ZiIiwidXNlcl9pZCI6IjMifQ.2Jw0cKQIV136ovC-V7bgqKYbuFAA9ksGwhwaeh88WpE HTTP/1.1" 404 9536
WARNING 2026-06-05 08:43:55,323 basehttp 10232 17540 "GET /ws/notifications/?token=eyJhbGciOiJIUzI1NiIsInR5cCI6IkpXVCJ9.eyJ0b2tlbl90eXBlIjoiYWNjZXNzIiwiZXhwIjoxNzgwOTkzNzA0LCJpYXQiOjE3ODA1NjE3MDQsImp0aSI6ImY0Nzk4M2RlZWUzOTQ3OGRiMjIyMzE5ZWQ0NDYzY2ZiIiwidXNlcl9pZCI6IjMifQ.2Jw0cKQIV136ovC-V7bgqKYbuFAA9ksGwhwaeh88WpE HTTP/1.1" 404 9536
WARNING 2026-06-05 08:43:55,795 basehttp 10232 15820 "GET /chat/unread-counts/ HTTP/1.1" 404 9304
WARNING 2026-06-05 08:44:00,370 basehttp 10232 17684 "GET /ws/notifications/?token=eyJhbGciOiJIUzI1NiIsInR5cCI6IkpXVCJ9.eyJ0b2tlbl90eXBlIjoiYWNjZXNzIiwiZXhwIjoxNzgwOTkzNzA0LCJpYXQiOjE3ODA1NjE3MDQsImp0aSI6ImY0Nzk4M2RlZWUzOTQ3OGRiMjIyMzE5ZWQ0NDYzY2ZiIiwidXNlcl9pZCI6IjMifQ.2Jw0cKQIV136ovC-V7bgqKYbuFAA9ksGwhwaeh88WpE HTTP/1.1" 404 9536
WARNING 2026-06-05 08:44:06,595 basehttp 10232 17424 "GET /ws/notifications/?token=eyJhbGciOiJIUzI1NiIsInR5cCI6IkpXVCJ9.eyJ0b2tlbl90eXBlIjoiYWNjZXNzIiwiZXhwIjoxNzgwOTkzNzA0LCJpYXQiOjE3ODA1NjE3MDQsImp0aSI6ImY0Nzk4M2RlZWUzOTQ3OGRiMjIyMzE5ZWQ0NDYzY2ZiIiwidXNlcl9pZCI6IjMifQ.2Jw0cKQIV136ovC-V7bgqKYbuFAA9ksGwhwaeh88WpE HTTP/1.1" 404 9536
WARNING 2026-06-05 08:44:11,285 basehttp 10232 15336 "GET /ws/notifications/?token=eyJhbGciOiJIUzI1NiIsInR5cCI6IkpXVCJ9.eyJ0b2tlbl90eXBlIjoiYWNjZXNzIiwiZXhwIjoxNzgwOTkzNzA0LCJpYXQiOjE3ODA1NjE3MDQsImp0aSI6ImY0Nzk4M2RlZWUzOTQ3OGRiMjIyMzE5ZWQ0NDYzY2ZiIiwidXNlcl9pZCI6IjMifQ.2Jw0cKQIV136ovC-V7bgqKYbuFAA9ksGwhwaeh88WpE HTTP/1.1" 404 9536
WARNING 2026-06-05 08:44:17,523 basehttp 10232 7096 "GET /ws/notifications/?token=eyJhbGciOiJIUzI1NiIsInR5cCI6IkpXVCJ9.eyJ0b2tlbl90eXBlIjoiYWNjZXNzIiwiZXhwIjoxNzgwOTkzNzA0LCJpYXQiOjE3ODA1NjE3MDQsImp0aSI6ImY0Nzk4M2RlZWUzOTQ3OGRiMjIyMzE5ZWQ0NDYzY2ZiIiwidXNlcl9pZCI6IjMifQ.2Jw0cKQIV136ovC-V7bgqKYbuFAA9ksGwhwaeh88WpE HTTP/1.1" 404 9536
WARNING 2026-06-05 08:44:22,281 basehttp 10232 5128 "GET /ws/notifications/?token=eyJhbGciOiJIUzI1NiIsInR5cCI6IkpXVCJ9.eyJ0b2tlbl90eXBlIjoiYWNjZXNzIiwiZXhwIjoxNzgwOTkzNzA0LCJpYXQiOjE3ODA1NjE3MDQsImp0aSI6ImY0Nzk4M2RlZWUzOTQ3OGRiMjIyMzE5ZWQ0NDYzY2ZiIiwidXNlcl9pZCI6IjMifQ.2Jw0cKQIV136ovC-V7bgqKYbuFAA9ksGwhwaeh88WpE HTTP/1.1" 404 9536
WARNING 2026-06-05 08:44:25,084 basehttp 10232 16572 "GET /ws/notifications/?token=eyJhbGciOiJIUzI1NiIsInR5cCI6IkpXVCJ9.eyJ0b2tlbl90eXBlIjoiYWNjZXNzIiwiZXhwIjoxNzgwOTkzNzA0LCJpYXQiOjE3ODA1NjE3MDQsImp0aSI6ImY0Nzk4M2RlZWUzOTQ3OGRiMjIyMzE5ZWQ0NDYzY2ZiIiwidXNlcl9pZCI6IjMifQ.2Jw0cKQIV136ovC-V7bgqKYbuFAA9ksGwhwaeh88WpE HTTP/1.1" 404 9536
WARNING 2026-06-05 08:44:28,292 basehttp 10232 11784 "GET /ws/notifications/?token=eyJhbGciOiJIUzI1NiIsInR5cCI6IkpXVCJ9.eyJ0b2tlbl90eXBlIjoiYWNjZXNzIiwiZXhwIjoxNzgwOTkzNzA0LCJpYXQiOjE3ODA1NjE3MDQsImp0aSI6ImY0Nzk4M2RlZWUzOTQ3OGRiMjIyMzE5ZWQ0NDYzY2ZiIiwidXNlcl9pZCI6IjMifQ.2Jw0cKQIV136ovC-V7bgqKYbuFAA9ksGwhwaeh88WpE HTTP/1.1" 404 9536
WARNING 2026-06-05 08:44:31,279 basehttp 10232 13436 "GET /ws/notifications/?token=eyJhbGciOiJIUzI1NiIsInR5cCI6IkpXVCJ9.eyJ0b2tlbl90eXBlIjoiYWNjZXNzIiwiZXhwIjoxNzgwOTkzNzA0LCJpYXQiOjE3ODA1NjE3MDQsImp0aSI6ImY0Nzk4M2RlZWUzOTQ3OGRiMjIyMzE5ZWQ0NDYzY2ZiIiwidXNlcl9pZCI6IjMifQ.2Jw0cKQIV136ovC-V7bgqKYbuFAA9ksGwhwaeh88WpE HTTP/1.1" 404 9536
WARNING 2026-06-05 08:44:36,546 basehttp 10232 4116 "GET /ws/notifications/?token=eyJhbGciOiJIUzI1NiIsInR5cCI6IkpXVCJ9.eyJ0b2tlbl90eXBlIjoiYWNjZXNzIiwiZXhwIjoxNzgwOTkzNzA0LCJpYXQiOjE3ODA1NjE3MDQsImp0aSI6ImY0Nzk4M2RlZWUzOTQ3OGRiMjIyMzE5ZWQ0NDYzY2ZiIiwidXNlcl9pZCI6IjMifQ.2Jw0cKQIV136ovC-V7bgqKYbuFAA9ksGwhwaeh88WpE HTTP/1.1" 404 9536
WARNING 2026-06-05 08:44:40,526 basehttp 10232 2236 "GET /ws/notifications/?token=eyJhbGciOiJIUzI1NiIsInR5cCI6IkpXVCJ9.eyJ0b2tlbl90eXBlIjoiYWNjZXNzIiwiZXhwIjoxNzgwOTkzNzA0LCJpYXQiOjE3ODA1NjE3MDQsImp0aSI6ImY0Nzk4M2RlZWUzOTQ3OGRiMjIyMzE5ZWQ0NDYzY2ZiIiwidXNlcl9pZCI6IjMifQ.2Jw0cKQIV136ovC-V7bgqKYbuFAA9ksGwhwaeh88WpE HTTP/1.1" 404 9536
WARNING 2026-06-05 08:44:43,234 basehttp 10232 4272 "GET /ws/notifications/?token=eyJhbGciOiJIUzI1NiIsInR5cCI6IkpXVCJ9.eyJ0b2tlbl90eXBlIjoiYWNjZXNzIiwiZXhwIjoxNzgwOTkzNzA0LCJpYXQiOjE3ODA1NjE3MDQsImp0aSI6ImY0Nzk4M2RlZWUzOTQ3OGRiMjIyMzE5ZWQ0NDYzY2ZiIiwidXNlcl9pZCI6IjMifQ.2Jw0cKQIV136ovC-V7bgqKYbuFAA9ksGwhwaeh88WpE HTTP/1.1" 404 9536
WARNING 2026-06-05 08:44:45,916 basehttp 10232 12028 "GET /ws/notifications/?token=eyJhbGciOiJIUzI1NiIsInR5cCI6IkpXVCJ9.eyJ0b2tlbl90eXBlIjoiYWNjZXNzIiwiZXhwIjoxNzgwOTkzNzA0LCJpYXQiOjE3ODA1NjE3MDQsImp0aSI6ImY0Nzk4M2RlZWUzOTQ3OGRiMjIyMzE5ZWQ0NDYzY2ZiIiwidXNlcl9pZCI6IjMifQ.2Jw0cKQIV136ovC-V7bgqKYbuFAA9ksGwhwaeh88WpE HTTP/1.1" 404 9536
WARNING 2026-06-05 08:44:49,802 basehttp 10232 10936 "GET /ws/notifications/?token=eyJhbGciOiJIUzI1NiIsInR5cCI6IkpXVCJ9.eyJ0b2tlbl90eXBlIjoiYWNjZXNzIiwiZXhwIjoxNzgwOTkzNzA0LCJpYXQiOjE3ODA1NjE3MDQsImp0aSI6ImY0Nzk4M2RlZWUzOTQ3OGRiMjIyMzE5ZWQ0NDYzY2ZiIiwidXNlcl9pZCI6IjMifQ.2Jw0cKQIV136ovC-V7bgqKYbuFAA9ksGwhwaeh88WpE HTTP/1.1" 404 9536
WARNING 2026-06-05 08:44:55,105 basehttp 10232 16508 "GET /ws/notifications/?token=eyJhbGciOiJIUzI1NiIsInR5cCI6IkpXVCJ9.eyJ0b2tlbl90eXBlIjoiYWNjZXNzIiwiZXhwIjoxNzgwOTkzNzA0LCJpYXQiOjE3ODA1NjE3MDQsImp0aSI6ImY0Nzk4M2RlZWUzOTQ3OGRiMjIyMzE5ZWQ0NDYzY2ZiIiwidXNlcl9pZCI6IjMifQ.2Jw0cKQIV136ovC-V7bgqKYbuFAA9ksGwhwaeh88WpE HTTP/1.1" 404 9536
WARNING 2026-06-05 08:44:55,773 basehttp 10232 15820 "GET /chat/unread-counts/ HTTP/1.1" 404 9304
WARNING 2026-06-05 08:45:00,188 basehttp 10232 17736 "GET /ws/notifications/?token=eyJhbGciOiJIUzI1NiIsInR5cCI6IkpXVCJ9.eyJ0b2tlbl90eXBlIjoiYWNjZXNzIiwiZXhwIjoxNzgwOTkzNzA0LCJpYXQiOjE3ODA1NjE3MDQsImp0aSI6ImY0Nzk4M2RlZWUzOTQ3OGRiMjIyMzE5ZWQ0NDYzY2ZiIiwidXNlcl9pZCI6IjMifQ.2Jw0cKQIV136ovC-V7bgqKYbuFAA9ksGwhwaeh88WpE HTTP/1.1" 404 9536
WARNING 2026-06-05 08:45:04,459 basehttp 10232 16692 "GET /ws/notifications/?token=eyJhbGciOiJIUzI1NiIsInR5cCI6IkpXVCJ9.eyJ0b2tlbl90eXBlIjoiYWNjZXNzIiwiZXhwIjoxNzgwOTkzNzA0LCJpYXQiOjE3ODA1NjE3MDQsImp0aSI6ImY0Nzk4M2RlZWUzOTQ3OGRiMjIyMzE5ZWQ0NDYzY2ZiIiwidXNlcl9pZCI6IjMifQ.2Jw0cKQIV136ovC-V7bgqKYbuFAA9ksGwhwaeh88WpE HTTP/1.1" 404 9536
WARNING 2026-06-05 08:45:08,877 basehttp 10232 3900 "GET /ws/notifications/?token=eyJhbGciOiJIUzI1NiIsInR5cCI6IkpXVCJ9.eyJ0b2tlbl90eXBlIjoiYWNjZXNzIiwiZXhwIjoxNzgwOTkzNzA0LCJpYXQiOjE3ODA1NjE3MDQsImp0aSI6ImY0Nzk4M2RlZWUzOTQ3OGRiMjIyMzE5ZWQ0NDYzY2ZiIiwidXNlcl9pZCI6IjMifQ.2Jw0cKQIV136ovC-V7bgqKYbuFAA9ksGwhwaeh88WpE HTTP/1.1" 404 9536
WARNING 2026-06-05 08:45:12,838 basehttp 10232 9656 "GET /ws/notifications/?token=eyJhbGciOiJIUzI1NiIsInR5cCI6IkpXVCJ9.eyJ0b2tlbl90eXBlIjoiYWNjZXNzIiwiZXhwIjoxNzgwOTkzNzA0LCJpYXQiOjE3ODA1NjE3MDQsImp0aSI6ImY0Nzk4M2RlZWUzOTQ3OGRiMjIyMzE5ZWQ0NDYzY2ZiIiwidXNlcl9pZCI6IjMifQ.2Jw0cKQIV136ovC-V7bgqKYbuFAA9ksGwhwaeh88WpE HTTP/1.1" 404 9536
WARNING 2026-06-05 08:45:19,773 basehttp 10232 6056 "GET /ws/notifications/?token=eyJhbGciOiJIUzI1NiIsInR5cCI6IkpXVCJ9.eyJ0b2tlbl90eXBlIjoiYWNjZXNzIiwiZXhwIjoxNzgwOTkzNzA0LCJpYXQiOjE3ODA1NjE3MDQsImp0aSI6ImY0Nzk4M2RlZWUzOTQ3OGRiMjIyMzE5ZWQ0NDYzY2ZiIiwidXNlcl9pZCI6IjMifQ.2Jw0cKQIV136ovC-V7bgqKYbuFAA9ksGwhwaeh88WpE HTTP/1.1" 404 9536
WARNING 2026-06-05 08:45:26,694 basehttp 10232 17900 "GET /ws/notifications/?token=eyJhbGciOiJIUzI1NiIsInR5cCI6IkpXVCJ9.eyJ0b2tlbl90eXBlIjoiYWNjZXNzIiwiZXhwIjoxNzgwOTkzNzA0LCJpYXQiOjE3ODA1NjE3MDQsImp0aSI6ImY0Nzk4M2RlZWUzOTQ3OGRiMjIyMzE5ZWQ0NDYzY2ZiIiwidXNlcl9pZCI6IjMifQ.2Jw0cKQIV136ovC-V7bgqKYbuFAA9ksGwhwaeh88WpE HTTP/1.1" 404 9536
WARNING 2026-06-05 08:45:32,633 basehttp 10232 12040 "GET /ws/notifications/?token=eyJhbGciOiJIUzI1NiIsInR5cCI6IkpXVCJ9.eyJ0b2tlbl90eXBlIjoiYWNjZXNzIiwiZXhwIjoxNzgwOTkzNzA0LCJpYXQiOjE3ODA1NjE3MDQsImp0aSI6ImY0Nzk4M2RlZWUzOTQ3OGRiMjIyMzE5ZWQ0NDYzY2ZiIiwidXNlcl9pZCI6IjMifQ.2Jw0cKQIV136ovC-V7bgqKYbuFAA9ksGwhwaeh88WpE HTTP/1.1" 404 9536
WARNING 2026-06-05 08:45:36,556 basehttp 10232 18044 "GET /ws/notifications/?token=eyJhbGciOiJIUzI1NiIsInR5cCI6IkpXVCJ9.eyJ0b2tlbl90eXBlIjoiYWNjZXNzIiwiZXhwIjoxNzgwOTkzNzA0LCJpYXQiOjE3ODA1NjE3MDQsImp0aSI6ImY0Nzk4M2RlZWUzOTQ3OGRiMjIyMzE5ZWQ0NDYzY2ZiIiwidXNlcl9pZCI6IjMifQ.2Jw0cKQIV136ovC-V7bgqKYbuFAA9ksGwhwaeh88WpE HTTP/1.1" 404 9536
WARNING 2026-06-05 08:45:40,289 basehttp 10232 7356 "GET /ws/notifications/?token=eyJhbGciOiJIUzI1NiIsInR5cCI6IkpXVCJ9.eyJ0b2tlbl90eXBlIjoiYWNjZXNzIiwiZXhwIjoxNzgwOTkzNzA0LCJpYXQiOjE3ODA1NjE3MDQsImp0aSI6ImY0Nzk4M2RlZWUzOTQ3OGRiMjIyMzE5ZWQ0NDYzY2ZiIiwidXNlcl9pZCI6IjMifQ.2Jw0cKQIV136ovC-V7bgqKYbuFAA9ksGwhwaeh88WpE HTTP/1.1" 404 9536
WARNING 2026-06-05 08:45:42,979 basehttp 10232 18092 "GET /ws/notifications/?token=eyJhbGciOiJIUzI1NiIsInR5cCI6IkpXVCJ9.eyJ0b2tlbl90eXBlIjoiYWNjZXNzIiwiZXhwIjoxNzgwOTkzNzA0LCJpYXQiOjE3ODA1NjE3MDQsImp0aSI6ImY0Nzk4M2RlZWUzOTQ3OGRiMjIyMzE5ZWQ0NDYzY2ZiIiwidXNlcl9pZCI6IjMifQ.2Jw0cKQIV136ovC-V7bgqKYbuFAA9ksGwhwaeh88WpE HTTP/1.1" 404 9536
WARNING 2026-06-05 08:45:48,028 basehttp 10232 10692 "GET /ws/notifications/?token=eyJhbGciOiJIUzI1NiIsInR5cCI6IkpXVCJ9.eyJ0b2tlbl90eXBlIjoiYWNjZXNzIiwiZXhwIjoxNzgwOTkzNzA0LCJpYXQiOjE3ODA1NjE3MDQsImp0aSI6ImY0Nzk4M2RlZWUzOTQ3OGRiMjIyMzE5ZWQ0NDYzY2ZiIiwidXNlcl9pZCI6IjMifQ.2Jw0cKQIV136ovC-V7bgqKYbuFAA9ksGwhwaeh88WpE HTTP/1.1" 404 9536
WARNING 2026-06-05 08:45:51,500 basehttp 10232 224 "GET /ws/notifications/?token=eyJhbGciOiJIUzI1NiIsInR5cCI6IkpXVCJ9.eyJ0b2tlbl90eXBlIjoiYWNjZXNzIiwiZXhwIjoxNzgwOTkzNzA0LCJpYXQiOjE3ODA1NjE3MDQsImp0aSI6ImY0Nzk4M2RlZWUzOTQ3OGRiMjIyMzE5ZWQ0NDYzY2ZiIiwidXNlcl9pZCI6IjMifQ.2Jw0cKQIV136ovC-V7bgqKYbuFAA9ksGwhwaeh88WpE HTTP/1.1" 404 9536
WARNING 2026-06-05 08:45:54,322 basehttp 10232 13304 "GET /ws/notifications/?token=eyJhbGciOiJIUzI1NiIsInR5cCI6IkpXVCJ9.eyJ0b2tlbl90eXBlIjoiYWNjZXNzIiwiZXhwIjoxNzgwOTkzNzA0LCJpYXQiOjE3ODA1NjE3MDQsImp0aSI6ImY0Nzk4M2RlZWUzOTQ3OGRiMjIyMzE5ZWQ0NDYzY2ZiIiwidXNlcl9pZCI6IjMifQ.2Jw0cKQIV136ovC-V7bgqKYbuFAA9ksGwhwaeh88WpE HTTP/1.1" 404 9536
WARNING 2026-06-05 08:45:55,771 basehttp 10232 15820 "GET /chat/unread-counts/ HTTP/1.1" 404 9304
WARNING 2026-06-05 08:45:57,518 basehttp 10232 8448 "GET /ws/notifications/?token=eyJhbGciOiJIUzI1NiIsInR5cCI6IkpXVCJ9.eyJ0b2tlbl90eXBlIjoiYWNjZXNzIiwiZXhwIjoxNzgwOTkzNzA0LCJpYXQiOjE3ODA1NjE3MDQsImp0aSI6ImY0Nzk4M2RlZWUzOTQ3OGRiMjIyMzE5ZWQ0NDYzY2ZiIiwidXNlcl9pZCI6IjMifQ.2Jw0cKQIV136ovC-V7bgqKYbuFAA9ksGwhwaeh88WpE HTTP/1.1" 404 9536
WARNING 2026-06-05 08:46:01,391 basehttp 10232 11576 "GET /ws/notifications/?token=eyJhbGciOiJIUzI1NiIsInR5cCI6IkpXVCJ9.eyJ0b2tlbl90eXBlIjoiYWNjZXNzIiwiZXhwIjoxNzgwOTkzNzA0LCJpYXQiOjE3ODA1NjE3MDQsImp0aSI6ImY0Nzk4M2RlZWUzOTQ3OGRiMjIyMzE5ZWQ0NDYzY2ZiIiwidXNlcl9pZCI6IjMifQ.2Jw0cKQIV136ovC-V7bgqKYbuFAA9ksGwhwaeh88WpE HTTP/1.1" 404 9536
WARNING 2026-06-05 08:46:06,273 basehttp 10232 12364 "GET /ws/notifications/?token=eyJhbGciOiJIUzI1NiIsInR5cCI6IkpXVCJ9.eyJ0b2tlbl90eXBlIjoiYWNjZXNzIiwiZXhwIjoxNzgwOTkzNzA0LCJpYXQiOjE3ODA1NjE3MDQsImp0aSI6ImY0Nzk4M2RlZWUzOTQ3OGRiMjIyMzE5ZWQ0NDYzY2ZiIiwidXNlcl9pZCI6IjMifQ.2Jw0cKQIV136ovC-V7bgqKYbuFAA9ksGwhwaeh88WpE HTTP/1.1" 404 9536
WARNING 2026-06-05 08:46:10,800 basehttp 10232 5140 "GET /ws/notifications/?token=eyJhbGciOiJIUzI1NiIsInR5cCI6IkpXVCJ9.eyJ0b2tlbl90eXBlIjoiYWNjZXNzIiwiZXhwIjoxNzgwOTkzNzA0LCJpYXQiOjE3ODA1NjE3MDQsImp0aSI6ImY0Nzk4M2RlZWUzOTQ3OGRiMjIyMzE5ZWQ0NDYzY2ZiIiwidXNlcl9pZCI6IjMifQ.2Jw0cKQIV136ovC-V7bgqKYbuFAA9ksGwhwaeh88WpE HTTP/1.1" 404 9536
WARNING 2026-06-05 08:46:15,832 basehttp 10232 18016 "GET /ws/notifications/?token=eyJhbGciOiJIUzI1NiIsInR5cCI6IkpXVCJ9.eyJ0b2tlbl90eXBlIjoiYWNjZXNzIiwiZXhwIjoxNzgwOTkzNzA0LCJpYXQiOjE3ODA1NjE3MDQsImp0aSI6ImY0Nzk4M2RlZWUzOTQ3OGRiMjIyMzE5ZWQ0NDYzY2ZiIiwidXNlcl9pZCI6IjMifQ.2Jw0cKQIV136ovC-V7bgqKYbuFAA9ksGwhwaeh88WpE HTTP/1.1" 404 9536
WARNING 2026-06-05 08:46:20,541 basehttp 10232 7552 "GET /ws/notifications/?token=eyJhbGciOiJIUzI1NiIsInR5cCI6IkpXVCJ9.eyJ0b2tlbl90eXBlIjoiYWNjZXNzIiwiZXhwIjoxNzgwOTkzNzA0LCJpYXQiOjE3ODA1NjE3MDQsImp0aSI6ImY0Nzk4M2RlZWUzOTQ3OGRiMjIyMzE5ZWQ0NDYzY2ZiIiwidXNlcl9pZCI6IjMifQ.2Jw0cKQIV136ovC-V7bgqKYbuFAA9ksGwhwaeh88WpE HTTP/1.1" 404 9536
WARNING 2026-06-05 08:46:26,586 basehttp 10232 11592 "GET /ws/notifications/?token=eyJhbGciOiJIUzI1NiIsInR5cCI6IkpXVCJ9.eyJ0b2tlbl90eXBlIjoiYWNjZXNzIiwiZXhwIjoxNzgwOTkzNzA0LCJpYXQiOjE3ODA1NjE3MDQsImp0aSI6ImY0Nzk4M2RlZWUzOTQ3OGRiMjIyMzE5ZWQ0NDYzY2ZiIiwidXNlcl9pZCI6IjMifQ.2Jw0cKQIV136ovC-V7bgqKYbuFAA9ksGwhwaeh88WpE HTTP/1.1" 404 9536
WARNING 2026-06-05 08:46:30,171 basehttp 10232 17828 "GET /ws/notifications/?token=eyJhbGciOiJIUzI1NiIsInR5cCI6IkpXVCJ9.eyJ0b2tlbl90eXBlIjoiYWNjZXNzIiwiZXhwIjoxNzgwOTkzNzA0LCJpYXQiOjE3ODA1NjE3MDQsImp0aSI6ImY0Nzk4M2RlZWUzOTQ3OGRiMjIyMzE5ZWQ0NDYzY2ZiIiwidXNlcl9pZCI6IjMifQ.2Jw0cKQIV136ovC-V7bgqKYbuFAA9ksGwhwaeh88WpE HTTP/1.1" 404 9536
WARNING 2026-06-05 08:46:34,099 basehttp 10232 11828 "GET /ws/notifications/?token=eyJhbGciOiJIUzI1NiIsInR5cCI6IkpXVCJ9.eyJ0b2tlbl90eXBlIjoiYWNjZXNzIiwiZXhwIjoxNzgwOTkzNzA0LCJpYXQiOjE3ODA1NjE3MDQsImp0aSI6ImY0Nzk4M2RlZWUzOTQ3OGRiMjIyMzE5ZWQ0NDYzY2ZiIiwidXNlcl9pZCI6IjMifQ.2Jw0cKQIV136ovC-V7bgqKYbuFAA9ksGwhwaeh88WpE HTTP/1.1" 404 9536
WARNING 2026-06-05 08:46:39,287 basehttp 10232 2396 "GET /ws/notifications/?token=eyJhbGciOiJIUzI1NiIsInR5cCI6IkpXVCJ9.eyJ0b2tlbl90eXBlIjoiYWNjZXNzIiwiZXhwIjoxNzgwOTkzNzA0LCJpYXQiOjE3ODA1NjE3MDQsImp0aSI6ImY0Nzk4M2RlZWUzOTQ3OGRiMjIyMzE5ZWQ0NDYzY2ZiIiwidXNlcl9pZCI6IjMifQ.2Jw0cKQIV136ovC-V7bgqKYbuFAA9ksGwhwaeh88WpE HTTP/1.1" 404 9536
WARNING 2026-06-05 08:46:44,665 basehttp 10232 13736 "GET /ws/notifications/?token=eyJhbGciOiJIUzI1NiIsInR5cCI6IkpXVCJ9.eyJ0b2tlbl90eXBlIjoiYWNjZXNzIiwiZXhwIjoxNzgwOTkzNzA0LCJpYXQiOjE3ODA1NjE3MDQsImp0aSI6ImY0Nzk4M2RlZWUzOTQ3OGRiMjIyMzE5ZWQ0NDYzY2ZiIiwidXNlcl9pZCI6IjMifQ.2Jw0cKQIV136ovC-V7bgqKYbuFAA9ksGwhwaeh88WpE HTTP/1.1" 404 9536
WARNING 2026-06-05 08:46:48,794 basehttp 10232 10684 "GET /ws/notifications/?token=eyJhbGciOiJIUzI1NiIsInR5cCI6IkpXVCJ9.eyJ0b2tlbl90eXBlIjoiYWNjZXNzIiwiZXhwIjoxNzgwOTkzNzA0LCJpYXQiOjE3ODA1NjE3MDQsImp0aSI6ImY0Nzk4M2RlZWUzOTQ3OGRiMjIyMzE5ZWQ0NDYzY2ZiIiwidXNlcl9pZCI6IjMifQ.2Jw0cKQIV136ovC-V7bgqKYbuFAA9ksGwhwaeh88WpE HTTP/1.1" 404 9536
WARNING 2026-06-05 08:46:52,415 basehttp 10232 12548 "GET /ws/notifications/?token=eyJhbGciOiJIUzI1NiIsInR5cCI6IkpXVCJ9.eyJ0b2tlbl90eXBlIjoiYWNjZXNzIiwiZXhwIjoxNzgwOTkzNzA0LCJpYXQiOjE3ODA1NjE3MDQsImp0aSI6ImY0Nzk4M2RlZWUzOTQ3OGRiMjIyMzE5ZWQ0NDYzY2ZiIiwidXNlcl9pZCI6IjMifQ.2Jw0cKQIV136ovC-V7bgqKYbuFAA9ksGwhwaeh88WpE HTTP/1.1" 404 9536
WARNING 2026-06-05 08:46:55,774 basehttp 10232 15820 "GET /chat/unread-counts/ HTTP/1.1" 404 9304
WARNING 2026-06-05 08:46:57,104 basehttp 10232 1068 "GET /ws/notifications/?token=eyJhbGciOiJIUzI1NiIsInR5cCI6IkpXVCJ9.eyJ0b2tlbl90eXBlIjoiYWNjZXNzIiwiZXhwIjoxNzgwOTkzNzA0LCJpYXQiOjE3ODA1NjE3MDQsImp0aSI6ImY0Nzk4M2RlZWUzOTQ3OGRiMjIyMzE5ZWQ0NDYzY2ZiIiwidXNlcl9pZCI6IjMifQ.2Jw0cKQIV136ovC-V7bgqKYbuFAA9ksGwhwaeh88WpE HTTP/1.1" 404 9536
WARNING 2026-06-05 08:47:00,984 basehttp 10232 1332 "GET /ws/notifications/?token=eyJhbGciOiJIUzI1NiIsInR5cCI6IkpXVCJ9.eyJ0b2tlbl90eXBlIjoiYWNjZXNzIiwiZXhwIjoxNzgwOTkzNzA0LCJpYXQiOjE3ODA1NjE3MDQsImp0aSI6ImY0Nzk4M2RlZWUzOTQ3OGRiMjIyMzE5ZWQ0NDYzY2ZiIiwidXNlcl9pZCI6IjMifQ.2Jw0cKQIV136ovC-V7bgqKYbuFAA9ksGwhwaeh88WpE HTTP/1.1" 404 9536
WARNING 2026-06-05 08:47:07,078 basehttp 10232 1536 "GET /ws/notifications/?token=eyJhbGciOiJIUzI1NiIsInR5cCI6IkpXVCJ9.eyJ0b2tlbl90eXBlIjoiYWNjZXNzIiwiZXhwIjoxNzgwOTkzNzA0LCJpYXQiOjE3ODA1NjE3MDQsImp0aSI6ImY0Nzk4M2RlZWUzOTQ3OGRiMjIyMzE5ZWQ0NDYzY2ZiIiwidXNlcl9pZCI6IjMifQ.2Jw0cKQIV136ovC-V7bgqKYbuFAA9ksGwhwaeh88WpE HTTP/1.1" 404 9536
WARNING 2026-06-05 08:47:12,836 basehttp 10232 13236 "GET /ws/notifications/?token=eyJhbGciOiJIUzI1NiIsInR5cCI6IkpXVCJ9.eyJ0b2tlbl90eXBlIjoiYWNjZXNzIiwiZXhwIjoxNzgwOTkzNzA0LCJpYXQiOjE3ODA1NjE3MDQsImp0aSI6ImY0Nzk4M2RlZWUzOTQ3OGRiMjIyMzE5ZWQ0NDYzY2ZiIiwidXNlcl9pZCI6IjMifQ.2Jw0cKQIV136ovC-V7bgqKYbuFAA9ksGwhwaeh88WpE HTTP/1.1" 404 9536
WARNING 2026-06-05 08:47:17,952 basehttp 10232 15620 "GET /ws/notifications/?token=eyJhbGciOiJIUzI1NiIsInR5cCI6IkpXVCJ9.eyJ0b2tlbl90eXBlIjoiYWNjZXNzIiwiZXhwIjoxNzgwOTkzNzA0LCJpYXQiOjE3ODA1NjE3MDQsImp0aSI6ImY0Nzk4M2RlZWUzOTQ3OGRiMjIyMzE5ZWQ0NDYzY2ZiIiwidXNlcl9pZCI6IjMifQ.2Jw0cKQIV136ovC-V7bgqKYbuFAA9ksGwhwaeh88WpE HTTP/1.1" 404 9536
WARNING 2026-06-05 08:47:24,303 basehttp 10232 18280 "GET /ws/notifications/?token=eyJhbGciOiJIUzI1NiIsInR5cCI6IkpXVCJ9.eyJ0b2tlbl90eXBlIjoiYWNjZXNzIiwiZXhwIjoxNzgwOTkzNzA0LCJpYXQiOjE3ODA1NjE3MDQsImp0aSI6ImY0Nzk4M2RlZWUzOTQ3OGRiMjIyMzE5ZWQ0NDYzY2ZiIiwidXNlcl9pZCI6IjMifQ.2Jw0cKQIV136ovC-V7bgqKYbuFAA9ksGwhwaeh88WpE HTTP/1.1" 404 9536
WARNING 2026-06-05 08:47:26,934 basehttp 10232 17916 "GET /ws/notifications/?token=eyJhbGciOiJIUzI1NiIsInR5cCI6IkpXVCJ9.eyJ0b2tlbl90eXBlIjoiYWNjZXNzIiwiZXhwIjoxNzgwOTkzNzA0LCJpYXQiOjE3ODA1NjE3MDQsImp0aSI6ImY0Nzk4M2RlZWUzOTQ3OGRiMjIyMzE5ZWQ0NDYzY2ZiIiwidXNlcl9pZCI6IjMifQ.2Jw0cKQIV136ovC-V7bgqKYbuFAA9ksGwhwaeh88WpE HTTP/1.1" 404 9536
WARNING 2026-06-05 08:47:32,618 basehttp 10232 16112 "GET /ws/notifications/?token=eyJhbGciOiJIUzI1NiIsInR5cCI6IkpXVCJ9.eyJ0b2tlbl90eXBlIjoiYWNjZXNzIiwiZXhwIjoxNzgwOTkzNzA0LCJpYXQiOjE3ODA1NjE3MDQsImp0aSI6ImY0Nzk4M2RlZWUzOTQ3OGRiMjIyMzE5ZWQ0NDYzY2ZiIiwidXNlcl9pZCI6IjMifQ.2Jw0cKQIV136ovC-V7bgqKYbuFAA9ksGwhwaeh88WpE HTTP/1.1" 404 9536
WARNING 2026-06-05 08:47:37,667 basehttp 10232 11524 "GET /ws/notifications/?token=eyJhbGciOiJIUzI1NiIsInR5cCI6IkpXVCJ9.eyJ0b2tlbl90eXBlIjoiYWNjZXNzIiwiZXhwIjoxNzgwOTkzNzA0LCJpYXQiOjE3ODA1NjE3MDQsImp0aSI6ImY0Nzk4M2RlZWUzOTQ3OGRiMjIyMzE5ZWQ0NDYzY2ZiIiwidXNlcl9pZCI6IjMifQ.2Jw0cKQIV136ovC-V7bgqKYbuFAA9ksGwhwaeh88WpE HTTP/1.1" 404 9536
WARNING 2026-06-05 08:47:44,689 basehttp 10232 11032 "GET /ws/notifications/?token=eyJhbGciOiJIUzI1NiIsInR5cCI6IkpXVCJ9.eyJ0b2tlbl90eXBlIjoiYWNjZXNzIiwiZXhwIjoxNzgwOTkzNzA0LCJpYXQiOjE3ODA1NjE3MDQsImp0aSI6ImY0Nzk4M2RlZWUzOTQ3OGRiMjIyMzE5ZWQ0NDYzY2ZiIiwidXNlcl9pZCI6IjMifQ.2Jw0cKQIV136ovC-V7bgqKYbuFAA9ksGwhwaeh88WpE HTTP/1.1" 404 9536
WARNING 2026-06-05 08:47:50,849 basehttp 10232 11856 "GET /ws/notifications/?token=eyJhbGciOiJIUzI1NiIsInR5cCI6IkpXVCJ9.eyJ0b2tlbl90eXBlIjoiYWNjZXNzIiwiZXhwIjoxNzgwOTkzNzA0LCJpYXQiOjE3ODA1NjE3MDQsImp0aSI6ImY0Nzk4M2RlZWUzOTQ3OGRiMjIyMzE5ZWQ0NDYzY2ZiIiwidXNlcl9pZCI6IjMifQ.2Jw0cKQIV136ovC-V7bgqKYbuFAA9ksGwhwaeh88WpE HTTP/1.1" 404 9536
WARNING 2026-06-05 08:47:55,824 basehttp 10232 15820 "GET /chat/unread-counts/ HTTP/1.1" 404 9304
WARNING 2026-06-05 08:47:56,745 basehttp 10232 18252 "GET /ws/notifications/?token=eyJhbGciOiJIUzI1NiIsInR5cCI6IkpXVCJ9.eyJ0b2tlbl90eXBlIjoiYWNjZXNzIiwiZXhwIjoxNzgwOTkzNzA0LCJpYXQiOjE3ODA1NjE3MDQsImp0aSI6ImY0Nzk4M2RlZWUzOTQ3OGRiMjIyMzE5ZWQ0NDYzY2ZiIiwidXNlcl9pZCI6IjMifQ.2Jw0cKQIV136ovC-V7bgqKYbuFAA9ksGwhwaeh88WpE HTTP/1.1" 404 9536
WARNING 2026-06-05 08:48:01,503 basehttp 10232 16324 "GET /ws/notifications/?token=eyJhbGciOiJIUzI1NiIsInR5cCI6IkpXVCJ9.eyJ0b2tlbl90eXBlIjoiYWNjZXNzIiwiZXhwIjoxNzgwOTkzNzA0LCJpYXQiOjE3ODA1NjE3MDQsImp0aSI6ImY0Nzk4M2RlZWUzOTQ3OGRiMjIyMzE5ZWQ0NDYzY2ZiIiwidXNlcl9pZCI6IjMifQ.2Jw0cKQIV136ovC-V7bgqKYbuFAA9ksGwhwaeh88WpE HTTP/1.1" 404 9536
WARNING 2026-06-05 08:48:06,826 basehttp 10232 17056 "GET /ws/notifications/?token=eyJhbGciOiJIUzI1NiIsInR5cCI6IkpXVCJ9.eyJ0b2tlbl90eXBlIjoiYWNjZXNzIiwiZXhwIjoxNzgwOTkzNzA0LCJpYXQiOjE3ODA1NjE3MDQsImp0aSI6ImY0Nzk4M2RlZWUzOTQ3OGRiMjIyMzE5ZWQ0NDYzY2ZiIiwidXNlcl9pZCI6IjMifQ.2Jw0cKQIV136ovC-V7bgqKYbuFAA9ksGwhwaeh88WpE HTTP/1.1" 404 9536
WARNING 2026-06-05 08:48:11,919 basehttp 10232 16512 "GET /ws/notifications/?token=eyJhbGciOiJIUzI1NiIsInR5cCI6IkpXVCJ9.eyJ0b2tlbl90eXBlIjoiYWNjZXNzIiwiZXhwIjoxNzgwOTkzNzA0LCJpYXQiOjE3ODA1NjE3MDQsImp0aSI6ImY0Nzk4M2RlZWUzOTQ3OGRiMjIyMzE5ZWQ0NDYzY2ZiIiwidXNlcl9pZCI6IjMifQ.2Jw0cKQIV136ovC-V7bgqKYbuFAA9ksGwhwaeh88WpE HTTP/1.1" 404 9536
WARNING 2026-06-05 08:48:16,450 basehttp 10232 10948 "GET /ws/notifications/?token=eyJhbGciOiJIUzI1NiIsInR5cCI6IkpXVCJ9.eyJ0b2tlbl90eXBlIjoiYWNjZXNzIiwiZXhwIjoxNzgwOTkzNzA0LCJpYXQiOjE3ODA1NjE3MDQsImp0aSI6ImY0Nzk4M2RlZWUzOTQ3OGRiMjIyMzE5ZWQ0NDYzY2ZiIiwidXNlcl9pZCI6IjMifQ.2Jw0cKQIV136ovC-V7bgqKYbuFAA9ksGwhwaeh88WpE HTTP/1.1" 404 9536
WARNING 2026-06-05 08:48:20,779 basehttp 10232 14416 "GET /ws/notifications/?token=eyJhbGciOiJIUzI1NiIsInR5cCI6IkpXVCJ9.eyJ0b2tlbl90eXBlIjoiYWNjZXNzIiwiZXhwIjoxNzgwOTkzNzA0LCJpYXQiOjE3ODA1NjE3MDQsImp0aSI6ImY0Nzk4M2RlZWUzOTQ3OGRiMjIyMzE5ZWQ0NDYzY2ZiIiwidXNlcl9pZCI6IjMifQ.2Jw0cKQIV136ovC-V7bgqKYbuFAA9ksGwhwaeh88WpE HTTP/1.1" 404 9536
WARNING 2026-06-05 08:48:24,335 basehttp 10232 14880 "GET /ws/notifications/?token=eyJhbGciOiJIUzI1NiIsInR5cCI6IkpXVCJ9.eyJ0b2tlbl90eXBlIjoiYWNjZXNzIiwiZXhwIjoxNzgwOTkzNzA0LCJpYXQiOjE3ODA1NjE3MDQsImp0aSI6ImY0Nzk4M2RlZWUzOTQ3OGRiMjIyMzE5ZWQ0NDYzY2ZiIiwidXNlcl9pZCI6IjMifQ.2Jw0cKQIV136ovC-V7bgqKYbuFAA9ksGwhwaeh88WpE HTTP/1.1" 404 9536
WARNING 2026-06-05 08:48:30,606 basehttp 10232 8800 "GET /ws/notifications/?token=eyJhbGciOiJIUzI1NiIsInR5cCI6IkpXVCJ9.eyJ0b2tlbl90eXBlIjoiYWNjZXNzIiwiZXhwIjoxNzgwOTkzNzA0LCJpYXQiOjE3ODA1NjE3MDQsImp0aSI6ImY0Nzk4M2RlZWUzOTQ3OGRiMjIyMzE5ZWQ0NDYzY2ZiIiwidXNlcl9pZCI6IjMifQ.2Jw0cKQIV136ovC-V7bgqKYbuFAA9ksGwhwaeh88WpE HTTP/1.1" 404 9536
WARNING 2026-06-05 08:48:33,465 basehttp 10232 12352 "GET /ws/notifications/?token=eyJhbGciOiJIUzI1NiIsInR5cCI6IkpXVCJ9.eyJ0b2tlbl90eXBlIjoiYWNjZXNzIiwiZXhwIjoxNzgwOTkzNzA0LCJpYXQiOjE3ODA1NjE3MDQsImp0aSI6ImY0Nzk4M2RlZWUzOTQ3OGRiMjIyMzE5ZWQ0NDYzY2ZiIiwidXNlcl9pZCI6IjMifQ.2Jw0cKQIV136ovC-V7bgqKYbuFAA9ksGwhwaeh88WpE HTTP/1.1" 404 9536
WARNING 2026-06-05 08:48:36,330 basehttp 10232 3592 "GET /ws/notifications/?token=eyJhbGciOiJIUzI1NiIsInR5cCI6IkpXVCJ9.eyJ0b2tlbl90eXBlIjoiYWNjZXNzIiwiZXhwIjoxNzgwOTkzNzA0LCJpYXQiOjE3ODA1NjE3MDQsImp0aSI6ImY0Nzk4M2RlZWUzOTQ3OGRiMjIyMzE5ZWQ0NDYzY2ZiIiwidXNlcl9pZCI6IjMifQ.2Jw0cKQIV136ovC-V7bgqKYbuFAA9ksGwhwaeh88WpE HTTP/1.1" 404 9536
WARNING 2026-06-05 08:48:40,293 basehttp 10232 18268 "GET /ws/notifications/?token=eyJhbGciOiJIUzI1NiIsInR5cCI6IkpXVCJ9.eyJ0b2tlbl90eXBlIjoiYWNjZXNzIiwiZXhwIjoxNzgwOTkzNzA0LCJpYXQiOjE3ODA1NjE3MDQsImp0aSI6ImY0Nzk4M2RlZWUzOTQ3OGRiMjIyMzE5ZWQ0NDYzY2ZiIiwidXNlcl9pZCI6IjMifQ.2Jw0cKQIV136ovC-V7bgqKYbuFAA9ksGwhwaeh88WpE HTTP/1.1" 404 9536
WARNING 2026-06-05 08:48:44,234 basehttp 10232 13588 "GET /ws/notifications/?token=eyJhbGciOiJIUzI1NiIsInR5cCI6IkpXVCJ9.eyJ0b2tlbl90eXBlIjoiYWNjZXNzIiwiZXhwIjoxNzgwOTkzNzA0LCJpYXQiOjE3ODA1NjE3MDQsImp0aSI6ImY0Nzk4M2RlZWUzOTQ3OGRiMjIyMzE5ZWQ0NDYzY2ZiIiwidXNlcl9pZCI6IjMifQ.2Jw0cKQIV136ovC-V7bgqKYbuFAA9ksGwhwaeh88WpE HTTP/1.1" 404 9536
WARNING 2026-06-05 08:48:50,338 basehttp 10232 12092 "GET /ws/notifications/?token=eyJhbGciOiJIUzI1NiIsInR5cCI6IkpXVCJ9.eyJ0b2tlbl90eXBlIjoiYWNjZXNzIiwiZXhwIjoxNzgwOTkzNzA0LCJpYXQiOjE3ODA1NjE3MDQsImp0aSI6ImY0Nzk4M2RlZWUzOTQ3OGRiMjIyMzE5ZWQ0NDYzY2ZiIiwidXNlcl9pZCI6IjMifQ.2Jw0cKQIV136ovC-V7bgqKYbuFAA9ksGwhwaeh88WpE HTTP/1.1" 404 9536
WARNING 2026-06-05 08:48:55,255 basehttp 10232 18232 "GET /ws/notifications/?token=eyJhbGciOiJIUzI1NiIsInR5cCI6IkpXVCJ9.eyJ0b2tlbl90eXBlIjoiYWNjZXNzIiwiZXhwIjoxNzgwOTkzNzA0LCJpYXQiOjE3ODA1NjE3MDQsImp0aSI6ImY0Nzk4M2RlZWUzOTQ3OGRiMjIyMzE5ZWQ0NDYzY2ZiIiwidXNlcl9pZCI6IjMifQ.2Jw0cKQIV136ovC-V7bgqKYbuFAA9ksGwhwaeh88WpE HTTP/1.1" 404 9536
WARNING 2026-06-05 08:48:55,779 basehttp 10232 15820 "GET /chat/unread-counts/ HTTP/1.1" 404 9304
WARNING 2026-06-05 08:48:57,798 basehttp 10232 12332 "GET /ws/notifications/?token=eyJhbGciOiJIUzI1NiIsInR5cCI6IkpXVCJ9.eyJ0b2tlbl90eXBlIjoiYWNjZXNzIiwiZXhwIjoxNzgwOTkzNzA0LCJpYXQiOjE3ODA1NjE3MDQsImp0aSI6ImY0Nzk4M2RlZWUzOTQ3OGRiMjIyMzE5ZWQ0NDYzY2ZiIiwidXNlcl9pZCI6IjMifQ.2Jw0cKQIV136ovC-V7bgqKYbuFAA9ksGwhwaeh88WpE HTTP/1.1" 404 9536
WARNING 2026-06-05 08:49:03,226 basehttp 10232 16204 "GET /ws/notifications/?token=eyJhbGciOiJIUzI1NiIsInR5cCI6IkpXVCJ9.eyJ0b2tlbl90eXBlIjoiYWNjZXNzIiwiZXhwIjoxNzgwOTkzNzA0LCJpYXQiOjE3ODA1NjE3MDQsImp0aSI6ImY0Nzk4M2RlZWUzOTQ3OGRiMjIyMzE5ZWQ0NDYzY2ZiIiwidXNlcl9pZCI6IjMifQ.2Jw0cKQIV136ovC-V7bgqKYbuFAA9ksGwhwaeh88WpE HTTP/1.1" 404 9536
WARNING 2026-06-05 08:49:08,237 basehttp 10232 15308 "GET /ws/notifications/?token=eyJhbGciOiJIUzI1NiIsInR5cCI6IkpXVCJ9.eyJ0b2tlbl90eXBlIjoiYWNjZXNzIiwiZXhwIjoxNzgwOTkzNzA0LCJpYXQiOjE3ODA1NjE3MDQsImp0aSI6ImY0Nzk4M2RlZWUzOTQ3OGRiMjIyMzE5ZWQ0NDYzY2ZiIiwidXNlcl9pZCI6IjMifQ.2Jw0cKQIV136ovC-V7bgqKYbuFAA9ksGwhwaeh88WpE HTTP/1.1" 404 9536
WARNING 2026-06-05 08:49:11,807 basehttp 10232 18392 "GET /ws/notifications/?token=eyJhbGciOiJIUzI1NiIsInR5cCI6IkpXVCJ9.eyJ0b2tlbl90eXBlIjoiYWNjZXNzIiwiZXhwIjoxNzgwOTkzNzA0LCJpYXQiOjE3ODA1NjE3MDQsImp0aSI6ImY0Nzk4M2RlZWUzOTQ3OGRiMjIyMzE5ZWQ0NDYzY2ZiIiwidXNlcl9pZCI6IjMifQ.2Jw0cKQIV136ovC-V7bgqKYbuFAA9ksGwhwaeh88WpE HTTP/1.1" 404 9536
WARNING 2026-06-05 08:49:14,971 basehttp 10232 13108 "GET /ws/notifications/?token=eyJhbGciOiJIUzI1NiIsInR5cCI6IkpXVCJ9.eyJ0b2tlbl90eXBlIjoiYWNjZXNzIiwiZXhwIjoxNzgwOTkzNzA0LCJpYXQiOjE3ODA1NjE3MDQsImp0aSI6ImY0Nzk4M2RlZWUzOTQ3OGRiMjIyMzE5ZWQ0NDYzY2ZiIiwidXNlcl9pZCI6IjMifQ.2Jw0cKQIV136ovC-V7bgqKYbuFAA9ksGwhwaeh88WpE HTTP/1.1" 404 9536
WARNING 2026-06-05 08:49:19,036 basehttp 10232 5124 "GET /ws/notifications/?token=eyJhbGciOiJIUzI1NiIsInR5cCI6IkpXVCJ9.eyJ0b2tlbl90eXBlIjoiYWNjZXNzIiwiZXhwIjoxNzgwOTkzNzA0LCJpYXQiOjE3ODA1NjE3MDQsImp0aSI6ImY0Nzk4M2RlZWUzOTQ3OGRiMjIyMzE5ZWQ0NDYzY2ZiIiwidXNlcl9pZCI6IjMifQ.2Jw0cKQIV136ovC-V7bgqKYbuFAA9ksGwhwaeh88WpE HTTP/1.1" 404 9536
WARNING 2026-06-05 08:49:24,840 basehttp 10232 13208 "GET /ws/notifications/?token=eyJhbGciOiJIUzI1NiIsInR5cCI6IkpXVCJ9.eyJ0b2tlbl90eXBlIjoiYWNjZXNzIiwiZXhwIjoxNzgwOTkzNzA0LCJpYXQiOjE3ODA1NjE3MDQsImp0aSI6ImY0Nzk4M2RlZWUzOTQ3OGRiMjIyMzE5ZWQ0NDYzY2ZiIiwidXNlcl9pZCI6IjMifQ.2Jw0cKQIV136ovC-V7bgqKYbuFAA9ksGwhwaeh88WpE HTTP/1.1" 404 9536
WARNING 2026-06-05 08:49:30,754 basehttp 10232 8148 "GET /ws/notifications/?token=eyJhbGciOiJIUzI1NiIsInR5cCI6IkpXVCJ9.eyJ0b2tlbl90eXBlIjoiYWNjZXNzIiwiZXhwIjoxNzgwOTkzNzA0LCJpYXQiOjE3ODA1NjE3MDQsImp0aSI6ImY0Nzk4M2RlZWUzOTQ3OGRiMjIyMzE5ZWQ0NDYzY2ZiIiwidXNlcl9pZCI6IjMifQ.2Jw0cKQIV136ovC-V7bgqKYbuFAA9ksGwhwaeh88WpE HTTP/1.1" 404 9536
WARNING 2026-06-05 08:49:36,791 basehttp 10232 9896 "GET /ws/notifications/?token=eyJhbGciOiJIUzI1NiIsInR5cCI6IkpXVCJ9.eyJ0b2tlbl90eXBlIjoiYWNjZXNzIiwiZXhwIjoxNzgwOTkzNzA0LCJpYXQiOjE3ODA1NjE3MDQsImp0aSI6ImY0Nzk4M2RlZWUzOTQ3OGRiMjIyMzE5ZWQ0NDYzY2ZiIiwidXNlcl9pZCI6IjMifQ.2Jw0cKQIV136ovC-V7bgqKYbuFAA9ksGwhwaeh88WpE HTTP/1.1" 404 9536
WARNING 2026-06-05 08:49:40,583 basehttp 10232 9344 "GET /ws/notifications/?token=eyJhbGciOiJIUzI1NiIsInR5cCI6IkpXVCJ9.eyJ0b2tlbl90eXBlIjoiYWNjZXNzIiwiZXhwIjoxNzgwOTkzNzA0LCJpYXQiOjE3ODA1NjE3MDQsImp0aSI6ImY0Nzk4M2RlZWUzOTQ3OGRiMjIyMzE5ZWQ0NDYzY2ZiIiwidXNlcl9pZCI6IjMifQ.2Jw0cKQIV136ovC-V7bgqKYbuFAA9ksGwhwaeh88WpE HTTP/1.1" 404 9536
WARNING 2026-06-05 08:49:45,905 basehttp 10232 2976 "GET /ws/notifications/?token=eyJhbGciOiJIUzI1NiIsInR5cCI6IkpXVCJ9.eyJ0b2tlbl90eXBlIjoiYWNjZXNzIiwiZXhwIjoxNzgwOTkzNzA0LCJpYXQiOjE3ODA1NjE3MDQsImp0aSI6ImY0Nzk4M2RlZWUzOTQ3OGRiMjIyMzE5ZWQ0NDYzY2ZiIiwidXNlcl9pZCI6IjMifQ.2Jw0cKQIV136ovC-V7bgqKYbuFAA9ksGwhwaeh88WpE HTTP/1.1" 404 9536
WARNING 2026-06-05 08:49:52,511 basehttp 10232 17504 "GET /ws/notifications/?token=eyJhbGciOiJIUzI1NiIsInR5cCI6IkpXVCJ9.eyJ0b2tlbl90eXBlIjoiYWNjZXNzIiwiZXhwIjoxNzgwOTkzNzA0LCJpYXQiOjE3ODA1NjE3MDQsImp0aSI6ImY0Nzk4M2RlZWUzOTQ3OGRiMjIyMzE5ZWQ0NDYzY2ZiIiwidXNlcl9pZCI6IjMifQ.2Jw0cKQIV136ovC-V7bgqKYbuFAA9ksGwhwaeh88WpE HTTP/1.1" 404 9536
WARNING 2026-06-05 08:49:55,767 basehttp 10232 15820 "GET /chat/unread-counts/ HTTP/1.1" 404 9304
WARNING 2026-06-05 08:49:58,109 basehttp 10232 17684 "GET /ws/notifications/?token=eyJhbGciOiJIUzI1NiIsInR5cCI6IkpXVCJ9.eyJ0b2tlbl90eXBlIjoiYWNjZXNzIiwiZXhwIjoxNzgwOTkzNzA0LCJpYXQiOjE3ODA1NjE3MDQsImp0aSI6ImY0Nzk4M2RlZWUzOTQ3OGRiMjIyMzE5ZWQ0NDYzY2ZiIiwidXNlcl9pZCI6IjMifQ.2Jw0cKQIV136ovC-V7bgqKYbuFAA9ksGwhwaeh88WpE HTTP/1.1" 404 9536
WARNING 2026-06-05 08:50:03,418 basehttp 10232 8680 "GET /ws/notifications/?token=eyJhbGciOiJIUzI1NiIsInR5cCI6IkpXVCJ9.eyJ0b2tlbl90eXBlIjoiYWNjZXNzIiwiZXhwIjoxNzgwOTkzNzA0LCJpYXQiOjE3ODA1NjE3MDQsImp0aSI6ImY0Nzk4M2RlZWUzOTQ3OGRiMjIyMzE5ZWQ0NDYzY2ZiIiwidXNlcl9pZCI6IjMifQ.2Jw0cKQIV136ovC-V7bgqKYbuFAA9ksGwhwaeh88WpE HTTP/1.1" 404 9536
WARNING 2026-06-05 08:50:07,528 basehttp 10232 5908 "GET /ws/notifications/?token=eyJhbGciOiJIUzI1NiIsInR5cCI6IkpXVCJ9.eyJ0b2tlbl90eXBlIjoiYWNjZXNzIiwiZXhwIjoxNzgwOTkzNzA0LCJpYXQiOjE3ODA1NjE3MDQsImp0aSI6ImY0Nzk4M2RlZWUzOTQ3OGRiMjIyMzE5ZWQ0NDYzY2ZiIiwidXNlcl9pZCI6IjMifQ.2Jw0cKQIV136ovC-V7bgqKYbuFAA9ksGwhwaeh88WpE HTTP/1.1" 404 9536
WARNING 2026-06-05 08:50:10,197 basehttp 10232 7096 "GET /ws/notifications/?token=eyJhbGciOiJIUzI1NiIsInR5cCI6IkpXVCJ9.eyJ0b2tlbl90eXBlIjoiYWNjZXNzIiwiZXhwIjoxNzgwOTkzNzA0LCJpYXQiOjE3ODA1NjE3MDQsImp0aSI6ImY0Nzk4M2RlZWUzOTQ3OGRiMjIyMzE5ZWQ0NDYzY2ZiIiwidXNlcl9pZCI6IjMifQ.2Jw0cKQIV136ovC-V7bgqKYbuFAA9ksGwhwaeh88WpE HTTP/1.1" 404 9536
WARNING 2026-06-05 08:50:15,646 basehttp 10232 17004 "GET /ws/notifications/?token=eyJhbGciOiJIUzI1NiIsInR5cCI6IkpXVCJ9.eyJ0b2tlbl90eXBlIjoiYWNjZXNzIiwiZXhwIjoxNzgwOTkzNzA0LCJpYXQiOjE3ODA1NjE3MDQsImp0aSI6ImY0Nzk4M2RlZWUzOTQ3OGRiMjIyMzE5ZWQ0NDYzY2ZiIiwidXNlcl9pZCI6IjMifQ.2Jw0cKQIV136ovC-V7bgqKYbuFAA9ksGwhwaeh88WpE HTTP/1.1" 404 9536
WARNING 2026-06-05 08:50:19,105 basehttp 10232 5128 "GET /ws/notifications/?token=eyJhbGciOiJIUzI1NiIsInR5cCI6IkpXVCJ9.eyJ0b2tlbl90eXBlIjoiYWNjZXNzIiwiZXhwIjoxNzgwOTkzNzA0LCJpYXQiOjE3ODA1NjE3MDQsImp0aSI6ImY0Nzk4M2RlZWUzOTQ3OGRiMjIyMzE5ZWQ0NDYzY2ZiIiwidXNlcl9pZCI6IjMifQ.2Jw0cKQIV136ovC-V7bgqKYbuFAA9ksGwhwaeh88WpE HTTP/1.1" 404 9536
WARNING 2026-06-05 08:50:23,201 basehttp 10232 12468 "GET /ws/notifications/?token=eyJhbGciOiJIUzI1NiIsInR5cCI6IkpXVCJ9.eyJ0b2tlbl90eXBlIjoiYWNjZXNzIiwiZXhwIjoxNzgwOTkzNzA0LCJpYXQiOjE3ODA1NjE3MDQsImp0aSI6ImY0Nzk4M2RlZWUzOTQ3OGRiMjIyMzE5ZWQ0NDYzY2ZiIiwidXNlcl9pZCI6IjMifQ.2Jw0cKQIV136ovC-V7bgqKYbuFAA9ksGwhwaeh88WpE HTTP/1.1" 404 9536
WARNING 2026-06-05 08:50:26,633 basehttp 10232 15012 "GET /ws/notifications/?token=eyJhbGciOiJIUzI1NiIsInR5cCI6IkpXVCJ9.eyJ0b2tlbl90eXBlIjoiYWNjZXNzIiwiZXhwIjoxNzgwOTkzNzA0LCJpYXQiOjE3ODA1NjE3MDQsImp0aSI6ImY0Nzk4M2RlZWUzOTQ3OGRiMjIyMzE5ZWQ0NDYzY2ZiIiwidXNlcl9pZCI6IjMifQ.2Jw0cKQIV136ovC-V7bgqKYbuFAA9ksGwhwaeh88WpE HTTP/1.1" 404 9536
WARNING 2026-06-05 08:50:31,982 basehttp 10232 18320 "GET /ws/notifications/?token=eyJhbGciOiJIUzI1NiIsInR5cCI6IkpXVCJ9.eyJ0b2tlbl90eXBlIjoiYWNjZXNzIiwiZXhwIjoxNzgwOTkzNzA0LCJpYXQiOjE3ODA1NjE3MDQsImp0aSI6ImY0Nzk4M2RlZWUzOTQ3OGRiMjIyMzE5ZWQ0NDYzY2ZiIiwidXNlcl9pZCI6IjMifQ.2Jw0cKQIV136ovC-V7bgqKYbuFAA9ksGwhwaeh88WpE HTTP/1.1" 404 9536
WARNING 2026-06-05 08:50:35,548 basehttp 10232 17980 "GET /ws/notifications/?token=eyJhbGciOiJIUzI1NiIsInR5cCI6IkpXVCJ9.eyJ0b2tlbl90eXBlIjoiYWNjZXNzIiwiZXhwIjoxNzgwOTkzNzA0LCJpYXQiOjE3ODA1NjE3MDQsImp0aSI6ImY0Nzk4M2RlZWUzOTQ3OGRiMjIyMzE5ZWQ0NDYzY2ZiIiwidXNlcl9pZCI6IjMifQ.2Jw0cKQIV136ovC-V7bgqKYbuFAA9ksGwhwaeh88WpE HTTP/1.1" 404 9536
WARNING 2026-06-05 08:50:38,510 basehttp 10232 18176 "GET /ws/notifications/?token=eyJhbGciOiJIUzI1NiIsInR5cCI6IkpXVCJ9.eyJ0b2tlbl90eXBlIjoiYWNjZXNzIiwiZXhwIjoxNzgwOTkzNzA0LCJpYXQiOjE3ODA1NjE3MDQsImp0aSI6ImY0Nzk4M2RlZWUzOTQ3OGRiMjIyMzE5ZWQ0NDYzY2ZiIiwidXNlcl9pZCI6IjMifQ.2Jw0cKQIV136ovC-V7bgqKYbuFAA9ksGwhwaeh88WpE HTTP/1.1" 404 9536
WARNING 2026-06-05 08:50:41,662 basehttp 10232 16868 "GET /ws/notifications/?token=eyJhbGciOiJIUzI1NiIsInR5cCI6IkpXVCJ9.eyJ0b2tlbl90eXBlIjoiYWNjZXNzIiwiZXhwIjoxNzgwOTkzNzA0LCJpYXQiOjE3ODA1NjE3MDQsImp0aSI6ImY0Nzk4M2RlZWUzOTQ3OGRiMjIyMzE5ZWQ0NDYzY2ZiIiwidXNlcl9pZCI6IjMifQ.2Jw0cKQIV136ovC-V7bgqKYbuFAA9ksGwhwaeh88WpE HTTP/1.1" 404 9536
WARNING 2026-06-05 08:50:45,647 basehttp 10232 14748 "GET /ws/notifications/?token=eyJhbGciOiJIUzI1NiIsInR5cCI6IkpXVCJ9.eyJ0b2tlbl90eXBlIjoiYWNjZXNzIiwiZXhwIjoxNzgwOTkzNzA0LCJpYXQiOjE3ODA1NjE3MDQsImp0aSI6ImY0Nzk4M2RlZWUzOTQ3OGRiMjIyMzE5ZWQ0NDYzY2ZiIiwidXNlcl9pZCI6IjMifQ.2Jw0cKQIV136ovC-V7bgqKYbuFAA9ksGwhwaeh88WpE HTTP/1.1" 404 9536
WARNING 2026-06-05 08:50:51,317 basehttp 10232 16720 "GET /ws/notifications/?token=eyJhbGciOiJIUzI1NiIsInR5cCI6IkpXVCJ9.eyJ0b2tlbl90eXBlIjoiYWNjZXNzIiwiZXhwIjoxNzgwOTkzNzA0LCJpYXQiOjE3ODA1NjE3MDQsImp0aSI6ImY0Nzk4M2RlZWUzOTQ3OGRiMjIyMzE5ZWQ0NDYzY2ZiIiwidXNlcl9pZCI6IjMifQ.2Jw0cKQIV136ovC-V7bgqKYbuFAA9ksGwhwaeh88WpE HTTP/1.1" 404 9536
WARNING 2026-06-05 08:50:54,776 basehttp 10232 16628 "GET /ws/notifications/?token=eyJhbGciOiJIUzI1NiIsInR5cCI6IkpXVCJ9.eyJ0b2tlbl90eXBlIjoiYWNjZXNzIiwiZXhwIjoxNzgwOTkzNzA0LCJpYXQiOjE3ODA1NjE3MDQsImp0aSI6ImY0Nzk4M2RlZWUzOTQ3OGRiMjIyMzE5ZWQ0NDYzY2ZiIiwidXNlcl9pZCI6IjMifQ.2Jw0cKQIV136ovC-V7bgqKYbuFAA9ksGwhwaeh88WpE HTTP/1.1" 404 9536
WARNING 2026-06-05 08:50:55,865 basehttp 10232 15820 "GET /chat/unread-counts/ HTTP/1.1" 404 9304
WARNING 2026-06-05 08:50:58,983 basehttp 10232 16672 "GET /ws/notifications/?token=eyJhbGciOiJIUzI1NiIsInR5cCI6IkpXVCJ9.eyJ0b2tlbl90eXBlIjoiYWNjZXNzIiwiZXhwIjoxNzgwOTkzNzA0LCJpYXQiOjE3ODA1NjE3MDQsImp0aSI6ImY0Nzk4M2RlZWUzOTQ3OGRiMjIyMzE5ZWQ0NDYzY2ZiIiwidXNlcl9pZCI6IjMifQ.2Jw0cKQIV136ovC-V7bgqKYbuFAA9ksGwhwaeh88WpE HTTP/1.1" 404 9536
WARNING 2026-06-05 08:51:04,883 basehttp 10232 18140 "GET /ws/notifications/?token=eyJhbGciOiJIUzI1NiIsInR5cCI6IkpXVCJ9.eyJ0b2tlbl90eXBlIjoiYWNjZXNzIiwiZXhwIjoxNzgwOTkzNzA0LCJpYXQiOjE3ODA1NjE3MDQsImp0aSI6ImY0Nzk4M2RlZWUzOTQ3OGRiMjIyMzE5ZWQ0NDYzY2ZiIiwidXNlcl9pZCI6IjMifQ.2Jw0cKQIV136ovC-V7bgqKYbuFAA9ksGwhwaeh88WpE HTTP/1.1" 404 9536
WARNING 2026-06-05 08:51:10,043 basehttp 10232 15900 "GET /ws/notifications/?token=eyJhbGciOiJIUzI1NiIsInR5cCI6IkpXVCJ9.eyJ0b2tlbl90eXBlIjoiYWNjZXNzIiwiZXhwIjoxNzgwOTkzNzA0LCJpYXQiOjE3ODA1NjE3MDQsImp0aSI6ImY0Nzk4M2RlZWUzOTQ3OGRiMjIyMzE5ZWQ0NDYzY2ZiIiwidXNlcl9pZCI6IjMifQ.2Jw0cKQIV136ovC-V7bgqKYbuFAA9ksGwhwaeh88WpE HTTP/1.1" 404 9536
WARNING 2026-06-05 08:51:16,099 basehttp 10232 10692 "GET /ws/notifications/?token=eyJhbGciOiJIUzI1NiIsInR5cCI6IkpXVCJ9.eyJ0b2tlbl90eXBlIjoiYWNjZXNzIiwiZXhwIjoxNzgwOTkzNzA0LCJpYXQiOjE3ODA1NjE3MDQsImp0aSI6ImY0Nzk4M2RlZWUzOTQ3OGRiMjIyMzE5ZWQ0NDYzY2ZiIiwidXNlcl9pZCI6IjMifQ.2Jw0cKQIV136ovC-V7bgqKYbuFAA9ksGwhwaeh88WpE HTTP/1.1" 404 9536
WARNING 2026-06-05 08:51:21,709 basehttp 10232 17236 "GET /ws/notifications/?token=eyJhbGciOiJIUzI1NiIsInR5cCI6IkpXVCJ9.eyJ0b2tlbl90eXBlIjoiYWNjZXNzIiwiZXhwIjoxNzgwOTkzNzA0LCJpYXQiOjE3ODA1NjE3MDQsImp0aSI6ImY0Nzk4M2RlZWUzOTQ3OGRiMjIyMzE5ZWQ0NDYzY2ZiIiwidXNlcl9pZCI6IjMifQ.2Jw0cKQIV136ovC-V7bgqKYbuFAA9ksGwhwaeh88WpE HTTP/1.1" 404 9536
WARNING 2026-06-05 08:51:26,252 basehttp 10232 16964 "GET /ws/notifications/?token=eyJhbGciOiJIUzI1NiIsInR5cCI6IkpXVCJ9.eyJ0b2tlbl90eXBlIjoiYWNjZXNzIiwiZXhwIjoxNzgwOTkzNzA0LCJpYXQiOjE3ODA1NjE3MDQsImp0aSI6ImY0Nzk4M2RlZWUzOTQ3OGRiMjIyMzE5ZWQ0NDYzY2ZiIiwidXNlcl9pZCI6IjMifQ.2Jw0cKQIV136ovC-V7bgqKYbuFAA9ksGwhwaeh88WpE HTTP/1.1" 404 9536
WARNING 2026-06-05 08:51:30,245 basehttp 10232 17700 "GET /ws/notifications/?token=eyJhbGciOiJIUzI1NiIsInR5cCI6IkpXVCJ9.eyJ0b2tlbl90eXBlIjoiYWNjZXNzIiwiZXhwIjoxNzgwOTkzNzA0LCJpYXQiOjE3ODA1NjE3MDQsImp0aSI6ImY0Nzk4M2RlZWUzOTQ3OGRiMjIyMzE5ZWQ0NDYzY2ZiIiwidXNlcl9pZCI6IjMifQ.2Jw0cKQIV136ovC-V7bgqKYbuFAA9ksGwhwaeh88WpE HTTP/1.1" 404 9536
WARNING 2026-06-05 08:51:36,245 basehttp 10232 8792 "GET /ws/notifications/?token=eyJhbGciOiJIUzI1NiIsInR5cCI6IkpXVCJ9.eyJ0b2tlbl90eXBlIjoiYWNjZXNzIiwiZXhwIjoxNzgwOTkzNzA0LCJpYXQiOjE3ODA1NjE3MDQsImp0aSI6ImY0Nzk4M2RlZWUzOTQ3OGRiMjIyMzE5ZWQ0NDYzY2ZiIiwidXNlcl9pZCI6IjMifQ.2Jw0cKQIV136ovC-V7bgqKYbuFAA9ksGwhwaeh88WpE HTTP/1.1" 404 9536
WARNING 2026-06-05 08:51:39,418 basehttp 10232 10348 "GET /ws/notifications/?token=eyJhbGciOiJIUzI1NiIsInR5cCI6IkpXVCJ9.eyJ0b2tlbl90eXBlIjoiYWNjZXNzIiwiZXhwIjoxNzgwOTkzNzA0LCJpYXQiOjE3ODA1NjE3MDQsImp0aSI6ImY0Nzk4M2RlZWUzOTQ3OGRiMjIyMzE5ZWQ0NDYzY2ZiIiwidXNlcl9pZCI6IjMifQ.2Jw0cKQIV136ovC-V7bgqKYbuFAA9ksGwhwaeh88WpE HTTP/1.1" 404 9536
WARNING 2026-06-05 08:51:43,819 basehttp 10232 17568 "GET /ws/notifications/?token=eyJhbGciOiJIUzI1NiIsInR5cCI6IkpXVCJ9.eyJ0b2tlbl90eXBlIjoiYWNjZXNzIiwiZXhwIjoxNzgwOTkzNzA0LCJpYXQiOjE3ODA1NjE3MDQsImp0aSI6ImY0Nzk4M2RlZWUzOTQ3OGRiMjIyMzE5ZWQ0NDYzY2ZiIiwidXNlcl9pZCI6IjMifQ.2Jw0cKQIV136ovC-V7bgqKYbuFAA9ksGwhwaeh88WpE HTTP/1.1" 404 9536
WARNING 2026-06-05 08:51:47,695 basehttp 10232 12916 "GET /ws/notifications/?token=eyJhbGciOiJIUzI1NiIsInR5cCI6IkpXVCJ9.eyJ0b2tlbl90eXBlIjoiYWNjZXNzIiwiZXhwIjoxNzgwOTkzNzA0LCJpYXQiOjE3ODA1NjE3MDQsImp0aSI6ImY0Nzk4M2RlZWUzOTQ3OGRiMjIyMzE5ZWQ0NDYzY2ZiIiwidXNlcl9pZCI6IjMifQ.2Jw0cKQIV136ovC-V7bgqKYbuFAA9ksGwhwaeh88WpE HTTP/1.1" 404 9536
WARNING 2026-06-05 08:51:54,632 basehttp 10232 17744 "GET /ws/notifications/?token=eyJhbGciOiJIUzI1NiIsInR5cCI6IkpXVCJ9.eyJ0b2tlbl90eXBlIjoiYWNjZXNzIiwiZXhwIjoxNzgwOTkzNzA0LCJpYXQiOjE3ODA1NjE3MDQsImp0aSI6ImY0Nzk4M2RlZWUzOTQ3OGRiMjIyMzE5ZWQ0NDYzY2ZiIiwidXNlcl9pZCI6IjMifQ.2Jw0cKQIV136ovC-V7bgqKYbuFAA9ksGwhwaeh88WpE HTTP/1.1" 404 9536
WARNING 2026-06-05 08:51:55,785 basehttp 10232 15820 "GET /chat/unread-counts/ HTTP/1.1" 404 9304
WARNING 2026-06-05 08:51:58,775 basehttp 10232 5952 "GET /ws/notifications/?token=eyJhbGciOiJIUzI1NiIsInR5cCI6IkpXVCJ9.eyJ0b2tlbl90eXBlIjoiYWNjZXNzIiwiZXhwIjoxNzgwOTkzNzA0LCJpYXQiOjE3ODA1NjE3MDQsImp0aSI6ImY0Nzk4M2RlZWUzOTQ3OGRiMjIyMzE5ZWQ0NDYzY2ZiIiwidXNlcl9pZCI6IjMifQ.2Jw0cKQIV136ovC-V7bgqKYbuFAA9ksGwhwaeh88WpE HTTP/1.1" 404 9536
WARNING 2026-06-05 08:52:05,347 basehttp 10232 13528 "GET /ws/notifications/?token=eyJhbGciOiJIUzI1NiIsInR5cCI6IkpXVCJ9.eyJ0b2tlbl90eXBlIjoiYWNjZXNzIiwiZXhwIjoxNzgwOTkzNzA0LCJpYXQiOjE3ODA1NjE3MDQsImp0aSI6ImY0Nzk4M2RlZWUzOTQ3OGRiMjIyMzE5ZWQ0NDYzY2ZiIiwidXNlcl9pZCI6IjMifQ.2Jw0cKQIV136ovC-V7bgqKYbuFAA9ksGwhwaeh88WpE HTTP/1.1" 404 9536
WARNING 2026-06-05 08:52:10,652 basehttp 10232 13584 "GET /ws/notifications/?token=eyJhbGciOiJIUzI1NiIsInR5cCI6IkpXVCJ9.eyJ0b2tlbl90eXBlIjoiYWNjZXNzIiwiZXhwIjoxNzgwOTkzNzA0LCJpYXQiOjE3ODA1NjE3MDQsImp0aSI6ImY0Nzk4M2RlZWUzOTQ3OGRiMjIyMzE5ZWQ0NDYzY2ZiIiwidXNlcl9pZCI6IjMifQ.2Jw0cKQIV136ovC-V7bgqKYbuFAA9ksGwhwaeh88WpE HTTP/1.1" 404 9536
WARNING 2026-06-05 08:52:15,116 basehttp 10232 18068 "GET /ws/notifications/?token=eyJhbGciOiJIUzI1NiIsInR5cCI6IkpXVCJ9.eyJ0b2tlbl90eXBlIjoiYWNjZXNzIiwiZXhwIjoxNzgwOTkzNzA0LCJpYXQiOjE3ODA1NjE3MDQsImp0aSI6ImY0Nzk4M2RlZWUzOTQ3OGRiMjIyMzE5ZWQ0NDYzY2ZiIiwidXNlcl9pZCI6IjMifQ.2Jw0cKQIV136ovC-V7bgqKYbuFAA9ksGwhwaeh88WpE HTTP/1.1" 404 9536
WARNING 2026-06-05 08:52:18,669 basehttp 10232 12376 "GET /ws/notifications/?token=eyJhbGciOiJIUzI1NiIsInR5cCI6IkpXVCJ9.eyJ0b2tlbl90eXBlIjoiYWNjZXNzIiwiZXhwIjoxNzgwOTkzNzA0LCJpYXQiOjE3ODA1NjE3MDQsImp0aSI6ImY0Nzk4M2RlZWUzOTQ3OGRiMjIyMzE5ZWQ0NDYzY2ZiIiwidXNlcl9pZCI6IjMifQ.2Jw0cKQIV136ovC-V7bgqKYbuFAA9ksGwhwaeh88WpE HTTP/1.1" 404 9536
WARNING 2026-06-05 08:52:20,758 basehttp 10232 16772 "GET /ws/notifications/?token=eyJhbGciOiJIUzI1NiIsInR5cCI6IkpXVCJ9.eyJ0b2tlbl90eXBlIjoiYWNjZXNzIiwiZXhwIjoxNzgwOTkzNzA0LCJpYXQiOjE3ODA1NjE3MDQsImp0aSI6ImY0Nzk4M2RlZWUzOTQ3OGRiMjIyMzE5ZWQ0NDYzY2ZiIiwidXNlcl9pZCI6IjMifQ.2Jw0cKQIV136ovC-V7bgqKYbuFAA9ksGwhwaeh88WpE HTTP/1.1" 404 9536
WARNING 2026-06-05 08:52:22,759 basehttp 10232 14064 "GET /ws/notifications/?token=eyJhbGciOiJIUzI1NiIsInR5cCI6IkpXVCJ9.eyJ0b2tlbl90eXBlIjoiYWNjZXNzIiwiZXhwIjoxNzgwOTkzNzA0LCJpYXQiOjE3ODA1NjE3MDQsImp0aSI6ImY0Nzk4M2RlZWUzOTQ3OGRiMjIyMzE5ZWQ0NDYzY2ZiIiwidXNlcl9pZCI6IjMifQ.2Jw0cKQIV136ovC-V7bgqKYbuFAA9ksGwhwaeh88WpE HTTP/1.1" 404 9536
WARNING 2026-06-05 08:52:24,747 basehttp 10232 11092 "GET /ws/notifications/?token=eyJhbGciOiJIUzI1NiIsInR5cCI6IkpXVCJ9.eyJ0b2tlbl90eXBlIjoiYWNjZXNzIiwiZXhwIjoxNzgwOTkzNzA0LCJpYXQiOjE3ODA1NjE3MDQsImp0aSI6ImY0Nzk4M2RlZWUzOTQ3OGRiMjIyMzE5ZWQ0NDYzY2ZiIiwidXNlcl9pZCI6IjMifQ.2Jw0cKQIV136ovC-V7bgqKYbuFAA9ksGwhwaeh88WpE HTTP/1.1" 404 9536
WARNING 2026-06-05 08:52:26,775 basehttp 10232 9480 "GET /ws/notifications/?token=eyJhbGciOiJIUzI1NiIsInR5cCI6IkpXVCJ9.eyJ0b2tlbl90eXBlIjoiYWNjZXNzIiwiZXhwIjoxNzgwOTkzNzA0LCJpYXQiOjE3ODA1NjE3MDQsImp0aSI6ImY0Nzk4M2RlZWUzOTQ3OGRiMjIyMzE5ZWQ0NDYzY2ZiIiwidXNlcl9pZCI6IjMifQ.2Jw0cKQIV136ovC-V7bgqKYbuFAA9ksGwhwaeh88WpE HTTP/1.1" 404 9536
WARNING 2026-06-05 08:52:28,732 basehttp 10232 18184 "GET /ws/notifications/?token=eyJhbGciOiJIUzI1NiIsInR5cCI6IkpXVCJ9.eyJ0b2tlbl90eXBlIjoiYWNjZXNzIiwiZXhwIjoxNzgwOTkzNzA0LCJpYXQiOjE3ODA1NjE3MDQsImp0aSI6ImY0Nzk4M2RlZWUzOTQ3OGRiMjIyMzE5ZWQ0NDYzY2ZiIiwidXNlcl9pZCI6IjMifQ.2Jw0cKQIV136ovC-V7bgqKYbuFAA9ksGwhwaeh88WpE HTTP/1.1" 404 9536
WARNING 2026-06-05 08:52:30,735 basehttp 10232 3396 "GET /ws/notifications/?token=eyJhbGciOiJIUzI1NiIsInR5cCI6IkpXVCJ9.eyJ0b2tlbl90eXBlIjoiYWNjZXNzIiwiZXhwIjoxNzgwOTkzNzA0LCJpYXQiOjE3ODA1NjE3MDQsImp0aSI6ImY0Nzk4M2RlZWUzOTQ3OGRiMjIyMzE5ZWQ0NDYzY2ZiIiwidXNlcl9pZCI6IjMifQ.2Jw0cKQIV136ovC-V7bgqKYbuFAA9ksGwhwaeh88WpE HTTP/1.1" 404 9536
WARNING 2026-06-05 08:52:32,756 basehttp 10232 10956 "GET /ws/notifications/?token=eyJhbGciOiJIUzI1NiIsInR5cCI6IkpXVCJ9.eyJ0b2tlbl90eXBlIjoiYWNjZXNzIiwiZXhwIjoxNzgwOTkzNzA0LCJpYXQiOjE3ODA1NjE3MDQsImp0aSI6ImY0Nzk4M2RlZWUzOTQ3OGRiMjIyMzE5ZWQ0NDYzY2ZiIiwidXNlcl9pZCI6IjMifQ.2Jw0cKQIV136ovC-V7bgqKYbuFAA9ksGwhwaeh88WpE HTTP/1.1" 404 9536
WARNING 2026-06-05 08:52:34,745 basehttp 10232 14528 "GET /ws/notifications/?token=eyJhbGciOiJIUzI1NiIsInR5cCI6IkpXVCJ9.eyJ0b2tlbl90eXBlIjoiYWNjZXNzIiwiZXhwIjoxNzgwOTkzNzA0LCJpYXQiOjE3ODA1NjE3MDQsImp0aSI6ImY0Nzk4M2RlZWUzOTQ3OGRiMjIyMzE5ZWQ0NDYzY2ZiIiwidXNlcl9pZCI6IjMifQ.2Jw0cKQIV136ovC-V7bgqKYbuFAA9ksGwhwaeh88WpE HTTP/1.1" 404 9536
WARNING 2026-06-05 08:52:36,807 basehttp 10232 11432 "GET /ws/notifications/?token=eyJhbGciOiJIUzI1NiIsInR5cCI6IkpXVCJ9.eyJ0b2tlbl90eXBlIjoiYWNjZXNzIiwiZXhwIjoxNzgwOTkzNzA0LCJpYXQiOjE3ODA1NjE3MDQsImp0aSI6ImY0Nzk4M2RlZWUzOTQ3OGRiMjIyMzE5ZWQ0NDYzY2ZiIiwidXNlcl9pZCI6IjMifQ.2Jw0cKQIV136ovC-V7bgqKYbuFAA9ksGwhwaeh88WpE HTTP/1.1" 404 9536
WARNING 2026-06-05 08:52:38,772 basehttp 10232 8452 "GET /ws/notifications/?token=eyJhbGciOiJIUzI1NiIsInR5cCI6IkpXVCJ9.eyJ0b2tlbl90eXBlIjoiYWNjZXNzIiwiZXhwIjoxNzgwOTkzNzA0LCJpYXQiOjE3ODA1NjE3MDQsImp0aSI6ImY0Nzk4M2RlZWUzOTQ3OGRiMjIyMzE5ZWQ0NDYzY2ZiIiwidXNlcl9pZCI6IjMifQ.2Jw0cKQIV136ovC-V7bgqKYbuFAA9ksGwhwaeh88WpE HTTP/1.1" 404 9536
WARNING 2026-06-05 08:52:40,799 basehttp 10232 17280 "GET /ws/notifications/?token=eyJhbGciOiJIUzI1NiIsInR5cCI6IkpXVCJ9.eyJ0b2tlbl90eXBlIjoiYWNjZXNzIiwiZXhwIjoxNzgwOTkzNzA0LCJpYXQiOjE3ODA1NjE3MDQsImp0aSI6ImY0Nzk4M2RlZWUzOTQ3OGRiMjIyMzE5ZWQ0NDYzY2ZiIiwidXNlcl9pZCI6IjMifQ.2Jw0cKQIV136ovC-V7bgqKYbuFAA9ksGwhwaeh88WpE HTTP/1.1" 404 9536
WARNING 2026-06-05 08:52:42,852 basehttp 10232 17088 "GET /ws/notifications/?token=eyJhbGciOiJIUzI1NiIsInR5cCI6IkpXVCJ9.eyJ0b2tlbl90eXBlIjoiYWNjZXNzIiwiZXhwIjoxNzgwOTkzNzA0LCJpYXQiOjE3ODA1NjE3MDQsImp0aSI6ImY0Nzk4M2RlZWUzOTQ3OGRiMjIyMzE5ZWQ0NDYzY2ZiIiwidXNlcl9pZCI6IjMifQ.2Jw0cKQIV136ovC-V7bgqKYbuFAA9ksGwhwaeh88WpE HTTP/1.1" 404 9536
WARNING 2026-06-05 08:52:44,831 basehttp 10232 16268 "GET /ws/notifications/?token=eyJhbGciOiJIUzI1NiIsInR5cCI6IkpXVCJ9.eyJ0b2tlbl90eXBlIjoiYWNjZXNzIiwiZXhwIjoxNzgwOTkzNzA0LCJpYXQiOjE3ODA1NjE3MDQsImp0aSI6ImY0Nzk4M2RlZWUzOTQ3OGRiMjIyMzE5ZWQ0NDYzY2ZiIiwidXNlcl9pZCI6IjMifQ.2Jw0cKQIV136ovC-V7bgqKYbuFAA9ksGwhwaeh88WpE HTTP/1.1" 404 9536
WARNING 2026-06-05 08:52:47,080 basehttp 10232 15048 "GET /ws/notifications/?token=eyJhbGciOiJIUzI1NiIsInR5cCI6IkpXVCJ9.eyJ0b2tlbl90eXBlIjoiYWNjZXNzIiwiZXhwIjoxNzgwOTkzNzA0LCJpYXQiOjE3ODA1NjE3MDQsImp0aSI6ImY0Nzk4M2RlZWUzOTQ3OGRiMjIyMzE5ZWQ0NDYzY2ZiIiwidXNlcl9pZCI6IjMifQ.2Jw0cKQIV136ovC-V7bgqKYbuFAA9ksGwhwaeh88WpE HTTP/1.1" 404 9536
WARNING 2026-06-05 08:52:49,438 basehttp 10232 11984 "GET /ws/notifications/?token=eyJhbGciOiJIUzI1NiIsInR5cCI6IkpXVCJ9.eyJ0b2tlbl90eXBlIjoiYWNjZXNzIiwiZXhwIjoxNzgwOTkzNzA0LCJpYXQiOjE3ODA1NjE3MDQsImp0aSI6ImY0Nzk4M2RlZWUzOTQ3OGRiMjIyMzE5ZWQ0NDYzY2ZiIiwidXNlcl9pZCI6IjMifQ.2Jw0cKQIV136ovC-V7bgqKYbuFAA9ksGwhwaeh88WpE HTTP/1.1" 404 9536
WARNING 2026-06-05 08:52:53,126 basehttp 10232 12412 "GET /ws/notifications/?token=eyJhbGciOiJIUzI1NiIsInR5cCI6IkpXVCJ9.eyJ0b2tlbl90eXBlIjoiYWNjZXNzIiwiZXhwIjoxNzgwOTkzNzA0LCJpYXQiOjE3ODA1NjE3MDQsImp0aSI6ImY0Nzk4M2RlZWUzOTQ3OGRiMjIyMzE5ZWQ0NDYzY2ZiIiwidXNlcl9pZCI6IjMifQ.2Jw0cKQIV136ovC-V7bgqKYbuFAA9ksGwhwaeh88WpE HTTP/1.1" 404 9536
WARNING 2026-06-05 08:52:55,775 basehttp 10232 15820 "GET /chat/unread-counts/ HTTP/1.1" 404 9304
WARNING 2026-06-05 08:52:58,811 basehttp 10232 12432 "GET /ws/notifications/?token=eyJhbGciOiJIUzI1NiIsInR5cCI6IkpXVCJ9.eyJ0b2tlbl90eXBlIjoiYWNjZXNzIiwiZXhwIjoxNzgwOTkzNzA0LCJpYXQiOjE3ODA1NjE3MDQsImp0aSI6ImY0Nzk4M2RlZWUzOTQ3OGRiMjIyMzE5ZWQ0NDYzY2ZiIiwidXNlcl9pZCI6IjMifQ.2Jw0cKQIV136ovC-V7bgqKYbuFAA9ksGwhwaeh88WpE HTTP/1.1" 404 9536
WARNING 2026-06-05 08:53:02,250 basehttp 10232 15912 "GET /ws/notifications/?token=eyJhbGciOiJIUzI1NiIsInR5cCI6IkpXVCJ9.eyJ0b2tlbl90eXBlIjoiYWNjZXNzIiwiZXhwIjoxNzgwOTkzNzA0LCJpYXQiOjE3ODA1NjE3MDQsImp0aSI6ImY0Nzk4M2RlZWUzOTQ3OGRiMjIyMzE5ZWQ0NDYzY2ZiIiwidXNlcl9pZCI6IjMifQ.2Jw0cKQIV136ovC-V7bgqKYbuFAA9ksGwhwaeh88WpE HTTP/1.1" 404 9536
WARNING 2026-06-05 08:53:05,043 basehttp 10232 13092 "GET /ws/notifications/?token=eyJhbGciOiJIUzI1NiIsInR5cCI6IkpXVCJ9.eyJ0b2tlbl90eXBlIjoiYWNjZXNzIiwiZXhwIjoxNzgwOTkzNzA0LCJpYXQiOjE3ODA1NjE3MDQsImp0aSI6ImY0Nzk4M2RlZWUzOTQ3OGRiMjIyMzE5ZWQ0NDYzY2ZiIiwidXNlcl9pZCI6IjMifQ.2Jw0cKQIV136ovC-V7bgqKYbuFAA9ksGwhwaeh88WpE HTTP/1.1" 404 9536
WARNING 2026-06-05 08:53:09,201 basehttp 10232 16924 "GET /ws/notifications/?token=eyJhbGciOiJIUzI1NiIsInR5cCI6IkpXVCJ9.eyJ0b2tlbl90eXBlIjoiYWNjZXNzIiwiZXhwIjoxNzgwOTkzNzA0LCJpYXQiOjE3ODA1NjE3MDQsImp0aSI6ImY0Nzk4M2RlZWUzOTQ3OGRiMjIyMzE5ZWQ0NDYzY2ZiIiwidXNlcl9pZCI6IjMifQ.2Jw0cKQIV136ovC-V7bgqKYbuFAA9ksGwhwaeh88WpE HTTP/1.1" 404 9536
WARNING 2026-06-05 08:53:14,849 basehttp 10232 16396 "GET /ws/notifications/?token=eyJhbGciOiJIUzI1NiIsInR5cCI6IkpXVCJ9.eyJ0b2tlbl90eXBlIjoiYWNjZXNzIiwiZXhwIjoxNzgwOTkzNzA0LCJpYXQiOjE3ODA1NjE3MDQsImp0aSI6ImY0Nzk4M2RlZWUzOTQ3OGRiMjIyMzE5ZWQ0NDYzY2ZiIiwidXNlcl9pZCI6IjMifQ.2Jw0cKQIV136ovC-V7bgqKYbuFAA9ksGwhwaeh88WpE HTTP/1.1" 404 9536
WARNING 2026-06-05 08:53:20,030 basehttp 10232 18160 "GET /ws/notifications/?token=eyJhbGciOiJIUzI1NiIsInR5cCI6IkpXVCJ9.eyJ0b2tlbl90eXBlIjoiYWNjZXNzIiwiZXhwIjoxNzgwOTkzNzA0LCJpYXQiOjE3ODA1NjE3MDQsImp0aSI6ImY0Nzk4M2RlZWUzOTQ3OGRiMjIyMzE5ZWQ0NDYzY2ZiIiwidXNlcl9pZCI6IjMifQ.2Jw0cKQIV136ovC-V7bgqKYbuFAA9ksGwhwaeh88WpE HTTP/1.1" 404 9536
WARNING 2026-06-05 08:53:26,553 basehttp 10232 15176 "GET /ws/notifications/?token=eyJhbGciOiJIUzI1NiIsInR5cCI6IkpXVCJ9.eyJ0b2tlbl90eXBlIjoiYWNjZXNzIiwiZXhwIjoxNzgwOTkzNzA0LCJpYXQiOjE3ODA1NjE3MDQsImp0aSI6ImY0Nzk4M2RlZWUzOTQ3OGRiMjIyMzE5ZWQ0NDYzY2ZiIiwidXNlcl9pZCI6IjMifQ.2Jw0cKQIV136ovC-V7bgqKYbuFAA9ksGwhwaeh88WpE HTTP/1.1" 404 9536
WARNING 2026-06-05 08:53:30,546 basehttp 10232 17760 "GET /ws/notifications/?token=eyJhbGciOiJIUzI1NiIsInR5cCI6IkpXVCJ9.eyJ0b2tlbl90eXBlIjoiYWNjZXNzIiwiZXhwIjoxNzgwOTkzNzA0LCJpYXQiOjE3ODA1NjE3MDQsImp0aSI6ImY0Nzk4M2RlZWUzOTQ3OGRiMjIyMzE5ZWQ0NDYzY2ZiIiwidXNlcl9pZCI6IjMifQ.2Jw0cKQIV136ovC-V7bgqKYbuFAA9ksGwhwaeh88WpE HTTP/1.1" 404 9536
WARNING 2026-06-05 08:53:34,030 basehttp 10232 4832 "GET /ws/notifications/?token=eyJhbGciOiJIUzI1NiIsInR5cCI6IkpXVCJ9.eyJ0b2tlbl90eXBlIjoiYWNjZXNzIiwiZXhwIjoxNzgwOTkzNzA0LCJpYXQiOjE3ODA1NjE3MDQsImp0aSI6ImY0Nzk4M2RlZWUzOTQ3OGRiMjIyMzE5ZWQ0NDYzY2ZiIiwidXNlcl9pZCI6IjMifQ.2Jw0cKQIV136ovC-V7bgqKYbuFAA9ksGwhwaeh88WpE HTTP/1.1" 404 9536
WARNING 2026-06-05 08:53:39,382 basehttp 10232 16424 "GET /ws/notifications/?token=eyJhbGciOiJIUzI1NiIsInR5cCI6IkpXVCJ9.eyJ0b2tlbl90eXBlIjoiYWNjZXNzIiwiZXhwIjoxNzgwOTkzNzA0LCJpYXQiOjE3ODA1NjE3MDQsImp0aSI6ImY0Nzk4M2RlZWUzOTQ3OGRiMjIyMzE5ZWQ0NDYzY2ZiIiwidXNlcl9pZCI6IjMifQ.2Jw0cKQIV136ovC-V7bgqKYbuFAA9ksGwhwaeh88WpE HTTP/1.1" 404 9536
WARNING 2026-06-05 08:53:43,347 basehttp 10232 16564 "GET /ws/notifications/?token=eyJhbGciOiJIUzI1NiIsInR5cCI6IkpXVCJ9.eyJ0b2tlbl90eXBlIjoiYWNjZXNzIiwiZXhwIjoxNzgwOTkzNzA0LCJpYXQiOjE3ODA1NjE3MDQsImp0aSI6ImY0Nzk4M2RlZWUzOTQ3OGRiMjIyMzE5ZWQ0NDYzY2ZiIiwidXNlcl9pZCI6IjMifQ.2Jw0cKQIV136ovC-V7bgqKYbuFAA9ksGwhwaeh88WpE HTTP/1.1" 404 9536
WARNING 2026-06-05 08:53:48,743 basehttp 10232 12908 "GET /ws/notifications/?token=eyJhbGciOiJIUzI1NiIsInR5cCI6IkpXVCJ9.eyJ0b2tlbl90eXBlIjoiYWNjZXNzIiwiZXhwIjoxNzgwOTkzNzA0LCJpYXQiOjE3ODA1NjE3MDQsImp0aSI6ImY0Nzk4M2RlZWUzOTQ3OGRiMjIyMzE5ZWQ0NDYzY2ZiIiwidXNlcl9pZCI6IjMifQ.2Jw0cKQIV136ovC-V7bgqKYbuFAA9ksGwhwaeh88WpE HTTP/1.1" 404 9536
WARNING 2026-06-05 08:53:51,872 basehttp 10232 13636 "GET /ws/notifications/?token=eyJhbGciOiJIUzI1NiIsInR5cCI6IkpXVCJ9.eyJ0b2tlbl90eXBlIjoiYWNjZXNzIiwiZXhwIjoxNzgwOTkzNzA0LCJpYXQiOjE3ODA1NjE3MDQsImp0aSI6ImY0Nzk4M2RlZWUzOTQ3OGRiMjIyMzE5ZWQ0NDYzY2ZiIiwidXNlcl9pZCI6IjMifQ.2Jw0cKQIV136ovC-V7bgqKYbuFAA9ksGwhwaeh88WpE HTTP/1.1" 404 9536
WARNING 2026-06-05 08:53:55,439 basehttp 10232 11828 "GET /ws/notifications/?token=eyJhbGciOiJIUzI1NiIsInR5cCI6IkpXVCJ9.eyJ0b2tlbl90eXBlIjoiYWNjZXNzIiwiZXhwIjoxNzgwOTkzNzA0LCJpYXQiOjE3ODA1NjE3MDQsImp0aSI6ImY0Nzk4M2RlZWUzOTQ3OGRiMjIyMzE5ZWQ0NDYzY2ZiIiwidXNlcl9pZCI6IjMifQ.2Jw0cKQIV136ovC-V7bgqKYbuFAA9ksGwhwaeh88WpE HTTP/1.1" 404 9536
WARNING 2026-06-05 08:53:55,749 basehttp 10232 15820 "GET /chat/unread-counts/ HTTP/1.1" 404 9304
WARNING 2026-06-05 08:54:00,398 basehttp 10232 13736 "GET /ws/notifications/?token=eyJhbGciOiJIUzI1NiIsInR5cCI6IkpXVCJ9.eyJ0b2tlbl90eXBlIjoiYWNjZXNzIiwiZXhwIjoxNzgwOTkzNzA0LCJpYXQiOjE3ODA1NjE3MDQsImp0aSI6ImY0Nzk4M2RlZWUzOTQ3OGRiMjIyMzE5ZWQ0NDYzY2ZiIiwidXNlcl9pZCI6IjMifQ.2Jw0cKQIV136ovC-V7bgqKYbuFAA9ksGwhwaeh88WpE HTTP/1.1" 404 9536
WARNING 2026-06-05 08:54:03,983 basehttp 10232 15340 "GET /ws/notifications/?token=eyJhbGciOiJIUzI1NiIsInR5cCI6IkpXVCJ9.eyJ0b2tlbl90eXBlIjoiYWNjZXNzIiwiZXhwIjoxNzgwOTkzNzA0LCJpYXQiOjE3ODA1NjE3MDQsImp0aSI6ImY0Nzk4M2RlZWUzOTQ3OGRiMjIyMzE5ZWQ0NDYzY2ZiIiwidXNlcl9pZCI6IjMifQ.2Jw0cKQIV136ovC-V7bgqKYbuFAA9ksGwhwaeh88WpE HTTP/1.1" 404 9536
INFO 2026-06-05 08:54:03,987 basehttp 10232 15340 - Broken pipe from ('127.0.0.1', 51195)
WARNING 2026-06-05 08:54:07,837 basehttp 10232 12476 "GET /ws/notifications/?token=eyJhbGciOiJIUzI1NiIsInR5cCI6IkpXVCJ9.eyJ0b2tlbl90eXBlIjoiYWNjZXNzIiwiZXhwIjoxNzgwOTkzNzA0LCJpYXQiOjE3ODA1NjE3MDQsImp0aSI6ImY0Nzk4M2RlZWUzOTQ3OGRiMjIyMzE5ZWQ0NDYzY2ZiIiwidXNlcl9pZCI6IjMifQ.2Jw0cKQIV136ovC-V7bgqKYbuFAA9ksGwhwaeh88WpE HTTP/1.1" 404 9536
WARNING 2026-06-05 08:54:13,509 basehttp 10232 6512 "GET /ws/notifications/?token=eyJhbGciOiJIUzI1NiIsInR5cCI6IkpXVCJ9.eyJ0b2tlbl90eXBlIjoiYWNjZXNzIiwiZXhwIjoxNzgwOTkzNzA0LCJpYXQiOjE3ODA1NjE3MDQsImp0aSI6ImY0Nzk4M2RlZWUzOTQ3OGRiMjIyMzE5ZWQ0NDYzY2ZiIiwidXNlcl9pZCI6IjMifQ.2Jw0cKQIV136ovC-V7bgqKYbuFAA9ksGwhwaeh88WpE HTTP/1.1" 404 9536
WARNING 2026-06-05 08:54:17,704 basehttp 10232 3980 "GET /ws/notifications/?token=eyJhbGciOiJIUzI1NiIsInR5cCI6IkpXVCJ9.eyJ0b2tlbl90eXBlIjoiYWNjZXNzIiwiZXhwIjoxNzgwOTkzNzA0LCJpYXQiOjE3ODA1NjE3MDQsImp0aSI6ImY0Nzk4M2RlZWUzOTQ3OGRiMjIyMzE5ZWQ0NDYzY2ZiIiwidXNlcl9pZCI6IjMifQ.2Jw0cKQIV136ovC-V7bgqKYbuFAA9ksGwhwaeh88WpE HTTP/1.1" 404 9536
WARNING 2026-06-05 08:54:22,200 basehttp 10232 17148 "GET /ws/notifications/?token=eyJhbGciOiJIUzI1NiIsInR5cCI6IkpXVCJ9.eyJ0b2tlbl90eXBlIjoiYWNjZXNzIiwiZXhwIjoxNzgwOTkzNzA0LCJpYXQiOjE3ODA1NjE3MDQsImp0aSI6ImY0Nzk4M2RlZWUzOTQ3OGRiMjIyMzE5ZWQ0NDYzY2ZiIiwidXNlcl9pZCI6IjMifQ.2Jw0cKQIV136ovC-V7bgqKYbuFAA9ksGwhwaeh88WpE HTTP/1.1" 404 9536
WARNING 2026-06-05 08:54:25,805 basehttp 10232 1536 "GET /ws/notifications/?token=eyJhbGciOiJIUzI1NiIsInR5cCI6IkpXVCJ9.eyJ0b2tlbl90eXBlIjoiYWNjZXNzIiwiZXhwIjoxNzgwOTkzNzA0LCJpYXQiOjE3ODA1NjE3MDQsImp0aSI6ImY0Nzk4M2RlZWUzOTQ3OGRiMjIyMzE5ZWQ0NDYzY2ZiIiwidXNlcl9pZCI6IjMifQ.2Jw0cKQIV136ovC-V7bgqKYbuFAA9ksGwhwaeh88WpE HTTP/1.1" 404 9536
WARNING 2026-06-05 08:54:31,066 basehttp 10232 6184 "GET /ws/notifications/?token=eyJhbGciOiJIUzI1NiIsInR5cCI6IkpXVCJ9.eyJ0b2tlbl90eXBlIjoiYWNjZXNzIiwiZXhwIjoxNzgwOTkzNzA0LCJpYXQiOjE3ODA1NjE3MDQsImp0aSI6ImY0Nzk4M2RlZWUzOTQ3OGRiMjIyMzE5ZWQ0NDYzY2ZiIiwidXNlcl9pZCI6IjMifQ.2Jw0cKQIV136ovC-V7bgqKYbuFAA9ksGwhwaeh88WpE HTTP/1.1" 404 9536
WARNING 2026-06-05 08:54:35,983 basehttp 10232 17260 "GET /ws/notifications/?token=eyJhbGciOiJIUzI1NiIsInR5cCI6IkpXVCJ9.eyJ0b2tlbl90eXBlIjoiYWNjZXNzIiwiZXhwIjoxNzgwOTkzNzA0LCJpYXQiOjE3ODA1NjE3MDQsImp0aSI6ImY0Nzk4M2RlZWUzOTQ3OGRiMjIyMzE5ZWQ0NDYzY2ZiIiwidXNlcl9pZCI6IjMifQ.2Jw0cKQIV136ovC-V7bgqKYbuFAA9ksGwhwaeh88WpE HTTP/1.1" 404 9536
WARNING 2026-06-05 08:54:41,534 basehttp 10232 13612 "GET /ws/notifications/?token=eyJhbGciOiJIUzI1NiIsInR5cCI6IkpXVCJ9.eyJ0b2tlbl90eXBlIjoiYWNjZXNzIiwiZXhwIjoxNzgwOTkzNzA0LCJpYXQiOjE3ODA1NjE3MDQsImp0aSI6ImY0Nzk4M2RlZWUzOTQ3OGRiMjIyMzE5ZWQ0NDYzY2ZiIiwidXNlcl9pZCI6IjMifQ.2Jw0cKQIV136ovC-V7bgqKYbuFAA9ksGwhwaeh88WpE HTTP/1.1" 404 9536
WARNING 2026-06-05 08:54:46,262 basehttp 10232 12000 "GET /ws/notifications/?token=eyJhbGciOiJIUzI1NiIsInR5cCI6IkpXVCJ9.eyJ0b2tlbl90eXBlIjoiYWNjZXNzIiwiZXhwIjoxNzgwOTkzNzA0LCJpYXQiOjE3ODA1NjE3MDQsImp0aSI6ImY0Nzk4M2RlZWUzOTQ3OGRiMjIyMzE5ZWQ0NDYzY2ZiIiwidXNlcl9pZCI6IjMifQ.2Jw0cKQIV136ovC-V7bgqKYbuFAA9ksGwhwaeh88WpE HTTP/1.1" 404 9536
WARNING 2026-06-05 08:54:49,918 basehttp 10232 13236 "GET /ws/notifications/?token=eyJhbGciOiJIUzI1NiIsInR5cCI6IkpXVCJ9.eyJ0b2tlbl90eXBlIjoiYWNjZXNzIiwiZXhwIjoxNzgwOTkzNzA0LCJpYXQiOjE3ODA1NjE3MDQsImp0aSI6ImY0Nzk4M2RlZWUzOTQ3OGRiMjIyMzE5ZWQ0NDYzY2ZiIiwidXNlcl9pZCI6IjMifQ.2Jw0cKQIV136ovC-V7bgqKYbuFAA9ksGwhwaeh88WpE HTTP/1.1" 404 9536
WARNING 2026-06-05 08:54:52,921 basehttp 10232 7476 "GET /ws/notifications/?token=eyJhbGciOiJIUzI1NiIsInR5cCI6IkpXVCJ9.eyJ0b2tlbl90eXBlIjoiYWNjZXNzIiwiZXhwIjoxNzgwOTkzNzA0LCJpYXQiOjE3ODA1NjE3MDQsImp0aSI6ImY0Nzk4M2RlZWUzOTQ3OGRiMjIyMzE5ZWQ0NDYzY2ZiIiwidXNlcl9pZCI6IjMifQ.2Jw0cKQIV136ovC-V7bgqKYbuFAA9ksGwhwaeh88WpE HTTP/1.1" 404 9536
WARNING 2026-06-05 08:54:55,729 basehttp 10232 15820 "GET /chat/unread-counts/ HTTP/1.1" 404 9304
WARNING 2026-06-05 08:54:59,368 basehttp 10232 12812 "GET /ws/notifications/?token=eyJhbGciOiJIUzI1NiIsInR5cCI6IkpXVCJ9.eyJ0b2tlbl90eXBlIjoiYWNjZXNzIiwiZXhwIjoxNzgwOTkzNzA0LCJpYXQiOjE3ODA1NjE3MDQsImp0aSI6ImY0Nzk4M2RlZWUzOTQ3OGRiMjIyMzE5ZWQ0NDYzY2ZiIiwidXNlcl9pZCI6IjMifQ.2Jw0cKQIV136ovC-V7bgqKYbuFAA9ksGwhwaeh88WpE HTTP/1.1" 404 9536
WARNING 2026-06-05 08:55:05,305 basehttp 10232 2588 "GET /ws/notifications/?token=eyJhbGciOiJIUzI1NiIsInR5cCI6IkpXVCJ9.eyJ0b2tlbl90eXBlIjoiYWNjZXNzIiwiZXhwIjoxNzgwOTkzNzA0LCJpYXQiOjE3ODA1NjE3MDQsImp0aSI6ImY0Nzk4M2RlZWUzOTQ3OGRiMjIyMzE5ZWQ0NDYzY2ZiIiwidXNlcl9pZCI6IjMifQ.2Jw0cKQIV136ovC-V7bgqKYbuFAA9ksGwhwaeh88WpE HTTP/1.1" 404 9536
WARNING 2026-06-05 08:55:09,478 basehttp 10232 9648 "GET /ws/notifications/?token=eyJhbGciOiJIUzI1NiIsInR5cCI6IkpXVCJ9.eyJ0b2tlbl90eXBlIjoiYWNjZXNzIiwiZXhwIjoxNzgwOTkzNzA0LCJpYXQiOjE3ODA1NjE3MDQsImp0aSI6ImY0Nzk4M2RlZWUzOTQ3OGRiMjIyMzE5ZWQ0NDYzY2ZiIiwidXNlcl9pZCI6IjMifQ.2Jw0cKQIV136ovC-V7bgqKYbuFAA9ksGwhwaeh88WpE HTTP/1.1" 404 9536
WARNING 2026-06-05 08:55:11,997 basehttp 10232 17608 "GET /ws/notifications/?token=eyJhbGciOiJIUzI1NiIsInR5cCI6IkpXVCJ9.eyJ0b2tlbl90eXBlIjoiYWNjZXNzIiwiZXhwIjoxNzgwOTkzNzA0LCJpYXQiOjE3ODA1NjE3MDQsImp0aSI6ImY0Nzk4M2RlZWUzOTQ3OGRiMjIyMzE5ZWQ0NDYzY2ZiIiwidXNlcl9pZCI6IjMifQ.2Jw0cKQIV136ovC-V7bgqKYbuFAA9ksGwhwaeh88WpE HTTP/1.1" 404 9536
WARNING 2026-06-05 08:55:18,037 basehttp 10232 16380 "GET /ws/notifications/?token=eyJhbGciOiJIUzI1NiIsInR5cCI6IkpXVCJ9.eyJ0b2tlbl90eXBlIjoiYWNjZXNzIiwiZXhwIjoxNzgwOTkzNzA0LCJpYXQiOjE3ODA1NjE3MDQsImp0aSI6ImY0Nzk4M2RlZWUzOTQ3OGRiMjIyMzE5ZWQ0NDYzY2ZiIiwidXNlcl9pZCI6IjMifQ.2Jw0cKQIV136ovC-V7bgqKYbuFAA9ksGwhwaeh88WpE HTTP/1.1" 404 9536
WARNING 2026-06-05 08:55:21,653 basehttp 10232 5972 "GET /ws/notifications/?token=eyJhbGciOiJIUzI1NiIsInR5cCI6IkpXVCJ9.eyJ0b2tlbl90eXBlIjoiYWNjZXNzIiwiZXhwIjoxNzgwOTkzNzA0LCJpYXQiOjE3ODA1NjE3MDQsImp0aSI6ImY0Nzk4M2RlZWUzOTQ3OGRiMjIyMzE5ZWQ0NDYzY2ZiIiwidXNlcl9pZCI6IjMifQ.2Jw0cKQIV136ovC-V7bgqKYbuFAA9ksGwhwaeh88WpE HTTP/1.1" 404 9536
WARNING 2026-06-05 08:55:26,707 basehttp 10232 16876 "GET /ws/notifications/?token=eyJhbGciOiJIUzI1NiIsInR5cCI6IkpXVCJ9.eyJ0b2tlbl90eXBlIjoiYWNjZXNzIiwiZXhwIjoxNzgwOTkzNzA0LCJpYXQiOjE3ODA1NjE3MDQsImp0aSI6ImY0Nzk4M2RlZWUzOTQ3OGRiMjIyMzE5ZWQ0NDYzY2ZiIiwidXNlcl9pZCI6IjMifQ.2Jw0cKQIV136ovC-V7bgqKYbuFAA9ksGwhwaeh88WpE HTTP/1.1" 404 9536
WARNING 2026-06-05 08:55:32,013 basehttp 10232 16512 "GET /ws/notifications/?token=eyJhbGciOiJIUzI1NiIsInR5cCI6IkpXVCJ9.eyJ0b2tlbl90eXBlIjoiYWNjZXNzIiwiZXhwIjoxNzgwOTkzNzA0LCJpYXQiOjE3ODA1NjE3MDQsImp0aSI6ImY0Nzk4M2RlZWUzOTQ3OGRiMjIyMzE5ZWQ0NDYzY2ZiIiwidXNlcl9pZCI6IjMifQ.2Jw0cKQIV136ovC-V7bgqKYbuFAA9ksGwhwaeh88WpE HTTP/1.1" 404 9536
WARNING 2026-06-05 08:55:38,176 basehttp 10232 6680 "GET /ws/notifications/?token=eyJhbGciOiJIUzI1NiIsInR5cCI6IkpXVCJ9.eyJ0b2tlbl90eXBlIjoiYWNjZXNzIiwiZXhwIjoxNzgwOTkzNzA0LCJpYXQiOjE3ODA1NjE3MDQsImp0aSI6ImY0Nzk4M2RlZWUzOTQ3OGRiMjIyMzE5ZWQ0NDYzY2ZiIiwidXNlcl9pZCI6IjMifQ.2Jw0cKQIV136ovC-V7bgqKYbuFAA9ksGwhwaeh88WpE HTTP/1.1" 404 9536
WARNING 2026-06-05 08:55:42,558 basehttp 10232 2672 "GET /ws/notifications/?token=eyJhbGciOiJIUzI1NiIsInR5cCI6IkpXVCJ9.eyJ0b2tlbl90eXBlIjoiYWNjZXNzIiwiZXhwIjoxNzgwOTkzNzA0LCJpYXQiOjE3ODA1NjE3MDQsImp0aSI6ImY0Nzk4M2RlZWUzOTQ3OGRiMjIyMzE5ZWQ0NDYzY2ZiIiwidXNlcl9pZCI6IjMifQ.2Jw0cKQIV136ovC-V7bgqKYbuFAA9ksGwhwaeh88WpE HTTP/1.1" 404 9536
WARNING 2026-06-05 08:55:44,893 basehttp 10232 14888 "GET /ws/notifications/?token=eyJhbGciOiJIUzI1NiIsInR5cCI6IkpXVCJ9.eyJ0b2tlbl90eXBlIjoiYWNjZXNzIiwiZXhwIjoxNzgwOTkzNzA0LCJpYXQiOjE3ODA1NjE3MDQsImp0aSI6ImY0Nzk4M2RlZWUzOTQ3OGRiMjIyMzE5ZWQ0NDYzY2ZiIiwidXNlcl9pZCI6IjMifQ.2Jw0cKQIV136ovC-V7bgqKYbuFAA9ksGwhwaeh88WpE HTTP/1.1" 404 9536
WARNING 2026-06-05 08:55:51,595 basehttp 10232 17116 "GET /ws/notifications/?token=eyJhbGciOiJIUzI1NiIsInR5cCI6IkpXVCJ9.eyJ0b2tlbl90eXBlIjoiYWNjZXNzIiwiZXhwIjoxNzgwOTkzNzA0LCJpYXQiOjE3ODA1NjE3MDQsImp0aSI6ImY0Nzk4M2RlZWUzOTQ3OGRiMjIyMzE5ZWQ0NDYzY2ZiIiwidXNlcl9pZCI6IjMifQ.2Jw0cKQIV136ovC-V7bgqKYbuFAA9ksGwhwaeh88WpE HTTP/1.1" 404 9536
WARNING 2026-06-05 08:55:55,273 basehttp 10232 18180 "GET /ws/notifications/?token=eyJhbGciOiJIUzI1NiIsInR5cCI6IkpXVCJ9.eyJ0b2tlbl90eXBlIjoiYWNjZXNzIiwiZXhwIjoxNzgwOTkzNzA0LCJpYXQiOjE3ODA1NjE3MDQsImp0aSI6ImY0Nzk4M2RlZWUzOTQ3OGRiMjIyMzE5ZWQ0NDYzY2ZiIiwidXNlcl9pZCI6IjMifQ.2Jw0cKQIV136ovC-V7bgqKYbuFAA9ksGwhwaeh88WpE HTTP/1.1" 404 9536
WARNING 2026-06-05 08:55:55,792 basehttp 10232 15820 "GET /chat/unread-counts/ HTTP/1.1" 404 9304
WARNING 2026-06-05 08:56:01,602 basehttp 10232 17860 "GET /ws/notifications/?token=eyJhbGciOiJIUzI1NiIsInR5cCI6IkpXVCJ9.eyJ0b2tlbl90eXBlIjoiYWNjZXNzIiwiZXhwIjoxNzgwOTkzNzA0LCJpYXQiOjE3ODA1NjE3MDQsImp0aSI6ImY0Nzk4M2RlZWUzOTQ3OGRiMjIyMzE5ZWQ0NDYzY2ZiIiwidXNlcl9pZCI6IjMifQ.2Jw0cKQIV136ovC-V7bgqKYbuFAA9ksGwhwaeh88WpE HTTP/1.1" 404 9536
WARNING 2026-06-05 08:56:04,189 basehttp 10232 12100 "GET /ws/notifications/?token=eyJhbGciOiJIUzI1NiIsInR5cCI6IkpXVCJ9.eyJ0b2tlbl90eXBlIjoiYWNjZXNzIiwiZXhwIjoxNzgwOTkzNzA0LCJpYXQiOjE3ODA1NjE3MDQsImp0aSI6ImY0Nzk4M2RlZWUzOTQ3OGRiMjIyMzE5ZWQ0NDYzY2ZiIiwidXNlcl9pZCI6IjMifQ.2Jw0cKQIV136ovC-V7bgqKYbuFAA9ksGwhwaeh88WpE HTTP/1.1" 404 9536
WARNING 2026-06-05 08:56:06,881 basehttp 10232 2008 "GET /ws/notifications/?token=eyJhbGciOiJIUzI1NiIsInR5cCI6IkpXVCJ9.eyJ0b2tlbl90eXBlIjoiYWNjZXNzIiwiZXhwIjoxNzgwOTkzNzA0LCJpYXQiOjE3ODA1NjE3MDQsImp0aSI6ImY0Nzk4M2RlZWUzOTQ3OGRiMjIyMzE5ZWQ0NDYzY2ZiIiwidXNlcl9pZCI6IjMifQ.2Jw0cKQIV136ovC-V7bgqKYbuFAA9ksGwhwaeh88WpE HTTP/1.1" 404 9536
WARNING 2026-06-05 08:56:12,492 basehttp 10232 17180 "GET /ws/notifications/?token=eyJhbGciOiJIUzI1NiIsInR5cCI6IkpXVCJ9.eyJ0b2tlbl90eXBlIjoiYWNjZXNzIiwiZXhwIjoxNzgwOTkzNzA0LCJpYXQiOjE3ODA1NjE3MDQsImp0aSI6ImY0Nzk4M2RlZWUzOTQ3OGRiMjIyMzE5ZWQ0NDYzY2ZiIiwidXNlcl9pZCI6IjMifQ.2Jw0cKQIV136ovC-V7bgqKYbuFAA9ksGwhwaeh88WpE HTTP/1.1" 404 9536
WARNING 2026-06-05 08:56:14,776 basehttp 10232 14812 "GET /ws/notifications/?token=eyJhbGciOiJIUzI1NiIsInR5cCI6IkpXVCJ9.eyJ0b2tlbl90eXBlIjoiYWNjZXNzIiwiZXhwIjoxNzgwOTkzNzA0LCJpYXQiOjE3ODA1NjE3MDQsImp0aSI6ImY0Nzk4M2RlZWUzOTQ3OGRiMjIyMzE5ZWQ0NDYzY2ZiIiwidXNlcl9pZCI6IjMifQ.2Jw0cKQIV136ovC-V7bgqKYbuFAA9ksGwhwaeh88WpE HTTP/1.1" 404 9536
WARNING 2026-06-05 08:56:18,505 basehttp 10232 16104 "GET /ws/notifications/?token=eyJhbGciOiJIUzI1NiIsInR5cCI6IkpXVCJ9.eyJ0b2tlbl90eXBlIjoiYWNjZXNzIiwiZXhwIjoxNzgwOTkzNzA0LCJpYXQiOjE3ODA1NjE3MDQsImp0aSI6ImY0Nzk4M2RlZWUzOTQ3OGRiMjIyMzE5ZWQ0NDYzY2ZiIiwidXNlcl9pZCI6IjMifQ.2Jw0cKQIV136ovC-V7bgqKYbuFAA9ksGwhwaeh88WpE HTTP/1.1" 404 9536
WARNING 2026-06-05 08:56:24,431 basehttp 10232 12788 "GET /ws/notifications/?token=eyJhbGciOiJIUzI1NiIsInR5cCI6IkpXVCJ9.eyJ0b2tlbl90eXBlIjoiYWNjZXNzIiwiZXhwIjoxNzgwOTkzNzA0LCJpYXQiOjE3ODA1NjE3MDQsImp0aSI6ImY0Nzk4M2RlZWUzOTQ3OGRiMjIyMzE5ZWQ0NDYzY2ZiIiwidXNlcl9pZCI6IjMifQ.2Jw0cKQIV136ovC-V7bgqKYbuFAA9ksGwhwaeh88WpE HTTP/1.1" 404 9536
WARNING 2026-06-05 08:56:26,894 basehttp 10232 16972 "GET /ws/notifications/?token=eyJhbGciOiJIUzI1NiIsInR5cCI6IkpXVCJ9.eyJ0b2tlbl90eXBlIjoiYWNjZXNzIiwiZXhwIjoxNzgwOTkzNzA0LCJpYXQiOjE3ODA1NjE3MDQsImp0aSI6ImY0Nzk4M2RlZWUzOTQ3OGRiMjIyMzE5ZWQ0NDYzY2ZiIiwidXNlcl9pZCI6IjMifQ.2Jw0cKQIV136ovC-V7bgqKYbuFAA9ksGwhwaeh88WpE HTTP/1.1" 404 9536
WARNING 2026-06-05 08:56:32,854 basehttp 10232 13760 "GET /ws/notifications/?token=eyJhbGciOiJIUzI1NiIsInR5cCI6IkpXVCJ9.eyJ0b2tlbl90eXBlIjoiYWNjZXNzIiwiZXhwIjoxNzgwOTkzNzA0LCJpYXQiOjE3ODA1NjE3MDQsImp0aSI6ImY0Nzk4M2RlZWUzOTQ3OGRiMjIyMzE5ZWQ0NDYzY2ZiIiwidXNlcl9pZCI6IjMifQ.2Jw0cKQIV136ovC-V7bgqKYbuFAA9ksGwhwaeh88WpE HTTP/1.1" 404 9536
WARNING 2026-06-05 08:56:39,009 basehttp 10232 18168 "GET /ws/notifications/?token=eyJhbGciOiJIUzI1NiIsInR5cCI6IkpXVCJ9.eyJ0b2tlbl90eXBlIjoiYWNjZXNzIiwiZXhwIjoxNzgwOTkzNzA0LCJpYXQiOjE3ODA1NjE3MDQsImp0aSI6ImY0Nzk4M2RlZWUzOTQ3OGRiMjIyMzE5ZWQ0NDYzY2ZiIiwidXNlcl9pZCI6IjMifQ.2Jw0cKQIV136ovC-V7bgqKYbuFAA9ksGwhwaeh88WpE HTTP/1.1" 404 9536
WARNING 2026-06-05 08:56:44,523 basehttp 10232 14296 "GET /ws/notifications/?token=eyJhbGciOiJIUzI1NiIsInR5cCI6IkpXVCJ9.eyJ0b2tlbl90eXBlIjoiYWNjZXNzIiwiZXhwIjoxNzgwOTkzNzA0LCJpYXQiOjE3ODA1NjE3MDQsImp0aSI6ImY0Nzk4M2RlZWUzOTQ3OGRiMjIyMzE5ZWQ0NDYzY2ZiIiwidXNlcl9pZCI6IjMifQ.2Jw0cKQIV136ovC-V7bgqKYbuFAA9ksGwhwaeh88WpE HTTP/1.1" 404 9536
WARNING 2026-06-05 08:56:49,430 basehttp 10232 12504 "GET /ws/notifications/?token=eyJhbGciOiJIUzI1NiIsInR5cCI6IkpXVCJ9.eyJ0b2tlbl90eXBlIjoiYWNjZXNzIiwiZXhwIjoxNzgwOTkzNzA0LCJpYXQiOjE3ODA1NjE3MDQsImp0aSI6ImY0Nzk4M2RlZWUzOTQ3OGRiMjIyMzE5ZWQ0NDYzY2ZiIiwidXNlcl9pZCI6IjMifQ.2Jw0cKQIV136ovC-V7bgqKYbuFAA9ksGwhwaeh88WpE HTTP/1.1" 404 9536
WARNING 2026-06-05 08:56:53,472 basehttp 10232 17644 "GET /ws/notifications/?token=eyJhbGciOiJIUzI1NiIsInR5cCI6IkpXVCJ9.eyJ0b2tlbl90eXBlIjoiYWNjZXNzIiwiZXhwIjoxNzgwOTkzNzA0LCJpYXQiOjE3ODA1NjE3MDQsImp0aSI6ImY0Nzk4M2RlZWUzOTQ3OGRiMjIyMzE5ZWQ0NDYzY2ZiIiwidXNlcl9pZCI6IjMifQ.2Jw0cKQIV136ovC-V7bgqKYbuFAA9ksGwhwaeh88WpE HTTP/1.1" 404 9536
WARNING 2026-06-05 08:56:55,774 basehttp 10232 15820 "GET /chat/unread-counts/ HTTP/1.1" 404 9304
WARNING 2026-06-05 08:56:58,162 basehttp 10232 16988 "GET /ws/notifications/?token=eyJhbGciOiJIUzI1NiIsInR5cCI6IkpXVCJ9.eyJ0b2tlbl90eXBlIjoiYWNjZXNzIiwiZXhwIjoxNzgwOTkzNzA0LCJpYXQiOjE3ODA1NjE3MDQsImp0aSI6ImY0Nzk4M2RlZWUzOTQ3OGRiMjIyMzE5ZWQ0NDYzY2ZiIiwidXNlcl9pZCI6IjMifQ.2Jw0cKQIV136ovC-V7bgqKYbuFAA9ksGwhwaeh88WpE HTTP/1.1" 404 9536
WARNING 2026-06-05 08:57:03,767 basehttp 10232 4752 "GET /ws/notifications/?token=eyJhbGciOiJIUzI1NiIsInR5cCI6IkpXVCJ9.eyJ0b2tlbl90eXBlIjoiYWNjZXNzIiwiZXhwIjoxNzgwOTkzNzA0LCJpYXQiOjE3ODA1NjE3MDQsImp0aSI6ImY0Nzk4M2RlZWUzOTQ3OGRiMjIyMzE5ZWQ0NDYzY2ZiIiwidXNlcl9pZCI6IjMifQ.2Jw0cKQIV136ovC-V7bgqKYbuFAA9ksGwhwaeh88WpE HTTP/1.1" 404 9536
WARNING 2026-06-05 08:57:06,770 basehttp 10232 7408 "GET /ws/notifications/?token=eyJhbGciOiJIUzI1NiIsInR5cCI6IkpXVCJ9.eyJ0b2tlbl90eXBlIjoiYWNjZXNzIiwiZXhwIjoxNzgwOTkzNzA0LCJpYXQiOjE3ODA1NjE3MDQsImp0aSI6ImY0Nzk4M2RlZWUzOTQ3OGRiMjIyMzE5ZWQ0NDYzY2ZiIiwidXNlcl9pZCI6IjMifQ.2Jw0cKQIV136ovC-V7bgqKYbuFAA9ksGwhwaeh88WpE HTTP/1.1" 404 9536
WARNING 2026-06-05 08:57:09,849 basehttp 10232 15308 "GET /ws/notifications/?token=eyJhbGciOiJIUzI1NiIsInR5cCI6IkpXVCJ9.eyJ0b2tlbl90eXBlIjoiYWNjZXNzIiwiZXhwIjoxNzgwOTkzNzA0LCJpYXQiOjE3ODA1NjE3MDQsImp0aSI6ImY0Nzk4M2RlZWUzOTQ3OGRiMjIyMzE5ZWQ0NDYzY2ZiIiwidXNlcl9pZCI6IjMifQ.2Jw0cKQIV136ovC-V7bgqKYbuFAA9ksGwhwaeh88WpE HTTP/1.1" 404 9536
WARNING 2026-06-05 08:57:14,986 basehttp 10232 18392 "GET /ws/notifications/?token=eyJhbGciOiJIUzI1NiIsInR5cCI6IkpXVCJ9.eyJ0b2tlbl90eXBlIjoiYWNjZXNzIiwiZXhwIjoxNzgwOTkzNzA0LCJpYXQiOjE3ODA1NjE3MDQsImp0aSI6ImY0Nzk4M2RlZWUzOTQ3OGRiMjIyMzE5ZWQ0NDYzY2ZiIiwidXNlcl9pZCI6IjMifQ.2Jw0cKQIV136ovC-V7bgqKYbuFAA9ksGwhwaeh88WpE HTTP/1.1" 404 9536
WARNING 2026-06-05 08:57:20,588 basehttp 10232 5124 "GET /ws/notifications/?token=eyJhbGciOiJIUzI1NiIsInR5cCI6IkpXVCJ9.eyJ0b2tlbl90eXBlIjoiYWNjZXNzIiwiZXhwIjoxNzgwOTkzNzA0LCJpYXQiOjE3ODA1NjE3MDQsImp0aSI6ImY0Nzk4M2RlZWUzOTQ3OGRiMjIyMzE5ZWQ0NDYzY2ZiIiwidXNlcl9pZCI6IjMifQ.2Jw0cKQIV136ovC-V7bgqKYbuFAA9ksGwhwaeh88WpE HTTP/1.1" 404 9536
WARNING 2026-06-05 08:57:23,020 basehttp 10232 15248 "GET /ws/notifications/?token=eyJhbGciOiJIUzI1NiIsInR5cCI6IkpXVCJ9.eyJ0b2tlbl90eXBlIjoiYWNjZXNzIiwiZXhwIjoxNzgwOTkzNzA0LCJpYXQiOjE3ODA1NjE3MDQsImp0aSI6ImY0Nzk4M2RlZWUzOTQ3OGRiMjIyMzE5ZWQ0NDYzY2ZiIiwidXNlcl9pZCI6IjMifQ.2Jw0cKQIV136ovC-V7bgqKYbuFAA9ksGwhwaeh88WpE HTTP/1.1" 404 9536
WARNING 2026-06-05 08:57:28,631 basehttp 10232 10768 "GET /ws/notifications/?token=eyJhbGciOiJIUzI1NiIsInR5cCI6IkpXVCJ9.eyJ0b2tlbl90eXBlIjoiYWNjZXNzIiwiZXhwIjoxNzgwOTkzNzA0LCJpYXQiOjE3ODA1NjE3MDQsImp0aSI6ImY0Nzk4M2RlZWUzOTQ3OGRiMjIyMzE5ZWQ0NDYzY2ZiIiwidXNlcl9pZCI6IjMifQ.2Jw0cKQIV136ovC-V7bgqKYbuFAA9ksGwhwaeh88WpE HTTP/1.1" 404 9536
WARNING 2026-06-05 08:57:33,498 basehttp 10232 17176 "GET /ws/notifications/?token=eyJhbGciOiJIUzI1NiIsInR5cCI6IkpXVCJ9.eyJ0b2tlbl90eXBlIjoiYWNjZXNzIiwiZXhwIjoxNzgwOTkzNzA0LCJpYXQiOjE3ODA1NjE3MDQsImp0aSI6ImY0Nzk4M2RlZWUzOTQ3OGRiMjIyMzE5ZWQ0NDYzY2ZiIiwidXNlcl9pZCI6IjMifQ.2Jw0cKQIV136ovC-V7bgqKYbuFAA9ksGwhwaeh88WpE HTTP/1.1" 404 9536
WARNING 2026-06-05 08:57:37,250 basehttp 10232 11248 "GET /ws/notifications/?token=eyJhbGciOiJIUzI1NiIsInR5cCI6IkpXVCJ9.eyJ0b2tlbl90eXBlIjoiYWNjZXNzIiwiZXhwIjoxNzgwOTkzNzA0LCJpYXQiOjE3ODA1NjE3MDQsImp0aSI6ImY0Nzk4M2RlZWUzOTQ3OGRiMjIyMzE5ZWQ0NDYzY2ZiIiwidXNlcl9pZCI6IjMifQ.2Jw0cKQIV136ovC-V7bgqKYbuFAA9ksGwhwaeh88WpE HTTP/1.1" 404 9536
WARNING 2026-06-05 08:57:43,258 basehttp 10232 17516 "GET /ws/notifications/?token=eyJhbGciOiJIUzI1NiIsInR5cCI6IkpXVCJ9.eyJ0b2tlbl90eXBlIjoiYWNjZXNzIiwiZXhwIjoxNzgwOTkzNzA0LCJpYXQiOjE3ODA1NjE3MDQsImp0aSI6ImY0Nzk4M2RlZWUzOTQ3OGRiMjIyMzE5ZWQ0NDYzY2ZiIiwidXNlcl9pZCI6IjMifQ.2Jw0cKQIV136ovC-V7bgqKYbuFAA9ksGwhwaeh88WpE HTTP/1.1" 404 9536
WARNING 2026-06-05 08:57:48,747 basehttp 10232 14448 "GET /ws/notifications/?token=eyJhbGciOiJIUzI1NiIsInR5cCI6IkpXVCJ9.eyJ0b2tlbl90eXBlIjoiYWNjZXNzIiwiZXhwIjoxNzgwOTkzNzA0LCJpYXQiOjE3ODA1NjE3MDQsImp0aSI6ImY0Nzk4M2RlZWUzOTQ3OGRiMjIyMzE5ZWQ0NDYzY2ZiIiwidXNlcl9pZCI6IjMifQ.2Jw0cKQIV136ovC-V7bgqKYbuFAA9ksGwhwaeh88WpE HTTP/1.1" 404 9536
WARNING 2026-06-05 08:57:55,401 basehttp 10232 14780 "GET /ws/notifications/?token=eyJhbGciOiJIUzI1NiIsInR5cCI6IkpXVCJ9.eyJ0b2tlbl90eXBlIjoiYWNjZXNzIiwiZXhwIjoxNzgwOTkzNzA0LCJpYXQiOjE3ODA1NjE3MDQsImp0aSI6ImY0Nzk4M2RlZWUzOTQ3OGRiMjIyMzE5ZWQ0NDYzY2ZiIiwidXNlcl9pZCI6IjMifQ.2Jw0cKQIV136ovC-V7bgqKYbuFAA9ksGwhwaeh88WpE HTTP/1.1" 404 9536
WARNING 2026-06-05 08:57:55,747 basehttp 10232 15820 "GET /chat/unread-counts/ HTTP/1.1" 404 9304
WARNING 2026-06-05 08:57:59,030 basehttp 10232 16892 "GET /ws/notifications/?token=eyJhbGciOiJIUzI1NiIsInR5cCI6IkpXVCJ9.eyJ0b2tlbl90eXBlIjoiYWNjZXNzIiwiZXhwIjoxNzgwOTkzNzA0LCJpYXQiOjE3ODA1NjE3MDQsImp0aSI6ImY0Nzk4M2RlZWUzOTQ3OGRiMjIyMzE5ZWQ0NDYzY2ZiIiwidXNlcl9pZCI6IjMifQ.2Jw0cKQIV136ovC-V7bgqKYbuFAA9ksGwhwaeh88WpE HTTP/1.1" 404 9536
WARNING 2026-06-05 08:58:05,718 basehttp 10232 3568 "GET /ws/notifications/?token=eyJhbGciOiJIUzI1NiIsInR5cCI6IkpXVCJ9.eyJ0b2tlbl90eXBlIjoiYWNjZXNzIiwiZXhwIjoxNzgwOTkzNzA0LCJpYXQiOjE3ODA1NjE3MDQsImp0aSI6ImY0Nzk4M2RlZWUzOTQ3OGRiMjIyMzE5ZWQ0NDYzY2ZiIiwidXNlcl9pZCI6IjMifQ.2Jw0cKQIV136ovC-V7bgqKYbuFAA9ksGwhwaeh88WpE HTTP/1.1" 404 9536
WARNING 2026-06-05 08:58:10,267 basehttp 10232 17512 "GET /ws/notifications/?token=eyJhbGciOiJIUzI1NiIsInR5cCI6IkpXVCJ9.eyJ0b2tlbl90eXBlIjoiYWNjZXNzIiwiZXhwIjoxNzgwOTkzNzA0LCJpYXQiOjE3ODA1NjE3MDQsImp0aSI6ImY0Nzk4M2RlZWUzOTQ3OGRiMjIyMzE5ZWQ0NDYzY2ZiIiwidXNlcl9pZCI6IjMifQ.2Jw0cKQIV136ovC-V7bgqKYbuFAA9ksGwhwaeh88WpE HTTP/1.1" 404 9536
WARNING 2026-06-05 08:58:13,821 basehttp 10232 15524 "GET /ws/notifications/?token=eyJhbGciOiJIUzI1NiIsInR5cCI6IkpXVCJ9.eyJ0b2tlbl90eXBlIjoiYWNjZXNzIiwiZXhwIjoxNzgwOTkzNzA0LCJpYXQiOjE3ODA1NjE3MDQsImp0aSI6ImY0Nzk4M2RlZWUzOTQ3OGRiMjIyMzE5ZWQ0NDYzY2ZiIiwidXNlcl9pZCI6IjMifQ.2Jw0cKQIV136ovC-V7bgqKYbuFAA9ksGwhwaeh88WpE HTTP/1.1" 404 9536
WARNING 2026-06-05 08:58:18,940 basehttp 10232 1844 "GET /ws/notifications/?token=eyJhbGciOiJIUzI1NiIsInR5cCI6IkpXVCJ9.eyJ0b2tlbl90eXBlIjoiYWNjZXNzIiwiZXhwIjoxNzgwOTkzNzA0LCJpYXQiOjE3ODA1NjE3MDQsImp0aSI6ImY0Nzk4M2RlZWUzOTQ3OGRiMjIyMzE5ZWQ0NDYzY2ZiIiwidXNlcl9pZCI6IjMifQ.2Jw0cKQIV136ovC-V7bgqKYbuFAA9ksGwhwaeh88WpE HTTP/1.1" 404 9536
WARNING 2026-06-05 08:58:21,878 basehttp 10232 17048 "GET /ws/notifications/?token=eyJhbGciOiJIUzI1NiIsInR5cCI6IkpXVCJ9.eyJ0b2tlbl90eXBlIjoiYWNjZXNzIiwiZXhwIjoxNzgwOTkzNzA0LCJpYXQiOjE3ODA1NjE3MDQsImp0aSI6ImY0Nzk4M2RlZWUzOTQ3OGRiMjIyMzE5ZWQ0NDYzY2ZiIiwidXNlcl9pZCI6IjMifQ.2Jw0cKQIV136ovC-V7bgqKYbuFAA9ksGwhwaeh88WpE HTTP/1.1" 404 9536
WARNING 2026-06-05 08:58:28,600 basehttp 10232 14876 "GET /ws/notifications/?token=eyJhbGciOiJIUzI1NiIsInR5cCI6IkpXVCJ9.eyJ0b2tlbl90eXBlIjoiYWNjZXNzIiwiZXhwIjoxNzgwOTkzNzA0LCJpYXQiOjE3ODA1NjE3MDQsImp0aSI6ImY0Nzk4M2RlZWUzOTQ3OGRiMjIyMzE5ZWQ0NDYzY2ZiIiwidXNlcl9pZCI6IjMifQ.2Jw0cKQIV136ovC-V7bgqKYbuFAA9ksGwhwaeh88WpE HTTP/1.1" 404 9536
WARNING 2026-06-05 08:58:34,228 basehttp 10232 13872 "GET /ws/notifications/?token=eyJhbGciOiJIUzI1NiIsInR5cCI6IkpXVCJ9.eyJ0b2tlbl90eXBlIjoiYWNjZXNzIiwiZXhwIjoxNzgwOTkzNzA0LCJpYXQiOjE3ODA1NjE3MDQsImp0aSI6ImY0Nzk4M2RlZWUzOTQ3OGRiMjIyMzE5ZWQ0NDYzY2ZiIiwidXNlcl9pZCI6IjMifQ.2Jw0cKQIV136ovC-V7bgqKYbuFAA9ksGwhwaeh88WpE HTTP/1.1" 404 9536
WARNING 2026-06-05 08:58:39,530 basehttp 10232 12864 "GET /ws/notifications/?token=eyJhbGciOiJIUzI1NiIsInR5cCI6IkpXVCJ9.eyJ0b2tlbl90eXBlIjoiYWNjZXNzIiwiZXhwIjoxNzgwOTkzNzA0LCJpYXQiOjE3ODA1NjE3MDQsImp0aSI6ImY0Nzk4M2RlZWUzOTQ3OGRiMjIyMzE5ZWQ0NDYzY2ZiIiwidXNlcl9pZCI6IjMifQ.2Jw0cKQIV136ovC-V7bgqKYbuFAA9ksGwhwaeh88WpE HTTP/1.1" 404 9536
WARNING 2026-06-05 08:58:42,832 basehttp 10232 16812 "GET /ws/notifications/?token=eyJhbGciOiJIUzI1NiIsInR5cCI6IkpXVCJ9.eyJ0b2tlbl90eXBlIjoiYWNjZXNzIiwiZXhwIjoxNzgwOTkzNzA0LCJpYXQiOjE3ODA1NjE3MDQsImp0aSI6ImY0Nzk4M2RlZWUzOTQ3OGRiMjIyMzE5ZWQ0NDYzY2ZiIiwidXNlcl9pZCI6IjMifQ.2Jw0cKQIV136ovC-V7bgqKYbuFAA9ksGwhwaeh88WpE HTTP/1.1" 404 9536
WARNING 2026-06-05 08:58:48,172 basehttp 10232 15144 "GET /ws/notifications/?token=eyJhbGciOiJIUzI1NiIsInR5cCI6IkpXVCJ9.eyJ0b2tlbl90eXBlIjoiYWNjZXNzIiwiZXhwIjoxNzgwOTkzNzA0LCJpYXQiOjE3ODA1NjE3MDQsImp0aSI6ImY0Nzk4M2RlZWUzOTQ3OGRiMjIyMzE5ZWQ0NDYzY2ZiIiwidXNlcl9pZCI6IjMifQ.2Jw0cKQIV136ovC-V7bgqKYbuFAA9ksGwhwaeh88WpE HTTP/1.1" 404 9536
WARNING 2026-06-05 08:58:51,081 basehttp 10232 18412 "GET /ws/notifications/?token=eyJhbGciOiJIUzI1NiIsInR5cCI6IkpXVCJ9.eyJ0b2tlbl90eXBlIjoiYWNjZXNzIiwiZXhwIjoxNzgwOTkzNzA0LCJpYXQiOjE3ODA1NjE3MDQsImp0aSI6ImY0Nzk4M2RlZWUzOTQ3OGRiMjIyMzE5ZWQ0NDYzY2ZiIiwidXNlcl9pZCI6IjMifQ.2Jw0cKQIV136ovC-V7bgqKYbuFAA9ksGwhwaeh88WpE HTTP/1.1" 404 9536
WARNING 2026-06-05 08:58:55,784 basehttp 10232 15820 "GET /chat/unread-counts/ HTTP/1.1" 404 9304
WARNING 2026-06-05 08:58:57,429 basehttp 10232 6900 "GET /ws/notifications/?token=eyJhbGciOiJIUzI1NiIsInR5cCI6IkpXVCJ9.eyJ0b2tlbl90eXBlIjoiYWNjZXNzIiwiZXhwIjoxNzgwOTkzNzA0LCJpYXQiOjE3ODA1NjE3MDQsImp0aSI6ImY0Nzk4M2RlZWUzOTQ3OGRiMjIyMzE5ZWQ0NDYzY2ZiIiwidXNlcl9pZCI6IjMifQ.2Jw0cKQIV136ovC-V7bgqKYbuFAA9ksGwhwaeh88WpE HTTP/1.1" 404 9536
WARNING 2026-06-05 08:59:02,237 basehttp 10232 18120 "GET /ws/notifications/?token=eyJhbGciOiJIUzI1NiIsInR5cCI6IkpXVCJ9.eyJ0b2tlbl90eXBlIjoiYWNjZXNzIiwiZXhwIjoxNzgwOTkzNzA0LCJpYXQiOjE3ODA1NjE3MDQsImp0aSI6ImY0Nzk4M2RlZWUzOTQ3OGRiMjIyMzE5ZWQ0NDYzY2ZiIiwidXNlcl9pZCI6IjMifQ.2Jw0cKQIV136ovC-V7bgqKYbuFAA9ksGwhwaeh88WpE HTTP/1.1" 404 9536
WARNING 2026-06-05 08:59:07,926 basehttp 10232 7056 "GET /ws/notifications/?token=eyJhbGciOiJIUzI1NiIsInR5cCI6IkpXVCJ9.eyJ0b2tlbl90eXBlIjoiYWNjZXNzIiwiZXhwIjoxNzgwOTkzNzA0LCJpYXQiOjE3ODA1NjE3MDQsImp0aSI6ImY0Nzk4M2RlZWUzOTQ3OGRiMjIyMzE5ZWQ0NDYzY2ZiIiwidXNlcl9pZCI6IjMifQ.2Jw0cKQIV136ovC-V7bgqKYbuFAA9ksGwhwaeh88WpE HTTP/1.1" 404 9536
WARNING 2026-06-05 08:59:11,829 basehttp 10232 3772 "GET /ws/notifications/?token=eyJhbGciOiJIUzI1NiIsInR5cCI6IkpXVCJ9.eyJ0b2tlbl90eXBlIjoiYWNjZXNzIiwiZXhwIjoxNzgwOTkzNzA0LCJpYXQiOjE3ODA1NjE3MDQsImp0aSI6ImY0Nzk4M2RlZWUzOTQ3OGRiMjIyMzE5ZWQ0NDYzY2ZiIiwidXNlcl9pZCI6IjMifQ.2Jw0cKQIV136ovC-V7bgqKYbuFAA9ksGwhwaeh88WpE HTTP/1.1" 404 9536
WARNING 2026-06-05 08:59:15,208 basehttp 10232 18088 "GET /ws/notifications/?token=eyJhbGciOiJIUzI1NiIsInR5cCI6IkpXVCJ9.eyJ0b2tlbl90eXBlIjoiYWNjZXNzIiwiZXhwIjoxNzgwOTkzNzA0LCJpYXQiOjE3ODA1NjE3MDQsImp0aSI6ImY0Nzk4M2RlZWUzOTQ3OGRiMjIyMzE5ZWQ0NDYzY2ZiIiwidXNlcl9pZCI6IjMifQ.2Jw0cKQIV136ovC-V7bgqKYbuFAA9ksGwhwaeh88WpE HTTP/1.1" 404 9536
WARNING 2026-06-05 08:59:21,576 basehttp 10232 9076 "GET /ws/notifications/?token=eyJhbGciOiJIUzI1NiIsInR5cCI6IkpXVCJ9.eyJ0b2tlbl90eXBlIjoiYWNjZXNzIiwiZXhwIjoxNzgwOTkzNzA0LCJpYXQiOjE3ODA1NjE3MDQsImp0aSI6ImY0Nzk4M2RlZWUzOTQ3OGRiMjIyMzE5ZWQ0NDYzY2ZiIiwidXNlcl9pZCI6IjMifQ.2Jw0cKQIV136ovC-V7bgqKYbuFAA9ksGwhwaeh88WpE HTTP/1.1" 404 9536
WARNING 2026-06-05 08:59:27,308 basehttp 10232 7520 "GET /ws/notifications/?token=eyJhbGciOiJIUzI1NiIsInR5cCI6IkpXVCJ9.eyJ0b2tlbl90eXBlIjoiYWNjZXNzIiwiZXhwIjoxNzgwOTkzNzA0LCJpYXQiOjE3ODA1NjE3MDQsImp0aSI6ImY0Nzk4M2RlZWUzOTQ3OGRiMjIyMzE5ZWQ0NDYzY2ZiIiwidXNlcl9pZCI6IjMifQ.2Jw0cKQIV136ovC-V7bgqKYbuFAA9ksGwhwaeh88WpE HTTP/1.1" 404 9536
WARNING 2026-06-05 08:59:33,547 basehttp 10232 16980 "GET /ws/notifications/?token=eyJhbGciOiJIUzI1NiIsInR5cCI6IkpXVCJ9.eyJ0b2tlbl90eXBlIjoiYWNjZXNzIiwiZXhwIjoxNzgwOTkzNzA0LCJpYXQiOjE3ODA1NjE3MDQsImp0aSI6ImY0Nzk4M2RlZWUzOTQ3OGRiMjIyMzE5ZWQ0NDYzY2ZiIiwidXNlcl9pZCI6IjMifQ.2Jw0cKQIV136ovC-V7bgqKYbuFAA9ksGwhwaeh88WpE HTTP/1.1" 404 9536
WARNING 2026-06-05 08:59:39,443 basehttp 10232 15828 "GET /ws/notifications/?token=eyJhbGciOiJIUzI1NiIsInR5cCI6IkpXVCJ9.eyJ0b2tlbl90eXBlIjoiYWNjZXNzIiwiZXhwIjoxNzgwOTkzNzA0LCJpYXQiOjE3ODA1NjE3MDQsImp0aSI6ImY0Nzk4M2RlZWUzOTQ3OGRiMjIyMzE5ZWQ0NDYzY2ZiIiwidXNlcl9pZCI6IjMifQ.2Jw0cKQIV136ovC-V7bgqKYbuFAA9ksGwhwaeh88WpE HTTP/1.1" 404 9536
WARNING 2026-06-05 08:59:45,621 basehttp 10232 15052 "GET /ws/notifications/?token=eyJhbGciOiJIUzI1NiIsInR5cCI6IkpXVCJ9.eyJ0b2tlbl90eXBlIjoiYWNjZXNzIiwiZXhwIjoxNzgwOTkzNzA0LCJpYXQiOjE3ODA1NjE3MDQsImp0aSI6ImY0Nzk4M2RlZWUzOTQ3OGRiMjIyMzE5ZWQ0NDYzY2ZiIiwidXNlcl9pZCI6IjMifQ.2Jw0cKQIV136ovC-V7bgqKYbuFAA9ksGwhwaeh88WpE HTTP/1.1" 404 9536
WARNING 2026-06-05 08:59:47,778 basehttp 10232 12452 "GET /ws/notifications/?token=eyJhbGciOiJIUzI1NiIsInR5cCI6IkpXVCJ9.eyJ0b2tlbl90eXBlIjoiYWNjZXNzIiwiZXhwIjoxNzgwOTkzNzA0LCJpYXQiOjE3ODA1NjE3MDQsImp0aSI6ImY0Nzk4M2RlZWUzOTQ3OGRiMjIyMzE5ZWQ0NDYzY2ZiIiwidXNlcl9pZCI6IjMifQ.2Jw0cKQIV136ovC-V7bgqKYbuFAA9ksGwhwaeh88WpE HTTP/1.1" 404 9536
WARNING 2026-06-05 08:59:52,224 basehttp 10232 896 "GET /ws/notifications/?token=eyJhbGciOiJIUzI1NiIsInR5cCI6IkpXVCJ9.eyJ0b2tlbl90eXBlIjoiYWNjZXNzIiwiZXhwIjoxNzgwOTkzNzA0LCJpYXQiOjE3ODA1NjE3MDQsImp0aSI6ImY0Nzk4M2RlZWUzOTQ3OGRiMjIyMzE5ZWQ0NDYzY2ZiIiwidXNlcl9pZCI6IjMifQ.2Jw0cKQIV136ovC-V7bgqKYbuFAA9ksGwhwaeh88WpE HTTP/1.1" 404 9536
WARNING 2026-06-05 08:59:55,747 basehttp 10232 15820 "GET /chat/unread-counts/ HTTP/1.1" 404 9304
WARNING 2026-06-05 08:59:56,171 basehttp 10232 17852 "GET /ws/notifications/?token=eyJhbGciOiJIUzI1NiIsInR5cCI6IkpXVCJ9.eyJ0b2tlbl90eXBlIjoiYWNjZXNzIiwiZXhwIjoxNzgwOTkzNzA0LCJpYXQiOjE3ODA1NjE3MDQsImp0aSI6ImY0Nzk4M2RlZWUzOTQ3OGRiMjIyMzE5ZWQ0NDYzY2ZiIiwidXNlcl9pZCI6IjMifQ.2Jw0cKQIV136ovC-V7bgqKYbuFAA9ksGwhwaeh88WpE HTTP/1.1" 404 9536
WARNING 2026-06-05 08:59:59,050 basehttp 10232 14872 "GET /ws/notifications/?token=eyJhbGciOiJIUzI1NiIsInR5cCI6IkpXVCJ9.eyJ0b2tlbl90eXBlIjoiYWNjZXNzIiwiZXhwIjoxNzgwOTkzNzA0LCJpYXQiOjE3ODA1NjE3MDQsImp0aSI6ImY0Nzk4M2RlZWUzOTQ3OGRiMjIyMzE5ZWQ0NDYzY2ZiIiwidXNlcl9pZCI6IjMifQ.2Jw0cKQIV136ovC-V7bgqKYbuFAA9ksGwhwaeh88WpE HTTP/1.1" 404 9536
WARNING 2026-06-05 09:00:03,417 basehttp 10232 8244 "GET /ws/notifications/?token=eyJhbGciOiJIUzI1NiIsInR5cCI6IkpXVCJ9.eyJ0b2tlbl90eXBlIjoiYWNjZXNzIiwiZXhwIjoxNzgwOTkzNzA0LCJpYXQiOjE3ODA1NjE3MDQsImp0aSI6ImY0Nzk4M2RlZWUzOTQ3OGRiMjIyMzE5ZWQ0NDYzY2ZiIiwidXNlcl9pZCI6IjMifQ.2Jw0cKQIV136ovC-V7bgqKYbuFAA9ksGwhwaeh88WpE HTTP/1.1" 404 9536
WARNING 2026-06-05 09:00:07,227 basehttp 10232 6000 "GET /ws/notifications/?token=eyJhbGciOiJIUzI1NiIsInR5cCI6IkpXVCJ9.eyJ0b2tlbl90eXBlIjoiYWNjZXNzIiwiZXhwIjoxNzgwOTkzNzA0LCJpYXQiOjE3ODA1NjE3MDQsImp0aSI6ImY0Nzk4M2RlZWUzOTQ3OGRiMjIyMzE5ZWQ0NDYzY2ZiIiwidXNlcl9pZCI6IjMifQ.2Jw0cKQIV136ovC-V7bgqKYbuFAA9ksGwhwaeh88WpE HTTP/1.1" 404 9536
WARNING 2026-06-05 09:00:11,359 basehttp 10232 15752 "GET /ws/notifications/?token=eyJhbGciOiJIUzI1NiIsInR5cCI6IkpXVCJ9.eyJ0b2tlbl90eXBlIjoiYWNjZXNzIiwiZXhwIjoxNzgwOTkzNzA0LCJpYXQiOjE3ODA1NjE3MDQsImp0aSI6ImY0Nzk4M2RlZWUzOTQ3OGRiMjIyMzE5ZWQ0NDYzY2ZiIiwidXNlcl9pZCI6IjMifQ.2Jw0cKQIV136ovC-V7bgqKYbuFAA9ksGwhwaeh88WpE HTTP/1.1" 404 9536
WARNING 2026-06-05 09:00:16,794 basehttp 10232 10284 "GET /ws/notifications/?token=eyJhbGciOiJIUzI1NiIsInR5cCI6IkpXVCJ9.eyJ0b2tlbl90eXBlIjoiYWNjZXNzIiwiZXhwIjoxNzgwOTkzNzA0LCJpYXQiOjE3ODA1NjE3MDQsImp0aSI6ImY0Nzk4M2RlZWUzOTQ3OGRiMjIyMzE5ZWQ0NDYzY2ZiIiwidXNlcl9pZCI6IjMifQ.2Jw0cKQIV136ovC-V7bgqKYbuFAA9ksGwhwaeh88WpE HTTP/1.1" 404 9536
WARNING 2026-06-05 09:00:20,292 basehttp 10232 15272 "GET /ws/notifications/?token=eyJhbGciOiJIUzI1NiIsInR5cCI6IkpXVCJ9.eyJ0b2tlbl90eXBlIjoiYWNjZXNzIiwiZXhwIjoxNzgwOTkzNzA0LCJpYXQiOjE3ODA1NjE3MDQsImp0aSI6ImY0Nzk4M2RlZWUzOTQ3OGRiMjIyMzE5ZWQ0NDYzY2ZiIiwidXNlcl9pZCI6IjMifQ.2Jw0cKQIV136ovC-V7bgqKYbuFAA9ksGwhwaeh88WpE HTTP/1.1" 404 9536
WARNING 2026-06-05 09:00:21,767 basehttp 10232 8512 "GET /ws/notifications/?token=eyJhbGciOiJIUzI1NiIsInR5cCI6IkpXVCJ9.eyJ0b2tlbl90eXBlIjoiYWNjZXNzIiwiZXhwIjoxNzgwOTkzNzA0LCJpYXQiOjE3ODA1NjE3MDQsImp0aSI6ImY0Nzk4M2RlZWUzOTQ3OGRiMjIyMzE5ZWQ0NDYzY2ZiIiwidXNlcl9pZCI6IjMifQ.2Jw0cKQIV136ovC-V7bgqKYbuFAA9ksGwhwaeh88WpE HTTP/1.1" 404 9536
WARNING 2026-06-05 09:00:23,747 basehttp 10232 14988 "GET /ws/notifications/?token=eyJhbGciOiJIUzI1NiIsInR5cCI6IkpXVCJ9.eyJ0b2tlbl90eXBlIjoiYWNjZXNzIiwiZXhwIjoxNzgwOTkzNzA0LCJpYXQiOjE3ODA1NjE3MDQsImp0aSI6ImY0Nzk4M2RlZWUzOTQ3OGRiMjIyMzE5ZWQ0NDYzY2ZiIiwidXNlcl9pZCI6IjMifQ.2Jw0cKQIV136ovC-V7bgqKYbuFAA9ksGwhwaeh88WpE HTTP/1.1" 404 9536
WARNING 2026-06-05 09:00:25,743 basehttp 10232 688 "GET /ws/notifications/?token=eyJhbGciOiJIUzI1NiIsInR5cCI6IkpXVCJ9.eyJ0b2tlbl90eXBlIjoiYWNjZXNzIiwiZXhwIjoxNzgwOTkzNzA0LCJpYXQiOjE3ODA1NjE3MDQsImp0aSI6ImY0Nzk4M2RlZWUzOTQ3OGRiMjIyMzE5ZWQ0NDYzY2ZiIiwidXNlcl9pZCI6IjMifQ.2Jw0cKQIV136ovC-V7bgqKYbuFAA9ksGwhwaeh88WpE HTTP/1.1" 404 9536
WARNING 2026-06-05 09:00:27,750 basehttp 10232 12040 "GET /ws/notifications/?token=eyJhbGciOiJIUzI1NiIsInR5cCI6IkpXVCJ9.eyJ0b2tlbl90eXBlIjoiYWNjZXNzIiwiZXhwIjoxNzgwOTkzNzA0LCJpYXQiOjE3ODA1NjE3MDQsImp0aSI6ImY0Nzk4M2RlZWUzOTQ3OGRiMjIyMzE5ZWQ0NDYzY2ZiIiwidXNlcl9pZCI6IjMifQ.2Jw0cKQIV136ovC-V7bgqKYbuFAA9ksGwhwaeh88WpE HTTP/1.1" 404 9536
WARNING 2026-06-05 09:00:29,765 basehttp 10232 17432 "GET /ws/notifications/?token=eyJhbGciOiJIUzI1NiIsInR5cCI6IkpXVCJ9.eyJ0b2tlbl90eXBlIjoiYWNjZXNzIiwiZXhwIjoxNzgwOTkzNzA0LCJpYXQiOjE3ODA1NjE3MDQsImp0aSI6ImY0Nzk4M2RlZWUzOTQ3OGRiMjIyMzE5ZWQ0NDYzY2ZiIiwidXNlcl9pZCI6IjMifQ.2Jw0cKQIV136ovC-V7bgqKYbuFAA9ksGwhwaeh88WpE HTTP/1.1" 404 9536
WARNING 2026-06-05 09:00:31,796 basehttp 10232 16924 "GET /ws/notifications/?token=eyJhbGciOiJIUzI1NiIsInR5cCI6IkpXVCJ9.eyJ0b2tlbl90eXBlIjoiYWNjZXNzIiwiZXhwIjoxNzgwOTkzNzA0LCJpYXQiOjE3ODA1NjE3MDQsImp0aSI6ImY0Nzk4M2RlZWUzOTQ3OGRiMjIyMzE5ZWQ0NDYzY2ZiIiwidXNlcl9pZCI6IjMifQ.2Jw0cKQIV136ovC-V7bgqKYbuFAA9ksGwhwaeh88WpE HTTP/1.1" 404 9536
WARNING 2026-06-05 09:00:33,762 basehttp 10232 15396 "GET /ws/notifications/?token=eyJhbGciOiJIUzI1NiIsInR5cCI6IkpXVCJ9.eyJ0b2tlbl90eXBlIjoiYWNjZXNzIiwiZXhwIjoxNzgwOTkzNzA0LCJpYXQiOjE3ODA1NjE3MDQsImp0aSI6ImY0Nzk4M2RlZWUzOTQ3OGRiMjIyMzE5ZWQ0NDYzY2ZiIiwidXNlcl9pZCI6IjMifQ.2Jw0cKQIV136ovC-V7bgqKYbuFAA9ksGwhwaeh88WpE HTTP/1.1" 404 9536
WARNING 2026-06-05 09:00:35,757 basehttp 10232 17372 "GET /ws/notifications/?token=eyJhbGciOiJIUzI1NiIsInR5cCI6IkpXVCJ9.eyJ0b2tlbl90eXBlIjoiYWNjZXNzIiwiZXhwIjoxNzgwOTkzNzA0LCJpYXQiOjE3ODA1NjE3MDQsImp0aSI6ImY0Nzk4M2RlZWUzOTQ3OGRiMjIyMzE5ZWQ0NDYzY2ZiIiwidXNlcl9pZCI6IjMifQ.2Jw0cKQIV136ovC-V7bgqKYbuFAA9ksGwhwaeh88WpE HTTP/1.1" 404 9536
WARNING 2026-06-05 09:00:37,784 basehttp 10232 16692 "GET /ws/notifications/?token=eyJhbGciOiJIUzI1NiIsInR5cCI6IkpXVCJ9.eyJ0b2tlbl90eXBlIjoiYWNjZXNzIiwiZXhwIjoxNzgwOTkzNzA0LCJpYXQiOjE3ODA1NjE3MDQsImp0aSI6ImY0Nzk4M2RlZWUzOTQ3OGRiMjIyMzE5ZWQ0NDYzY2ZiIiwidXNlcl9pZCI6IjMifQ.2Jw0cKQIV136ovC-V7bgqKYbuFAA9ksGwhwaeh88WpE HTTP/1.1" 404 9536
WARNING 2026-06-05 09:00:39,805 basehttp 10232 17440 "GET /ws/notifications/?token=eyJhbGciOiJIUzI1NiIsInR5cCI6IkpXVCJ9.eyJ0b2tlbl90eXBlIjoiYWNjZXNzIiwiZXhwIjoxNzgwOTkzNzA0LCJpYXQiOjE3ODA1NjE3MDQsImp0aSI6ImY0Nzk4M2RlZWUzOTQ3OGRiMjIyMzE5ZWQ0NDYzY2ZiIiwidXNlcl9pZCI6IjMifQ.2Jw0cKQIV136ovC-V7bgqKYbuFAA9ksGwhwaeh88WpE HTTP/1.1" 404 9536
WARNING 2026-06-05 09:00:41,780 basehttp 10232 16884 "GET /ws/notifications/?token=eyJhbGciOiJIUzI1NiIsInR5cCI6IkpXVCJ9.eyJ0b2tlbl90eXBlIjoiYWNjZXNzIiwiZXhwIjoxNzgwOTkzNzA0LCJpYXQiOjE3ODA1NjE3MDQsImp0aSI6ImY0Nzk4M2RlZWUzOTQ3OGRiMjIyMzE5ZWQ0NDYzY2ZiIiwidXNlcl9pZCI6IjMifQ.2Jw0cKQIV136ovC-V7bgqKYbuFAA9ksGwhwaeh88WpE HTTP/1.1" 404 9536
WARNING 2026-06-05 09:00:43,864 basehttp 10232 13972 "GET /ws/notifications/?token=eyJhbGciOiJIUzI1NiIsInR5cCI6IkpXVCJ9.eyJ0b2tlbl90eXBlIjoiYWNjZXNzIiwiZXhwIjoxNzgwOTkzNzA0LCJpYXQiOjE3ODA1NjE3MDQsImp0aSI6ImY0Nzk4M2RlZWUzOTQ3OGRiMjIyMzE5ZWQ0NDYzY2ZiIiwidXNlcl9pZCI6IjMifQ.2Jw0cKQIV136ovC-V7bgqKYbuFAA9ksGwhwaeh88WpE HTTP/1.1" 404 9536
WARNING 2026-06-05 09:00:45,903 basehttp 10232 6492 "GET /ws/notifications/?token=eyJhbGciOiJIUzI1NiIsInR5cCI6IkpXVCJ9.eyJ0b2tlbl90eXBlIjoiYWNjZXNzIiwiZXhwIjoxNzgwOTkzNzA0LCJpYXQiOjE3ODA1NjE3MDQsImp0aSI6ImY0Nzk4M2RlZWUzOTQ3OGRiMjIyMzE5ZWQ0NDYzY2ZiIiwidXNlcl9pZCI6IjMifQ.2Jw0cKQIV136ovC-V7bgqKYbuFAA9ksGwhwaeh88WpE HTTP/1.1" 404 9536
WARNING 2026-06-05 09:00:48,057 basehttp 10232 16656 "GET /ws/notifications/?token=eyJhbGciOiJIUzI1NiIsInR5cCI6IkpXVCJ9.eyJ0b2tlbl90eXBlIjoiYWNjZXNzIiwiZXhwIjoxNzgwOTkzNzA0LCJpYXQiOjE3ODA1NjE3MDQsImp0aSI6ImY0Nzk4M2RlZWUzOTQ3OGRiMjIyMzE5ZWQ0NDYzY2ZiIiwidXNlcl9pZCI6IjMifQ.2Jw0cKQIV136ovC-V7bgqKYbuFAA9ksGwhwaeh88WpE HTTP/1.1" 404 9536
WARNING 2026-06-05 09:00:50,313 basehttp 10232 12564 "GET /ws/notifications/?token=eyJhbGciOiJIUzI1NiIsInR5cCI6IkpXVCJ9.eyJ0b2tlbl90eXBlIjoiYWNjZXNzIiwiZXhwIjoxNzgwOTkzNzA0LCJpYXQiOjE3ODA1NjE3MDQsImp0aSI6ImY0Nzk4M2RlZWUzOTQ3OGRiMjIyMzE5ZWQ0NDYzY2ZiIiwidXNlcl9pZCI6IjMifQ.2Jw0cKQIV136ovC-V7bgqKYbuFAA9ksGwhwaeh88WpE HTTP/1.1" 404 9536
WARNING 2026-06-05 09:00:52,610 basehttp 10232 16456 "GET /ws/notifications/?token=eyJhbGciOiJIUzI1NiIsInR5cCI6IkpXVCJ9.eyJ0b2tlbl90eXBlIjoiYWNjZXNzIiwiZXhwIjoxNzgwOTkzNzA0LCJpYXQiOjE3ODA1NjE3MDQsImp0aSI6ImY0Nzk4M2RlZWUzOTQ3OGRiMjIyMzE5ZWQ0NDYzY2ZiIiwidXNlcl9pZCI6IjMifQ.2Jw0cKQIV136ovC-V7bgqKYbuFAA9ksGwhwaeh88WpE HTTP/1.1" 404 9536
WARNING 2026-06-05 09:00:55,757 basehttp 10232 15820 "GET /chat/unread-counts/ HTTP/1.1" 404 9304
WARNING 2026-06-05 09:00:56,511 basehttp 10232 13304 "GET /ws/notifications/?token=eyJhbGciOiJIUzI1NiIsInR5cCI6IkpXVCJ9.eyJ0b2tlbl90eXBlIjoiYWNjZXNzIiwiZXhwIjoxNzgwOTkzNzA0LCJpYXQiOjE3ODA1NjE3MDQsImp0aSI6ImY0Nzk4M2RlZWUzOTQ3OGRiMjIyMzE5ZWQ0NDYzY2ZiIiwidXNlcl9pZCI6IjMifQ.2Jw0cKQIV136ovC-V7bgqKYbuFAA9ksGwhwaeh88WpE HTTP/1.1" 404 9536
WARNING 2026-06-05 09:01:00,417 basehttp 10232 9712 "GET /ws/notifications/?token=eyJhbGciOiJIUzI1NiIsInR5cCI6IkpXVCJ9.eyJ0b2tlbl90eXBlIjoiYWNjZXNzIiwiZXhwIjoxNzgwOTkzNzA0LCJpYXQiOjE3ODA1NjE3MDQsImp0aSI6ImY0Nzk4M2RlZWUzOTQ3OGRiMjIyMzE5ZWQ0NDYzY2ZiIiwidXNlcl9pZCI6IjMifQ.2Jw0cKQIV136ovC-V7bgqKYbuFAA9ksGwhwaeh88WpE HTTP/1.1" 404 9536
WARNING 2026-06-05 09:01:05,233 basehttp 10232 17760 "GET /ws/notifications/?token=eyJhbGciOiJIUzI1NiIsInR5cCI6IkpXVCJ9.eyJ0b2tlbl90eXBlIjoiYWNjZXNzIiwiZXhwIjoxNzgwOTkzNzA0LCJpYXQiOjE3ODA1NjE3MDQsImp0aSI6ImY0Nzk4M2RlZWUzOTQ3OGRiMjIyMzE5ZWQ0NDYzY2ZiIiwidXNlcl9pZCI6IjMifQ.2Jw0cKQIV136ovC-V7bgqKYbuFAA9ksGwhwaeh88WpE HTTP/1.1" 404 9536
WARNING 2026-06-05 09:01:08,848 basehttp 10232 4832 "GET /ws/notifications/?token=eyJhbGciOiJIUzI1NiIsInR5cCI6IkpXVCJ9.eyJ0b2tlbl90eXBlIjoiYWNjZXNzIiwiZXhwIjoxNzgwOTkzNzA0LCJpYXQiOjE3ODA1NjE3MDQsImp0aSI6ImY0Nzk4M2RlZWUzOTQ3OGRiMjIyMzE5ZWQ0NDYzY2ZiIiwidXNlcl9pZCI6IjMifQ.2Jw0cKQIV136ovC-V7bgqKYbuFAA9ksGwhwaeh88WpE HTTP/1.1" 404 9536
WARNING 2026-06-05 09:01:15,585 basehttp 10232 11560 "GET /ws/notifications/?token=eyJhbGciOiJIUzI1NiIsInR5cCI6IkpXVCJ9.eyJ0b2tlbl90eXBlIjoiYWNjZXNzIiwiZXhwIjoxNzgwOTkzNzA0LCJpYXQiOjE3ODA1NjE3MDQsImp0aSI6ImY0Nzk4M2RlZWUzOTQ3OGRiMjIyMzE5ZWQ0NDYzY2ZiIiwidXNlcl9pZCI6IjMifQ.2Jw0cKQIV136ovC-V7bgqKYbuFAA9ksGwhwaeh88WpE HTTP/1.1" 404 9536
WARNING 2026-06-05 09:01:19,073 basehttp 10232 16948 "GET /ws/notifications/?token=eyJhbGciOiJIUzI1NiIsInR5cCI6IkpXVCJ9.eyJ0b2tlbl90eXBlIjoiYWNjZXNzIiwiZXhwIjoxNzgwOTkzNzA0LCJpYXQiOjE3ODA1NjE3MDQsImp0aSI6ImY0Nzk4M2RlZWUzOTQ3OGRiMjIyMzE5ZWQ0NDYzY2ZiIiwidXNlcl9pZCI6IjMifQ.2Jw0cKQIV136ovC-V7bgqKYbuFAA9ksGwhwaeh88WpE HTTP/1.1" 404 9536
WARNING 2026-06-05 09:01:22,142 basehttp 10232 12908 "GET /ws/notifications/?token=eyJhbGciOiJIUzI1NiIsInR5cCI6IkpXVCJ9.eyJ0b2tlbl90eXBlIjoiYWNjZXNzIiwiZXhwIjoxNzgwOTkzNzA0LCJpYXQiOjE3ODA1NjE3MDQsImp0aSI6ImY0Nzk4M2RlZWUzOTQ3OGRiMjIyMzE5ZWQ0NDYzY2ZiIiwidXNlcl9pZCI6IjMifQ.2Jw0cKQIV136ovC-V7bgqKYbuFAA9ksGwhwaeh88WpE HTTP/1.1" 404 9536
WARNING 2026-06-05 09:01:24,783 basehttp 10232 17756 "GET /ws/notifications/?token=eyJhbGciOiJIUzI1NiIsInR5cCI6IkpXVCJ9.eyJ0b2tlbl90eXBlIjoiYWNjZXNzIiwiZXhwIjoxNzgwOTkzNzA0LCJpYXQiOjE3ODA1NjE3MDQsImp0aSI6ImY0Nzk4M2RlZWUzOTQ3OGRiMjIyMzE5ZWQ0NDYzY2ZiIiwidXNlcl9pZCI6IjMifQ.2Jw0cKQIV136ovC-V7bgqKYbuFAA9ksGwhwaeh88WpE HTTP/1.1" 404 9536
WARNING 2026-06-05 09:01:30,368 basehttp 10232 17392 "GET /ws/notifications/?token=eyJhbGciOiJIUzI1NiIsInR5cCI6IkpXVCJ9.eyJ0b2tlbl90eXBlIjoiYWNjZXNzIiwiZXhwIjoxNzgwOTkzNzA0LCJpYXQiOjE3ODA1NjE3MDQsImp0aSI6ImY0Nzk4M2RlZWUzOTQ3OGRiMjIyMzE5ZWQ0NDYzY2ZiIiwidXNlcl9pZCI6IjMifQ.2Jw0cKQIV136ovC-V7bgqKYbuFAA9ksGwhwaeh88WpE HTTP/1.1" 404 9536
WARNING 2026-06-05 09:01:36,707 basehttp 10232 10624 "GET /ws/notifications/?token=eyJhbGciOiJIUzI1NiIsInR5cCI6IkpXVCJ9.eyJ0b2tlbl90eXBlIjoiYWNjZXNzIiwiZXhwIjoxNzgwOTkzNzA0LCJpYXQiOjE3ODA1NjE3MDQsImp0aSI6ImY0Nzk4M2RlZWUzOTQ3OGRiMjIyMzE5ZWQ0NDYzY2ZiIiwidXNlcl9pZCI6IjMifQ.2Jw0cKQIV136ovC-V7bgqKYbuFAA9ksGwhwaeh88WpE HTTP/1.1" 404 9536
WARNING 2026-06-05 09:01:42,219 basehttp 10232 10460 "GET /ws/notifications/?token=eyJhbGciOiJIUzI1NiIsInR5cCI6IkpXVCJ9.eyJ0b2tlbl90eXBlIjoiYWNjZXNzIiwiZXhwIjoxNzgwOTkzNzA0LCJpYXQiOjE3ODA1NjE3MDQsImp0aSI6ImY0Nzk4M2RlZWUzOTQ3OGRiMjIyMzE5ZWQ0NDYzY2ZiIiwidXNlcl9pZCI6IjMifQ.2Jw0cKQIV136ovC-V7bgqKYbuFAA9ksGwhwaeh88WpE HTTP/1.1" 404 9536
WARNING 2026-06-05 09:01:45,740 basehttp 10232 16580 "GET /ws/notifications/?token=eyJhbGciOiJIUzI1NiIsInR5cCI6IkpXVCJ9.eyJ0b2tlbl90eXBlIjoiYWNjZXNzIiwiZXhwIjoxNzgwOTkzNzA0LCJpYXQiOjE3ODA1NjE3MDQsImp0aSI6ImY0Nzk4M2RlZWUzOTQ3OGRiMjIyMzE5ZWQ0NDYzY2ZiIiwidXNlcl9pZCI6IjMifQ.2Jw0cKQIV136ovC-V7bgqKYbuFAA9ksGwhwaeh88WpE HTTP/1.1" 404 9536
WARNING 2026-06-05 09:01:48,799 basehttp 10232 15340 "GET /ws/notifications/?token=eyJhbGciOiJIUzI1NiIsInR5cCI6IkpXVCJ9.eyJ0b2tlbl90eXBlIjoiYWNjZXNzIiwiZXhwIjoxNzgwOTkzNzA0LCJpYXQiOjE3ODA1NjE3MDQsImp0aSI6ImY0Nzk4M2RlZWUzOTQ3OGRiMjIyMzE5ZWQ0NDYzY2ZiIiwidXNlcl9pZCI6IjMifQ.2Jw0cKQIV136ovC-V7bgqKYbuFAA9ksGwhwaeh88WpE HTTP/1.1" 404 9536
WARNING 2026-06-05 09:01:52,531 basehttp 10232 6512 "GET /ws/notifications/?token=eyJhbGciOiJIUzI1NiIsInR5cCI6IkpXVCJ9.eyJ0b2tlbl90eXBlIjoiYWNjZXNzIiwiZXhwIjoxNzgwOTkzNzA0LCJpYXQiOjE3ODA1NjE3MDQsImp0aSI6ImY0Nzk4M2RlZWUzOTQ3OGRiMjIyMzE5ZWQ0NDYzY2ZiIiwidXNlcl9pZCI6IjMifQ.2Jw0cKQIV136ovC-V7bgqKYbuFAA9ksGwhwaeh88WpE HTTP/1.1" 404 9536
WARNING 2026-06-05 09:01:55,753 basehttp 10232 15820 "GET /chat/unread-counts/ HTTP/1.1" 404 9304
WARNING 2026-06-05 09:01:56,084 basehttp 10232 16304 "GET /ws/notifications/?token=eyJhbGciOiJIUzI1NiIsInR5cCI6IkpXVCJ9.eyJ0b2tlbl90eXBlIjoiYWNjZXNzIiwiZXhwIjoxNzgwOTkzNzA0LCJpYXQiOjE3ODA1NjE3MDQsImp0aSI6ImY0Nzk4M2RlZWUzOTQ3OGRiMjIyMzE5ZWQ0NDYzY2ZiIiwidXNlcl9pZCI6IjMifQ.2Jw0cKQIV136ovC-V7bgqKYbuFAA9ksGwhwaeh88WpE HTTP/1.1" 404 9536
WARNING 2026-06-05 09:01:58,778 basehttp 10232 15536 "GET /ws/notifications/?token=eyJhbGciOiJIUzI1NiIsInR5cCI6IkpXVCJ9.eyJ0b2tlbl90eXBlIjoiYWNjZXNzIiwiZXhwIjoxNzgwOTkzNzA0LCJpYXQiOjE3ODA1NjE3MDQsImp0aSI6ImY0Nzk4M2RlZWUzOTQ3OGRiMjIyMzE5ZWQ0NDYzY2ZiIiwidXNlcl9pZCI6IjMifQ.2Jw0cKQIV136ovC-V7bgqKYbuFAA9ksGwhwaeh88WpE HTTP/1.1" 404 9536
WARNING 2026-06-05 09:02:03,849 basehttp 10232 16544 "GET /ws/notifications/?token=eyJhbGciOiJIUzI1NiIsInR5cCI6IkpXVCJ9.eyJ0b2tlbl90eXBlIjoiYWNjZXNzIiwiZXhwIjoxNzgwOTkzNzA0LCJpYXQiOjE3ODA1NjE3MDQsImp0aSI6ImY0Nzk4M2RlZWUzOTQ3OGRiMjIyMzE5ZWQ0NDYzY2ZiIiwidXNlcl9pZCI6IjMifQ.2Jw0cKQIV136ovC-V7bgqKYbuFAA9ksGwhwaeh88WpE HTTP/1.1" 404 9536
WARNING 2026-06-05 09:02:08,530 basehttp 10232 18316 "GET /ws/notifications/?token=eyJhbGciOiJIUzI1NiIsInR5cCI6IkpXVCJ9.eyJ0b2tlbl90eXBlIjoiYWNjZXNzIiwiZXhwIjoxNzgwOTkzNzA0LCJpYXQiOjE3ODA1NjE3MDQsImp0aSI6ImY0Nzk4M2RlZWUzOTQ3OGRiMjIyMzE5ZWQ0NDYzY2ZiIiwidXNlcl9pZCI6IjMifQ.2Jw0cKQIV136ovC-V7bgqKYbuFAA9ksGwhwaeh88WpE HTTP/1.1" 404 9536
WARNING 2026-06-05 09:02:10,771 basehttp 10232 15852 "GET /ws/notifications/?token=eyJhbGciOiJIUzI1NiIsInR5cCI6IkpXVCJ9.eyJ0b2tlbl90eXBlIjoiYWNjZXNzIiwiZXhwIjoxNzgwOTkzNzA0LCJpYXQiOjE3ODA1NjE3MDQsImp0aSI6ImY0Nzk4M2RlZWUzOTQ3OGRiMjIyMzE5ZWQ0NDYzY2ZiIiwidXNlcl9pZCI6IjMifQ.2Jw0cKQIV136ovC-V7bgqKYbuFAA9ksGwhwaeh88WpE HTTP/1.1" 404 9536
WARNING 2026-06-05 09:02:15,169 basehttp 10232 17620 "GET /ws/notifications/?token=eyJhbGciOiJIUzI1NiIsInR5cCI6IkpXVCJ9.eyJ0b2tlbl90eXBlIjoiYWNjZXNzIiwiZXhwIjoxNzgwOTkzNzA0LCJpYXQiOjE3ODA1NjE3MDQsImp0aSI6ImY0Nzk4M2RlZWUzOTQ3OGRiMjIyMzE5ZWQ0NDYzY2ZiIiwidXNlcl9pZCI6IjMifQ.2Jw0cKQIV136ovC-V7bgqKYbuFAA9ksGwhwaeh88WpE HTTP/1.1" 404 9536
WARNING 2026-06-05 09:02:19,592 basehttp 10232 2588 "GET /ws/notifications/?token=eyJhbGciOiJIUzI1NiIsInR5cCI6IkpXVCJ9.eyJ0b2tlbl90eXBlIjoiYWNjZXNzIiwiZXhwIjoxNzgwOTkzNzA0LCJpYXQiOjE3ODA1NjE3MDQsImp0aSI6ImY0Nzk4M2RlZWUzOTQ3OGRiMjIyMzE5ZWQ0NDYzY2ZiIiwidXNlcl9pZCI6IjMifQ.2Jw0cKQIV136ovC-V7bgqKYbuFAA9ksGwhwaeh88WpE HTTP/1.1" 404 9536
WARNING 2026-06-05 09:02:25,558 basehttp 10232 17608 "GET /ws/notifications/?token=eyJhbGciOiJIUzI1NiIsInR5cCI6IkpXVCJ9.eyJ0b2tlbl90eXBlIjoiYWNjZXNzIiwiZXhwIjoxNzgwOTkzNzA0LCJpYXQiOjE3ODA1NjE3MDQsImp0aSI6ImY0Nzk4M2RlZWUzOTQ3OGRiMjIyMzE5ZWQ0NDYzY2ZiIiwidXNlcl9pZCI6IjMifQ.2Jw0cKQIV136ovC-V7bgqKYbuFAA9ksGwhwaeh88WpE HTTP/1.1" 404 9536
WARNING 2026-06-05 09:02:29,165 basehttp 10232 17952 "GET /ws/notifications/?token=eyJhbGciOiJIUzI1NiIsInR5cCI6IkpXVCJ9.eyJ0b2tlbl90eXBlIjoiYWNjZXNzIiwiZXhwIjoxNzgwOTkzNzA0LCJpYXQiOjE3ODA1NjE3MDQsImp0aSI6ImY0Nzk4M2RlZWUzOTQ3OGRiMjIyMzE5ZWQ0NDYzY2ZiIiwidXNlcl9pZCI6IjMifQ.2Jw0cKQIV136ovC-V7bgqKYbuFAA9ksGwhwaeh88WpE HTTP/1.1" 404 9536
WARNING 2026-06-05 09:02:32,471 basehttp 10232 12380 "GET /ws/notifications/?token=eyJhbGciOiJIUzI1NiIsInR5cCI6IkpXVCJ9.eyJ0b2tlbl90eXBlIjoiYWNjZXNzIiwiZXhwIjoxNzgwOTkzNzA0LCJpYXQiOjE3ODA1NjE3MDQsImp0aSI6ImY0Nzk4M2RlZWUzOTQ3OGRiMjIyMzE5ZWQ0NDYzY2ZiIiwidXNlcl9pZCI6IjMifQ.2Jw0cKQIV136ovC-V7bgqKYbuFAA9ksGwhwaeh88WpE HTTP/1.1" 404 9536
WARNING 2026-06-05 09:02:37,669 basehttp 10232 12096 "GET /ws/notifications/?token=eyJhbGciOiJIUzI1NiIsInR5cCI6IkpXVCJ9.eyJ0b2tlbl90eXBlIjoiYWNjZXNzIiwiZXhwIjoxNzgwOTkzNzA0LCJpYXQiOjE3ODA1NjE3MDQsImp0aSI6ImY0Nzk4M2RlZWUzOTQ3OGRiMjIyMzE5ZWQ0NDYzY2ZiIiwidXNlcl9pZCI6IjMifQ.2Jw0cKQIV136ovC-V7bgqKYbuFAA9ksGwhwaeh88WpE HTTP/1.1" 404 9536
WARNING 2026-06-05 09:02:44,023 basehttp 10232 11728 "GET /ws/notifications/?token=eyJhbGciOiJIUzI1NiIsInR5cCI6IkpXVCJ9.eyJ0b2tlbl90eXBlIjoiYWNjZXNzIiwiZXhwIjoxNzgwOTkzNzA0LCJpYXQiOjE3ODA1NjE3MDQsImp0aSI6ImY0Nzk4M2RlZWUzOTQ3OGRiMjIyMzE5ZWQ0NDYzY2ZiIiwidXNlcl9pZCI6IjMifQ.2Jw0cKQIV136ovC-V7bgqKYbuFAA9ksGwhwaeh88WpE HTTP/1.1" 404 9536
WARNING 2026-06-05 09:02:46,893 basehttp 10232 16752 "GET /ws/notifications/?token=eyJhbGciOiJIUzI1NiIsInR5cCI6IkpXVCJ9.eyJ0b2tlbl90eXBlIjoiYWNjZXNzIiwiZXhwIjoxNzgwOTkzNzA0LCJpYXQiOjE3ODA1NjE3MDQsImp0aSI6ImY0Nzk4M2RlZWUzOTQ3OGRiMjIyMzE5ZWQ0NDYzY2ZiIiwidXNlcl9pZCI6IjMifQ.2Jw0cKQIV136ovC-V7bgqKYbuFAA9ksGwhwaeh88WpE HTTP/1.1" 404 9536
WARNING 2026-06-05 09:02:52,186 basehttp 10232 5972 "GET /ws/notifications/?token=eyJhbGciOiJIUzI1NiIsInR5cCI6IkpXVCJ9.eyJ0b2tlbl90eXBlIjoiYWNjZXNzIiwiZXhwIjoxNzgwOTkzNzA0LCJpYXQiOjE3ODA1NjE3MDQsImp0aSI6ImY0Nzk4M2RlZWUzOTQ3OGRiMjIyMzE5ZWQ0NDYzY2ZiIiwidXNlcl9pZCI6IjMifQ.2Jw0cKQIV136ovC-V7bgqKYbuFAA9ksGwhwaeh88WpE HTTP/1.1" 404 9536
WARNING 2026-06-05 09:02:55,272 basehttp 10232 5452 "GET /ws/notifications/?token=eyJhbGciOiJIUzI1NiIsInR5cCI6IkpXVCJ9.eyJ0b2tlbl90eXBlIjoiYWNjZXNzIiwiZXhwIjoxNzgwOTkzNzA0LCJpYXQiOjE3ODA1NjE3MDQsImp0aSI6ImY0Nzk4M2RlZWUzOTQ3OGRiMjIyMzE5ZWQ0NDYzY2ZiIiwidXNlcl9pZCI6IjMifQ.2Jw0cKQIV136ovC-V7bgqKYbuFAA9ksGwhwaeh88WpE HTTP/1.1" 404 9536
WARNING 2026-06-05 09:02:55,769 basehttp 10232 15820 "GET /chat/unread-counts/ HTTP/1.1" 404 9304
WARNING 2026-06-05 09:03:01,100 basehttp 10232 15620 "GET /ws/notifications/?token=eyJhbGciOiJIUzI1NiIsInR5cCI6IkpXVCJ9.eyJ0b2tlbl90eXBlIjoiYWNjZXNzIiwiZXhwIjoxNzgwOTkzNzA0LCJpYXQiOjE3ODA1NjE3MDQsImp0aSI6ImY0Nzk4M2RlZWUzOTQ3OGRiMjIyMzE5ZWQ0NDYzY2ZiIiwidXNlcl9pZCI6IjMifQ.2Jw0cKQIV136ovC-V7bgqKYbuFAA9ksGwhwaeh88WpE HTTP/1.1" 404 9536
WARNING 2026-06-05 09:03:05,640 basehttp 10232 17904 "GET /ws/notifications/?token=eyJhbGciOiJIUzI1NiIsInR5cCI6IkpXVCJ9.eyJ0b2tlbl90eXBlIjoiYWNjZXNzIiwiZXhwIjoxNzgwOTkzNzA0LCJpYXQiOjE3ODA1NjE3MDQsImp0aSI6ImY0Nzk4M2RlZWUzOTQ3OGRiMjIyMzE5ZWQ0NDYzY2ZiIiwidXNlcl9pZCI6IjMifQ.2Jw0cKQIV136ovC-V7bgqKYbuFAA9ksGwhwaeh88WpE HTTP/1.1" 404 9536
WARNING 2026-06-05 09:03:10,685 basehttp 10232 13512 "GET /ws/notifications/?token=eyJhbGciOiJIUzI1NiIsInR5cCI6IkpXVCJ9.eyJ0b2tlbl90eXBlIjoiYWNjZXNzIiwiZXhwIjoxNzgwOTkzNzA0LCJpYXQiOjE3ODA1NjE3MDQsImp0aSI6ImY0Nzk4M2RlZWUzOTQ3OGRiMjIyMzE5ZWQ0NDYzY2ZiIiwidXNlcl9pZCI6IjMifQ.2Jw0cKQIV136ovC-V7bgqKYbuFAA9ksGwhwaeh88WpE HTTP/1.1" 404 9536
WARNING 2026-06-05 09:03:14,699 basehttp 10232 10564 "GET /ws/notifications/?token=eyJhbGciOiJIUzI1NiIsInR5cCI6IkpXVCJ9.eyJ0b2tlbl90eXBlIjoiYWNjZXNzIiwiZXhwIjoxNzgwOTkzNzA0LCJpYXQiOjE3ODA1NjE3MDQsImp0aSI6ImY0Nzk4M2RlZWUzOTQ3OGRiMjIyMzE5ZWQ0NDYzY2ZiIiwidXNlcl9pZCI6IjMifQ.2Jw0cKQIV136ovC-V7bgqKYbuFAA9ksGwhwaeh88WpE HTTP/1.1" 404 9536
WARNING 2026-06-05 09:03:19,617 basehttp 10232 16864 "GET /ws/notifications/?token=eyJhbGciOiJIUzI1NiIsInR5cCI6IkpXVCJ9.eyJ0b2tlbl90eXBlIjoiYWNjZXNzIiwiZXhwIjoxNzgwOTkzNzA0LCJpYXQiOjE3ODA1NjE3MDQsImp0aSI6ImY0Nzk4M2RlZWUzOTQ3OGRiMjIyMzE5ZWQ0NDYzY2ZiIiwidXNlcl9pZCI6IjMifQ.2Jw0cKQIV136ovC-V7bgqKYbuFAA9ksGwhwaeh88WpE HTTP/1.1" 404 9536
WARNING 2026-06-05 09:03:22,894 basehttp 10232 8252 "GET /ws/notifications/?token=eyJhbGciOiJIUzI1NiIsInR5cCI6IkpXVCJ9.eyJ0b2tlbl90eXBlIjoiYWNjZXNzIiwiZXhwIjoxNzgwOTkzNzA0LCJpYXQiOjE3ODA1NjE3MDQsImp0aSI6ImY0Nzk4M2RlZWUzOTQ3OGRiMjIyMzE5ZWQ0NDYzY2ZiIiwidXNlcl9pZCI6IjMifQ.2Jw0cKQIV136ovC-V7bgqKYbuFAA9ksGwhwaeh88WpE HTTP/1.1" 404 9536
WARNING 2026-06-05 09:03:28,324 basehttp 10232 12292 "GET /ws/notifications/?token=eyJhbGciOiJIUzI1NiIsInR5cCI6IkpXVCJ9.eyJ0b2tlbl90eXBlIjoiYWNjZXNzIiwiZXhwIjoxNzgwOTkzNzA0LCJpYXQiOjE3ODA1NjE3MDQsImp0aSI6ImY0Nzk4M2RlZWUzOTQ3OGRiMjIyMzE5ZWQ0NDYzY2ZiIiwidXNlcl9pZCI6IjMifQ.2Jw0cKQIV136ovC-V7bgqKYbuFAA9ksGwhwaeh88WpE HTTP/1.1" 404 9536
WARNING 2026-06-05 09:22:17,629 basehttp 10232 4760 "GET /ws/notifications/?token=eyJhbGciOiJIUzI1NiIsInR5cCI6IkpXVCJ9.eyJ0b2tlbl90eXBlIjoiYWNjZXNzIiwiZXhwIjoxNzgwOTkzNzA0LCJpYXQiOjE3ODA1NjE3MDQsImp0aSI6ImY0Nzk4M2RlZWUzOTQ3OGRiMjIyMzE5ZWQ0NDYzY2ZiIiwidXNlcl9pZCI6IjMifQ.2Jw0cKQIV136ovC-V7bgqKYbuFAA9ksGwhwaeh88WpE HTTP/1.1" 404 9536
INFO 2026-06-05 09:22:17,850 basehttp 10232 4760 - Broken pipe from ('127.0.0.1', 51644)
WARNING 2026-06-05 09:22:19,322 basehttp 10232 10496 "GET /chat/unread-counts/ HTTP/1.1" 404 9304
WARNING 2026-06-05 09:22:21,686 basehttp 10232 14808 "GET /ws/notifications/?token=eyJhbGciOiJIUzI1NiIsInR5cCI6IkpXVCJ9.eyJ0b2tlbl90eXBlIjoiYWNjZXNzIiwiZXhwIjoxNzgwOTkzNzA0LCJpYXQiOjE3ODA1NjE3MDQsImp0aSI6ImY0Nzk4M2RlZWUzOTQ3OGRiMjIyMzE5ZWQ0NDYzY2ZiIiwidXNlcl9pZCI6IjMifQ.2Jw0cKQIV136ovC-V7bgqKYbuFAA9ksGwhwaeh88WpE HTTP/1.1" 404 9536
WARNING 2026-06-05 09:22:23,682 basehttp 10232 15972 "GET /ws/notifications/?token=eyJhbGciOiJIUzI1NiIsInR5cCI6IkpXVCJ9.eyJ0b2tlbl90eXBlIjoiYWNjZXNzIiwiZXhwIjoxNzgwOTkzNzA0LCJpYXQiOjE3ODA1NjE3MDQsImp0aSI6ImY0Nzk4M2RlZWUzOTQ3OGRiMjIyMzE5ZWQ0NDYzY2ZiIiwidXNlcl9pZCI6IjMifQ.2Jw0cKQIV136ovC-V7bgqKYbuFAA9ksGwhwaeh88WpE HTTP/1.1" 404 9536
WARNING 2026-06-05 09:22:25,654 basehttp 10232 12848 "GET /ws/notifications/?token=eyJhbGciOiJIUzI1NiIsInR5cCI6IkpXVCJ9.eyJ0b2tlbl90eXBlIjoiYWNjZXNzIiwiZXhwIjoxNzgwOTkzNzA0LCJpYXQiOjE3ODA1NjE3MDQsImp0aSI6ImY0Nzk4M2RlZWUzOTQ3OGRiMjIyMzE5ZWQ0NDYzY2ZiIiwidXNlcl9pZCI6IjMifQ.2Jw0cKQIV136ovC-V7bgqKYbuFAA9ksGwhwaeh88WpE HTTP/1.1" 404 9536
WARNING 2026-06-05 09:22:27,634 basehttp 10232 14744 "GET /ws/notifications/?token=eyJhbGciOiJIUzI1NiIsInR5cCI6IkpXVCJ9.eyJ0b2tlbl90eXBlIjoiYWNjZXNzIiwiZXhwIjoxNzgwOTkzNzA0LCJpYXQiOjE3ODA1NjE3MDQsImp0aSI6ImY0Nzk4M2RlZWUzOTQ3OGRiMjIyMzE5ZWQ0NDYzY2ZiIiwidXNlcl9pZCI6IjMifQ.2Jw0cKQIV136ovC-V7bgqKYbuFAA9ksGwhwaeh88WpE HTTP/1.1" 404 9536
WARNING 2026-06-05 09:22:29,659 basehttp 10232 12812 "GET /ws/notifications/?token=eyJhbGciOiJIUzI1NiIsInR5cCI6IkpXVCJ9.eyJ0b2tlbl90eXBlIjoiYWNjZXNzIiwiZXhwIjoxNzgwOTkzNzA0LCJpYXQiOjE3ODA1NjE3MDQsImp0aSI6ImY0Nzk4M2RlZWUzOTQ3OGRiMjIyMzE5ZWQ0NDYzY2ZiIiwidXNlcl9pZCI6IjMifQ.2Jw0cKQIV136ovC-V7bgqKYbuFAA9ksGwhwaeh88WpE HTTP/1.1" 404 9536
WARNING 2026-06-05 09:22:31,643 basehttp 10232 11660 "GET /ws/notifications/?token=eyJhbGciOiJIUzI1NiIsInR5cCI6IkpXVCJ9.eyJ0b2tlbl90eXBlIjoiYWNjZXNzIiwiZXhwIjoxNzgwOTkzNzA0LCJpYXQiOjE3ODA1NjE3MDQsImp0aSI6ImY0Nzk4M2RlZWUzOTQ3OGRiMjIyMzE5ZWQ0NDYzY2ZiIiwidXNlcl9pZCI6IjMifQ.2Jw0cKQIV136ovC-V7bgqKYbuFAA9ksGwhwaeh88WpE HTTP/1.1" 404 9536
WARNING 2026-06-05 09:22:33,652 basehttp 10232 16864 "GET /ws/notifications/?token=eyJhbGciOiJIUzI1NiIsInR5cCI6IkpXVCJ9.eyJ0b2tlbl90eXBlIjoiYWNjZXNzIiwiZXhwIjoxNzgwOTkzNzA0LCJpYXQiOjE3ODA1NjE3MDQsImp0aSI6ImY0Nzk4M2RlZWUzOTQ3OGRiMjIyMzE5ZWQ0NDYzY2ZiIiwidXNlcl9pZCI6IjMifQ.2Jw0cKQIV136ovC-V7bgqKYbuFAA9ksGwhwaeh88WpE HTTP/1.1" 404 9536
WARNING 2026-06-05 09:22:35,661 basehttp 10232 12364 "GET /ws/notifications/?token=eyJhbGciOiJIUzI1NiIsInR5cCI6IkpXVCJ9.eyJ0b2tlbl90eXBlIjoiYWNjZXNzIiwiZXhwIjoxNzgwOTkzNzA0LCJpYXQiOjE3ODA1NjE3MDQsImp0aSI6ImY0Nzk4M2RlZWUzOTQ3OGRiMjIyMzE5ZWQ0NDYzY2ZiIiwidXNlcl9pZCI6IjMifQ.2Jw0cKQIV136ovC-V7bgqKYbuFAA9ksGwhwaeh88WpE HTTP/1.1" 404 9536
WARNING 2026-06-05 09:22:37,667 basehttp 10232 17644 "GET /ws/notifications/?token=eyJhbGciOiJIUzI1NiIsInR5cCI6IkpXVCJ9.eyJ0b2tlbl90eXBlIjoiYWNjZXNzIiwiZXhwIjoxNzgwOTkzNzA0LCJpYXQiOjE3ODA1NjE3MDQsImp0aSI6ImY0Nzk4M2RlZWUzOTQ3OGRiMjIyMzE5ZWQ0NDYzY2ZiIiwidXNlcl9pZCI6IjMifQ.2Jw0cKQIV136ovC-V7bgqKYbuFAA9ksGwhwaeh88WpE HTTP/1.1" 404 9536
WARNING 2026-06-05 09:22:39,673 basehttp 10232 17172 "GET /ws/notifications/?token=eyJhbGciOiJIUzI1NiIsInR5cCI6IkpXVCJ9.eyJ0b2tlbl90eXBlIjoiYWNjZXNzIiwiZXhwIjoxNzgwOTkzNzA0LCJpYXQiOjE3ODA1NjE3MDQsImp0aSI6ImY0Nzk4M2RlZWUzOTQ3OGRiMjIyMzE5ZWQ0NDYzY2ZiIiwidXNlcl9pZCI6IjMifQ.2Jw0cKQIV136ovC-V7bgqKYbuFAA9ksGwhwaeh88WpE HTTP/1.1" 404 9536
WARNING 2026-06-05 09:22:41,760 basehttp 10232 16180 "GET /ws/notifications/?token=eyJhbGciOiJIUzI1NiIsInR5cCI6IkpXVCJ9.eyJ0b2tlbl90eXBlIjoiYWNjZXNzIiwiZXhwIjoxNzgwOTkzNzA0LCJpYXQiOjE3ODA1NjE3MDQsImp0aSI6ImY0Nzk4M2RlZWUzOTQ3OGRiMjIyMzE5ZWQ0NDYzY2ZiIiwidXNlcl9pZCI6IjMifQ.2Jw0cKQIV136ovC-V7bgqKYbuFAA9ksGwhwaeh88WpE HTTP/1.1" 404 9536
WARNING 2026-06-05 09:22:43,877 basehttp 10232 15120 "GET /ws/notifications/?token=eyJhbGciOiJIUzI1NiIsInR5cCI6IkpXVCJ9.eyJ0b2tlbl90eXBlIjoiYWNjZXNzIiwiZXhwIjoxNzgwOTkzNzA0LCJpYXQiOjE3ODA1NjE3MDQsImp0aSI6ImY0Nzk4M2RlZWUzOTQ3OGRiMjIyMzE5ZWQ0NDYzY2ZiIiwidXNlcl9pZCI6IjMifQ.2Jw0cKQIV136ovC-V7bgqKYbuFAA9ksGwhwaeh88WpE HTTP/1.1" 404 9536
WARNING 2026-06-05 09:22:45,843 basehttp 10232 14296 "GET /ws/notifications/?token=eyJhbGciOiJIUzI1NiIsInR5cCI6IkpXVCJ9.eyJ0b2tlbl90eXBlIjoiYWNjZXNzIiwiZXhwIjoxNzgwOTkzNzA0LCJpYXQiOjE3ODA1NjE3MDQsImp0aSI6ImY0Nzk4M2RlZWUzOTQ3OGRiMjIyMzE5ZWQ0NDYzY2ZiIiwidXNlcl9pZCI6IjMifQ.2Jw0cKQIV136ovC-V7bgqKYbuFAA9ksGwhwaeh88WpE HTTP/1.1" 404 9536
WARNING 2026-06-05 09:22:48,484 basehttp 10232 17028 "GET /ws/notifications/?token=eyJhbGciOiJIUzI1NiIsInR5cCI6IkpXVCJ9.eyJ0b2tlbl90eXBlIjoiYWNjZXNzIiwiZXhwIjoxNzgwOTkzNzA0LCJpYXQiOjE3ODA1NjE3MDQsImp0aSI6ImY0Nzk4M2RlZWUzOTQ3OGRiMjIyMzE5ZWQ0NDYzY2ZiIiwidXNlcl9pZCI6IjMifQ.2Jw0cKQIV136ovC-V7bgqKYbuFAA9ksGwhwaeh88WpE HTTP/1.1" 404 9536
WARNING 2026-06-05 09:22:51,388 basehttp 10232 14416 "GET /ws/notifications/?token=eyJhbGciOiJIUzI1NiIsInR5cCI6IkpXVCJ9.eyJ0b2tlbl90eXBlIjoiYWNjZXNzIiwiZXhwIjoxNzgwOTkzNzA0LCJpYXQiOjE3ODA1NjE3MDQsImp0aSI6ImY0Nzk4M2RlZWUzOTQ3OGRiMjIyMzE5ZWQ0NDYzY2ZiIiwidXNlcl9pZCI6IjMifQ.2Jw0cKQIV136ovC-V7bgqKYbuFAA9ksGwhwaeh88WpE HTTP/1.1" 404 9536
WARNING 2026-06-05 09:22:54,248 basehttp 10232 6824 "GET /ws/notifications/?token=eyJhbGciOiJIUzI1NiIsInR5cCI6IkpXVCJ9.eyJ0b2tlbl90eXBlIjoiYWNjZXNzIiwiZXhwIjoxNzgwOTkzNzA0LCJpYXQiOjE3ODA1NjE3MDQsImp0aSI6ImY0Nzk4M2RlZWUzOTQ3OGRiMjIyMzE5ZWQ0NDYzY2ZiIiwidXNlcl9pZCI6IjMifQ.2Jw0cKQIV136ovC-V7bgqKYbuFAA9ksGwhwaeh88WpE HTTP/1.1" 404 9536
WARNING 2026-06-05 09:22:55,637 basehttp 10232 10496 "GET /chat/unread-counts/ HTTP/1.1" 404 9304
WARNING 2026-06-05 09:22:57,948 basehttp 10232 16828 "GET /ws/notifications/?token=eyJhbGciOiJIUzI1NiIsInR5cCI6IkpXVCJ9.eyJ0b2tlbl90eXBlIjoiYWNjZXNzIiwiZXhwIjoxNzgwOTkzNzA0LCJpYXQiOjE3ODA1NjE3MDQsImp0aSI6ImY0Nzk4M2RlZWUzOTQ3OGRiMjIyMzE5ZWQ0NDYzY2ZiIiwidXNlcl9pZCI6IjMifQ.2Jw0cKQIV136ovC-V7bgqKYbuFAA9ksGwhwaeh88WpE HTTP/1.1" 404 9536
WARNING 2026-06-05 09:23:03,752 basehttp 10232 6948 "GET /ws/notifications/?token=eyJhbGciOiJIUzI1NiIsInR5cCI6IkpXVCJ9.eyJ0b2tlbl90eXBlIjoiYWNjZXNzIiwiZXhwIjoxNzgwOTkzNzA0LCJpYXQiOjE3ODA1NjE3MDQsImp0aSI6ImY0Nzk4M2RlZWUzOTQ3OGRiMjIyMzE5ZWQ0NDYzY2ZiIiwidXNlcl9pZCI6IjMifQ.2Jw0cKQIV136ovC-V7bgqKYbuFAA9ksGwhwaeh88WpE HTTP/1.1" 404 9536
WARNING 2026-06-05 09:23:10,013 basehttp 10232 11432 "GET /ws/notifications/?token=eyJhbGciOiJIUzI1NiIsInR5cCI6IkpXVCJ9.eyJ0b2tlbl90eXBlIjoiYWNjZXNzIiwiZXhwIjoxNzgwOTkzNzA0LCJpYXQiOjE3ODA1NjE3MDQsImp0aSI6ImY0Nzk4M2RlZWUzOTQ3OGRiMjIyMzE5ZWQ0NDYzY2ZiIiwidXNlcl9pZCI6IjMifQ.2Jw0cKQIV136ovC-V7bgqKYbuFAA9ksGwhwaeh88WpE HTTP/1.1" 404 9536
WARNING 2026-06-05 09:23:15,497 basehttp 10232 14372 "GET /ws/notifications/?token=eyJhbGciOiJIUzI1NiIsInR5cCI6IkpXVCJ9.eyJ0b2tlbl90eXBlIjoiYWNjZXNzIiwiZXhwIjoxNzgwOTkzNzA0LCJpYXQiOjE3ODA1NjE3MDQsImp0aSI6ImY0Nzk4M2RlZWUzOTQ3OGRiMjIyMzE5ZWQ0NDYzY2ZiIiwidXNlcl9pZCI6IjMifQ.2Jw0cKQIV136ovC-V7bgqKYbuFAA9ksGwhwaeh88WpE HTTP/1.1" 404 9536
WARNING 2026-06-05 09:23:21,061 basehttp 10232 17500 "GET /ws/notifications/?token=eyJhbGciOiJIUzI1NiIsInR5cCI6IkpXVCJ9.eyJ0b2tlbl90eXBlIjoiYWNjZXNzIiwiZXhwIjoxNzgwOTkzNzA0LCJpYXQiOjE3ODA1NjE3MDQsImp0aSI6ImY0Nzk4M2RlZWUzOTQ3OGRiMjIyMzE5ZWQ0NDYzY2ZiIiwidXNlcl9pZCI6IjMifQ.2Jw0cKQIV136ovC-V7bgqKYbuFAA9ksGwhwaeh88WpE HTTP/1.1" 404 9536
WARNING 2026-06-05 09:23:27,021 basehttp 10232 11932 "GET /ws/notifications/?token=eyJhbGciOiJIUzI1NiIsInR5cCI6IkpXVCJ9.eyJ0b2tlbl90eXBlIjoiYWNjZXNzIiwiZXhwIjoxNzgwOTkzNzA0LCJpYXQiOjE3ODA1NjE3MDQsImp0aSI6ImY0Nzk4M2RlZWUzOTQ3OGRiMjIyMzE5ZWQ0NDYzY2ZiIiwidXNlcl9pZCI6IjMifQ.2Jw0cKQIV136ovC-V7bgqKYbuFAA9ksGwhwaeh88WpE HTTP/1.1" 404 9536
WARNING 2026-06-05 09:23:32,899 basehttp 10232 736 "GET /ws/notifications/?token=eyJhbGciOiJIUzI1NiIsInR5cCI6IkpXVCJ9.eyJ0b2tlbl90eXBlIjoiYWNjZXNzIiwiZXhwIjoxNzgwOTkzNzA0LCJpYXQiOjE3ODA1NjE3MDQsImp0aSI6ImY0Nzk4M2RlZWUzOTQ3OGRiMjIyMzE5ZWQ0NDYzY2ZiIiwidXNlcl9pZCI6IjMifQ.2Jw0cKQIV136ovC-V7bgqKYbuFAA9ksGwhwaeh88WpE HTTP/1.1" 404 9536
WARNING 2026-06-05 09:23:39,391 basehttp 10232 11788 "GET /ws/notifications/?token=eyJhbGciOiJIUzI1NiIsInR5cCI6IkpXVCJ9.eyJ0b2tlbl90eXBlIjoiYWNjZXNzIiwiZXhwIjoxNzgwOTkzNzA0LCJpYXQiOjE3ODA1NjE3MDQsImp0aSI6ImY0Nzk4M2RlZWUzOTQ3OGRiMjIyMzE5ZWQ0NDYzY2ZiIiwidXNlcl9pZCI6IjMifQ.2Jw0cKQIV136ovC-V7bgqKYbuFAA9ksGwhwaeh88WpE HTTP/1.1" 404 9536
WARNING 2026-06-05 09:23:42,488 basehttp 10232 14444 "GET /ws/notifications/?token=eyJhbGciOiJIUzI1NiIsInR5cCI6IkpXVCJ9.eyJ0b2tlbl90eXBlIjoiYWNjZXNzIiwiZXhwIjoxNzgwOTkzNzA0LCJpYXQiOjE3ODA1NjE3MDQsImp0aSI6ImY0Nzk4M2RlZWUzOTQ3OGRiMjIyMzE5ZWQ0NDYzY2ZiIiwidXNlcl9pZCI6IjMifQ.2Jw0cKQIV136ovC-V7bgqKYbuFAA9ksGwhwaeh88WpE HTTP/1.1" 404 9536
WARNING 2026-06-05 09:23:45,888 basehttp 10232 9676 "GET /ws/notifications/?token=eyJhbGciOiJIUzI1NiIsInR5cCI6IkpXVCJ9.eyJ0b2tlbl90eXBlIjoiYWNjZXNzIiwiZXhwIjoxNzgwOTkzNzA0LCJpYXQiOjE3ODA1NjE3MDQsImp0aSI6ImY0Nzk4M2RlZWUzOTQ3OGRiMjIyMzE5ZWQ0NDYzY2ZiIiwidXNlcl9pZCI6IjMifQ.2Jw0cKQIV136ovC-V7bgqKYbuFAA9ksGwhwaeh88WpE HTTP/1.1" 404 9536
WARNING 2026-06-05 09:23:52,000 basehttp 10232 13956 "GET /ws/notifications/?token=eyJhbGciOiJIUzI1NiIsInR5cCI6IkpXVCJ9.eyJ0b2tlbl90eXBlIjoiYWNjZXNzIiwiZXhwIjoxNzgwOTkzNzA0LCJpYXQiOjE3ODA1NjE3MDQsImp0aSI6ImY0Nzk4M2RlZWUzOTQ3OGRiMjIyMzE5ZWQ0NDYzY2ZiIiwidXNlcl9pZCI6IjMifQ.2Jw0cKQIV136ovC-V7bgqKYbuFAA9ksGwhwaeh88WpE HTTP/1.1" 404 9536
WARNING 2026-06-05 09:23:54,802 basehttp 10232 16080 "GET /ws/notifications/?token=eyJhbGciOiJIUzI1NiIsInR5cCI6IkpXVCJ9.eyJ0b2tlbl90eXBlIjoiYWNjZXNzIiwiZXhwIjoxNzgwOTkzNzA0LCJpYXQiOjE3ODA1NjE3MDQsImp0aSI6ImY0Nzk4M2RlZWUzOTQ3OGRiMjIyMzE5ZWQ0NDYzY2ZiIiwidXNlcl9pZCI6IjMifQ.2Jw0cKQIV136ovC-V7bgqKYbuFAA9ksGwhwaeh88WpE HTTP/1.1" 404 9536
WARNING 2026-06-05 09:23:55,765 basehttp 10232 10496 "GET /chat/unread-counts/ HTTP/1.1" 404 9304
WARNING 2026-06-05 09:24:01,292 basehttp 10232 16380 "GET /ws/notifications/?token=eyJhbGciOiJIUzI1NiIsInR5cCI6IkpXVCJ9.eyJ0b2tlbl90eXBlIjoiYWNjZXNzIiwiZXhwIjoxNzgwOTkzNzA0LCJpYXQiOjE3ODA1NjE3MDQsImp0aSI6ImY0Nzk4M2RlZWUzOTQ3OGRiMjIyMzE5ZWQ0NDYzY2ZiIiwidXNlcl9pZCI6IjMifQ.2Jw0cKQIV136ovC-V7bgqKYbuFAA9ksGwhwaeh88WpE HTTP/1.1" 404 9536
WARNING 2026-06-05 09:24:07,434 basehttp 10232 5668 "GET /ws/notifications/?token=eyJhbGciOiJIUzI1NiIsInR5cCI6IkpXVCJ9.eyJ0b2tlbl90eXBlIjoiYWNjZXNzIiwiZXhwIjoxNzgwOTkzNzA0LCJpYXQiOjE3ODA1NjE3MDQsImp0aSI6ImY0Nzk4M2RlZWUzOTQ3OGRiMjIyMzE5ZWQ0NDYzY2ZiIiwidXNlcl9pZCI6IjMifQ.2Jw0cKQIV136ovC-V7bgqKYbuFAA9ksGwhwaeh88WpE HTTP/1.1" 404 9536
WARNING 2026-06-05 09:24:11,090 basehttp 10232 16820 "GET /ws/notifications/?token=eyJhbGciOiJIUzI1NiIsInR5cCI6IkpXVCJ9.eyJ0b2tlbl90eXBlIjoiYWNjZXNzIiwiZXhwIjoxNzgwOTkzNzA0LCJpYXQiOjE3ODA1NjE3MDQsImp0aSI6ImY0Nzk4M2RlZWUzOTQ3OGRiMjIyMzE5ZWQ0NDYzY2ZiIiwidXNlcl9pZCI6IjMifQ.2Jw0cKQIV136ovC-V7bgqKYbuFAA9ksGwhwaeh88WpE HTTP/1.1" 404 9536
WARNING 2026-06-05 09:24:16,120 basehttp 10232 11248 "GET /ws/notifications/?token=eyJhbGciOiJIUzI1NiIsInR5cCI6IkpXVCJ9.eyJ0b2tlbl90eXBlIjoiYWNjZXNzIiwiZXhwIjoxNzgwOTkzNzA0LCJpYXQiOjE3ODA1NjE3MDQsImp0aSI6ImY0Nzk4M2RlZWUzOTQ3OGRiMjIyMzE5ZWQ0NDYzY2ZiIiwidXNlcl9pZCI6IjMifQ.2Jw0cKQIV136ovC-V7bgqKYbuFAA9ksGwhwaeh88WpE HTTP/1.1" 404 9536
WARNING 2026-06-05 09:24:17,731 basehttp 10232 17404 "GET /ws/notifications/?token=eyJhbGciOiJIUzI1NiIsInR5cCI6IkpXVCJ9.eyJ0b2tlbl90eXBlIjoiYWNjZXNzIiwiZXhwIjoxNzgwOTkzNzA0LCJpYXQiOjE3ODA1NjE3MDQsImp0aSI6ImY0Nzk4M2RlZWUzOTQ3OGRiMjIyMzE5ZWQ0NDYzY2ZiIiwidXNlcl9pZCI6IjMifQ.2Jw0cKQIV136ovC-V7bgqKYbuFAA9ksGwhwaeh88WpE HTTP/1.1" 404 9536
WARNING 2026-06-05 09:24:19,746 basehttp 10232 10768 "GET /ws/notifications/?token=eyJhbGciOiJIUzI1NiIsInR5cCI6IkpXVCJ9.eyJ0b2tlbl90eXBlIjoiYWNjZXNzIiwiZXhwIjoxNzgwOTkzNzA0LCJpYXQiOjE3ODA1NjE3MDQsImp0aSI6ImY0Nzk4M2RlZWUzOTQ3OGRiMjIyMzE5ZWQ0NDYzY2ZiIiwidXNlcl9pZCI6IjMifQ.2Jw0cKQIV136ovC-V7bgqKYbuFAA9ksGwhwaeh88WpE HTTP/1.1" 404 9536
WARNING 2026-06-05 09:24:21,746 basehttp 10232 14740 "GET /ws/notifications/?token=eyJhbGciOiJIUzI1NiIsInR5cCI6IkpXVCJ9.eyJ0b2tlbl90eXBlIjoiYWNjZXNzIiwiZXhwIjoxNzgwOTkzNzA0LCJpYXQiOjE3ODA1NjE3MDQsImp0aSI6ImY0Nzk4M2RlZWUzOTQ3OGRiMjIyMzE5ZWQ0NDYzY2ZiIiwidXNlcl9pZCI6IjMifQ.2Jw0cKQIV136ovC-V7bgqKYbuFAA9ksGwhwaeh88WpE HTTP/1.1" 404 9536
WARNING 2026-06-05 09:24:23,766 basehttp 10232 11088 "GET /ws/notifications/?token=eyJhbGciOiJIUzI1NiIsInR5cCI6IkpXVCJ9.eyJ0b2tlbl90eXBlIjoiYWNjZXNzIiwiZXhwIjoxNzgwOTkzNzA0LCJpYXQiOjE3ODA1NjE3MDQsImp0aSI6ImY0Nzk4M2RlZWUzOTQ3OGRiMjIyMzE5ZWQ0NDYzY2ZiIiwidXNlcl9pZCI6IjMifQ.2Jw0cKQIV136ovC-V7bgqKYbuFAA9ksGwhwaeh88WpE HTTP/1.1" 404 9536
WARNING 2026-06-05 09:24:25,747 basehttp 10232 15248 "GET /ws/notifications/?token=eyJhbGciOiJIUzI1NiIsInR5cCI6IkpXVCJ9.eyJ0b2tlbl90eXBlIjoiYWNjZXNzIiwiZXhwIjoxNzgwOTkzNzA0LCJpYXQiOjE3ODA1NjE3MDQsImp0aSI6ImY0Nzk4M2RlZWUzOTQ3OGRiMjIyMzE5ZWQ0NDYzY2ZiIiwidXNlcl9pZCI6IjMifQ.2Jw0cKQIV136ovC-V7bgqKYbuFAA9ksGwhwaeh88WpE HTTP/1.1" 404 9536
WARNING 2026-06-05 09:24:27,744 basehttp 10232 1620 "GET /ws/notifications/?token=eyJhbGciOiJIUzI1NiIsInR5cCI6IkpXVCJ9.eyJ0b2tlbl90eXBlIjoiYWNjZXNzIiwiZXhwIjoxNzgwOTkzNzA0LCJpYXQiOjE3ODA1NjE3MDQsImp0aSI6ImY0Nzk4M2RlZWUzOTQ3OGRiMjIyMzE5ZWQ0NDYzY2ZiIiwidXNlcl9pZCI6IjMifQ.2Jw0cKQIV136ovC-V7bgqKYbuFAA9ksGwhwaeh88WpE HTTP/1.1" 404 9536
WARNING 2026-06-05 09:24:29,752 basehttp 10232 11032 "GET /ws/notifications/?token=eyJhbGciOiJIUzI1NiIsInR5cCI6IkpXVCJ9.eyJ0b2tlbl90eXBlIjoiYWNjZXNzIiwiZXhwIjoxNzgwOTkzNzA0LCJpYXQiOjE3ODA1NjE3MDQsImp0aSI6ImY0Nzk4M2RlZWUzOTQ3OGRiMjIyMzE5ZWQ0NDYzY2ZiIiwidXNlcl9pZCI6IjMifQ.2Jw0cKQIV136ovC-V7bgqKYbuFAA9ksGwhwaeh88WpE HTTP/1.1" 404 9536
WARNING 2026-06-05 09:24:31,751 basehttp 10232 14708 "GET /ws/notifications/?token=eyJhbGciOiJIUzI1NiIsInR5cCI6IkpXVCJ9.eyJ0b2tlbl90eXBlIjoiYWNjZXNzIiwiZXhwIjoxNzgwOTkzNzA0LCJpYXQiOjE3ODA1NjE3MDQsImp0aSI6ImY0Nzk4M2RlZWUzOTQ3OGRiMjIyMzE5ZWQ0NDYzY2ZiIiwidXNlcl9pZCI6IjMifQ.2Jw0cKQIV136ovC-V7bgqKYbuFAA9ksGwhwaeh88WpE HTTP/1.1" 404 9536
WARNING 2026-06-05 09:24:33,758 basehttp 10232 17924 "GET /ws/notifications/?token=eyJhbGciOiJIUzI1NiIsInR5cCI6IkpXVCJ9.eyJ0b2tlbl90eXBlIjoiYWNjZXNzIiwiZXhwIjoxNzgwOTkzNzA0LCJpYXQiOjE3ODA1NjE3MDQsImp0aSI6ImY0Nzk4M2RlZWUzOTQ3OGRiMjIyMzE5ZWQ0NDYzY2ZiIiwidXNlcl9pZCI6IjMifQ.2Jw0cKQIV136ovC-V7bgqKYbuFAA9ksGwhwaeh88WpE HTTP/1.1" 404 9536
WARNING 2026-06-05 09:24:35,765 basehttp 10232 17788 "GET /ws/notifications/?token=eyJhbGciOiJIUzI1NiIsInR5cCI6IkpXVCJ9.eyJ0b2tlbl90eXBlIjoiYWNjZXNzIiwiZXhwIjoxNzgwOTkzNzA0LCJpYXQiOjE3ODA1NjE3MDQsImp0aSI6ImY0Nzk4M2RlZWUzOTQ3OGRiMjIyMzE5ZWQ0NDYzY2ZiIiwidXNlcl9pZCI6IjMifQ.2Jw0cKQIV136ovC-V7bgqKYbuFAA9ksGwhwaeh88WpE HTTP/1.1" 404 9536
WARNING 2026-06-05 09:24:37,817 basehttp 10232 14884 "GET /ws/notifications/?token=eyJhbGciOiJIUzI1NiIsInR5cCI6IkpXVCJ9.eyJ0b2tlbl90eXBlIjoiYWNjZXNzIiwiZXhwIjoxNzgwOTkzNzA0LCJpYXQiOjE3ODA1NjE3MDQsImp0aSI6ImY0Nzk4M2RlZWUzOTQ3OGRiMjIyMzE5ZWQ0NDYzY2ZiIiwidXNlcl9pZCI6IjMifQ.2Jw0cKQIV136ovC-V7bgqKYbuFAA9ksGwhwaeh88WpE HTTP/1.1" 404 9536
WARNING 2026-06-05 09:24:39,874 basehttp 10232 12668 "GET /ws/notifications/?token=eyJhbGciOiJIUzI1NiIsInR5cCI6IkpXVCJ9.eyJ0b2tlbl90eXBlIjoiYWNjZXNzIiwiZXhwIjoxNzgwOTkzNzA0LCJpYXQiOjE3ODA1NjE3MDQsImp0aSI6ImY0Nzk4M2RlZWUzOTQ3OGRiMjIyMzE5ZWQ0NDYzY2ZiIiwidXNlcl9pZCI6IjMifQ.2Jw0cKQIV136ovC-V7bgqKYbuFAA9ksGwhwaeh88WpE HTTP/1.1" 404 9536
WARNING 2026-06-05 09:24:41,872 basehttp 10232 17096 "GET /ws/notifications/?token=eyJhbGciOiJIUzI1NiIsInR5cCI6IkpXVCJ9.eyJ0b2tlbl90eXBlIjoiYWNjZXNzIiwiZXhwIjoxNzgwOTkzNzA0LCJpYXQiOjE3ODA1NjE3MDQsImp0aSI6ImY0Nzk4M2RlZWUzOTQ3OGRiMjIyMzE5ZWQ0NDYzY2ZiIiwidXNlcl9pZCI6IjMifQ.2Jw0cKQIV136ovC-V7bgqKYbuFAA9ksGwhwaeh88WpE HTTP/1.1" 404 9536
INFO 2026-06-05 09:24:41,885 basehttp 10232 17096 - Broken pipe from ('127.0.0.1', 51782)
WARNING 2026-06-05 09:24:43,981 basehttp 10232 6948 "GET /ws/notifications/?token=eyJhbGciOiJIUzI1NiIsInR5cCI6IkpXVCJ9.eyJ0b2tlbl90eXBlIjoiYWNjZXNzIiwiZXhwIjoxNzgwOTkzNzA0LCJpYXQiOjE3ODA1NjE3MDQsImp0aSI6ImY0Nzk4M2RlZWUzOTQ3OGRiMjIyMzE5ZWQ0NDYzY2ZiIiwidXNlcl9pZCI6IjMifQ.2Jw0cKQIV136ovC-V7bgqKYbuFAA9ksGwhwaeh88WpE HTTP/1.1" 404 9536
WARNING 2026-06-05 09:24:46,411 basehttp 10232 13972 "GET /ws/notifications/?token=eyJhbGciOiJIUzI1NiIsInR5cCI6IkpXVCJ9.eyJ0b2tlbl90eXBlIjoiYWNjZXNzIiwiZXhwIjoxNzgwOTkzNzA0LCJpYXQiOjE3ODA1NjE3MDQsImp0aSI6ImY0Nzk4M2RlZWUzOTQ3OGRiMjIyMzE5ZWQ0NDYzY2ZiIiwidXNlcl9pZCI6IjMifQ.2Jw0cKQIV136ovC-V7bgqKYbuFAA9ksGwhwaeh88WpE HTTP/1.1" 404 9536
WARNING 2026-06-05 09:24:49,843 basehttp 10232 10660 "GET /ws/notifications/?token=eyJhbGciOiJIUzI1NiIsInR5cCI6IkpXVCJ9.eyJ0b2tlbl90eXBlIjoiYWNjZXNzIiwiZXhwIjoxNzgwOTkzNzA0LCJpYXQiOjE3ODA1NjE3MDQsImp0aSI6ImY0Nzk4M2RlZWUzOTQ3OGRiMjIyMzE5ZWQ0NDYzY2ZiIiwidXNlcl9pZCI6IjMifQ.2Jw0cKQIV136ovC-V7bgqKYbuFAA9ksGwhwaeh88WpE HTTP/1.1" 404 9536
INFO 2026-06-05 09:24:49,847 basehttp 10232 10660 - Broken pipe from ('127.0.0.1', 51789)
WARNING 2026-06-05 09:24:55,736 basehttp 10232 10496 "GET /chat/unread-counts/ HTTP/1.1" 404 9304
WARNING 2026-06-05 09:24:55,841 basehttp 10232 5048 "GET /ws/notifications/?token=eyJhbGciOiJIUzI1NiIsInR5cCI6IkpXVCJ9.eyJ0b2tlbl90eXBlIjoiYWNjZXNzIiwiZXhwIjoxNzgwOTkzNzA0LCJpYXQiOjE3ODA1NjE3MDQsImp0aSI6ImY0Nzk4M2RlZWUzOTQ3OGRiMjIyMzE5ZWQ0NDYzY2ZiIiwidXNlcl9pZCI6IjMifQ.2Jw0cKQIV136ovC-V7bgqKYbuFAA9ksGwhwaeh88WpE HTTP/1.1" 404 9536
WARNING 2026-06-05 09:24:59,399 basehttp 10232 13052 "GET /ws/notifications/?token=eyJhbGciOiJIUzI1NiIsInR5cCI6IkpXVCJ9.eyJ0b2tlbl90eXBlIjoiYWNjZXNzIiwiZXhwIjoxNzgwOTkzNzA0LCJpYXQiOjE3ODA1NjE3MDQsImp0aSI6ImY0Nzk4M2RlZWUzOTQ3OGRiMjIyMzE5ZWQ0NDYzY2ZiIiwidXNlcl9pZCI6IjMifQ.2Jw0cKQIV136ovC-V7bgqKYbuFAA9ksGwhwaeh88WpE HTTP/1.1" 404 9536
WARNING 2026-06-05 09:25:02,062 basehttp 10232 12108 "GET /ws/notifications/?token=eyJhbGciOiJIUzI1NiIsInR5cCI6IkpXVCJ9.eyJ0b2tlbl90eXBlIjoiYWNjZXNzIiwiZXhwIjoxNzgwOTkzNzA0LCJpYXQiOjE3ODA1NjE3MDQsImp0aSI6ImY0Nzk4M2RlZWUzOTQ3OGRiMjIyMzE5ZWQ0NDYzY2ZiIiwidXNlcl9pZCI6IjMifQ.2Jw0cKQIV136ovC-V7bgqKYbuFAA9ksGwhwaeh88WpE HTTP/1.1" 404 9536
WARNING 2026-06-05 09:25:07,400 basehttp 10232 9076 "GET /ws/notifications/?token=eyJhbGciOiJIUzI1NiIsInR5cCI6IkpXVCJ9.eyJ0b2tlbl90eXBlIjoiYWNjZXNzIiwiZXhwIjoxNzgwOTkzNzA0LCJpYXQiOjE3ODA1NjE3MDQsImp0aSI6ImY0Nzk4M2RlZWUzOTQ3OGRiMjIyMzE5ZWQ0NDYzY2ZiIiwidXNlcl9pZCI6IjMifQ.2Jw0cKQIV136ovC-V7bgqKYbuFAA9ksGwhwaeh88WpE HTTP/1.1" 404 9536
WARNING 2026-06-05 09:25:12,769 basehttp 10232 16836 "GET /ws/notifications/?token=eyJhbGciOiJIUzI1NiIsInR5cCI6IkpXVCJ9.eyJ0b2tlbl90eXBlIjoiYWNjZXNzIiwiZXhwIjoxNzgwOTkzNzA0LCJpYXQiOjE3ODA1NjE3MDQsImp0aSI6ImY0Nzk4M2RlZWUzOTQ3OGRiMjIyMzE5ZWQ0NDYzY2ZiIiwidXNlcl9pZCI6IjMifQ.2Jw0cKQIV136ovC-V7bgqKYbuFAA9ksGwhwaeh88WpE HTTP/1.1" 404 9536
WARNING 2026-06-05 09:25:18,144 basehttp 10232 16668 "GET /ws/notifications/?token=eyJhbGciOiJIUzI1NiIsInR5cCI6IkpXVCJ9.eyJ0b2tlbl90eXBlIjoiYWNjZXNzIiwiZXhwIjoxNzgwOTkzNzA0LCJpYXQiOjE3ODA1NjE3MDQsImp0aSI6ImY0Nzk4M2RlZWUzOTQ3OGRiMjIyMzE5ZWQ0NDYzY2ZiIiwidXNlcl9pZCI6IjMifQ.2Jw0cKQIV136ovC-V7bgqKYbuFAA9ksGwhwaeh88WpE HTTP/1.1" 404 9536
WARNING 2026-06-05 09:25:23,838 basehttp 10232 17904 "GET /ws/notifications/?token=eyJhbGciOiJIUzI1NiIsInR5cCI6IkpXVCJ9.eyJ0b2tlbl90eXBlIjoiYWNjZXNzIiwiZXhwIjoxNzgwOTkzNzA0LCJpYXQiOjE3ODA1NjE3MDQsImp0aSI6ImY0Nzk4M2RlZWUzOTQ3OGRiMjIyMzE5ZWQ0NDYzY2ZiIiwidXNlcl9pZCI6IjMifQ.2Jw0cKQIV136ovC-V7bgqKYbuFAA9ksGwhwaeh88WpE HTTP/1.1" 404 9536
WARNING 2026-06-05 09:25:29,237 basehttp 10232 14688 "GET /ws/notifications/?token=eyJhbGciOiJIUzI1NiIsInR5cCI6IkpXVCJ9.eyJ0b2tlbl90eXBlIjoiYWNjZXNzIiwiZXhwIjoxNzgwOTkzNzA0LCJpYXQiOjE3ODA1NjE3MDQsImp0aSI6ImY0Nzk4M2RlZWUzOTQ3OGRiMjIyMzE5ZWQ0NDYzY2ZiIiwidXNlcl9pZCI6IjMifQ.2Jw0cKQIV136ovC-V7bgqKYbuFAA9ksGwhwaeh88WpE HTTP/1.1" 404 9536
WARNING 2026-06-05 09:25:34,561 basehttp 10232 17756 "GET /ws/notifications/?token=eyJhbGciOiJIUzI1NiIsInR5cCI6IkpXVCJ9.eyJ0b2tlbl90eXBlIjoiYWNjZXNzIiwiZXhwIjoxNzgwOTkzNzA0LCJpYXQiOjE3ODA1NjE3MDQsImp0aSI6ImY0Nzk4M2RlZWUzOTQ3OGRiMjIyMzE5ZWQ0NDYzY2ZiIiwidXNlcl9pZCI6IjMifQ.2Jw0cKQIV136ovC-V7bgqKYbuFAA9ksGwhwaeh88WpE HTTP/1.1" 404 9536
WARNING 2026-06-05 09:25:38,541 basehttp 10232 15652 "GET /ws/notifications/?token=eyJhbGciOiJIUzI1NiIsInR5cCI6IkpXVCJ9.eyJ0b2tlbl90eXBlIjoiYWNjZXNzIiwiZXhwIjoxNzgwOTkzNzA0LCJpYXQiOjE3ODA1NjE3MDQsImp0aSI6ImY0Nzk4M2RlZWUzOTQ3OGRiMjIyMzE5ZWQ0NDYzY2ZiIiwidXNlcl9pZCI6IjMifQ.2Jw0cKQIV136ovC-V7bgqKYbuFAA9ksGwhwaeh88WpE HTTP/1.1" 404 9536
WARNING 2026-06-05 09:25:44,252 basehttp 10232 17024 "GET /ws/notifications/?token=eyJhbGciOiJIUzI1NiIsInR5cCI6IkpXVCJ9.eyJ0b2tlbl90eXBlIjoiYWNjZXNzIiwiZXhwIjoxNzgwOTkzNzA0LCJpYXQiOjE3ODA1NjE3MDQsImp0aSI6ImY0Nzk4M2RlZWUzOTQ3OGRiMjIyMzE5ZWQ0NDYzY2ZiIiwidXNlcl9pZCI6IjMifQ.2Jw0cKQIV136ovC-V7bgqKYbuFAA9ksGwhwaeh88WpE HTTP/1.1" 404 9536
WARNING 2026-06-05 09:25:50,182 basehttp 10232 12688 "GET /ws/notifications/?token=eyJhbGciOiJIUzI1NiIsInR5cCI6IkpXVCJ9.eyJ0b2tlbl90eXBlIjoiYWNjZXNzIiwiZXhwIjoxNzgwOTkzNzA0LCJpYXQiOjE3ODA1NjE3MDQsImp0aSI6ImY0Nzk4M2RlZWUzOTQ3OGRiMjIyMzE5ZWQ0NDYzY2ZiIiwidXNlcl9pZCI6IjMifQ.2Jw0cKQIV136ovC-V7bgqKYbuFAA9ksGwhwaeh88WpE HTTP/1.1" 404 9536
WARNING 2026-06-05 09:25:53,919 basehttp 10232 13232 "GET /ws/notifications/?token=eyJhbGciOiJIUzI1NiIsInR5cCI6IkpXVCJ9.eyJ0b2tlbl90eXBlIjoiYWNjZXNzIiwiZXhwIjoxNzgwOTkzNzA0LCJpYXQiOjE3ODA1NjE3MDQsImp0aSI6ImY0Nzk4M2RlZWUzOTQ3OGRiMjIyMzE5ZWQ0NDYzY2ZiIiwidXNlcl9pZCI6IjMifQ.2Jw0cKQIV136ovC-V7bgqKYbuFAA9ksGwhwaeh88WpE HTTP/1.1" 404 9536
WARNING 2026-06-05 09:25:55,793 basehttp 10232 10496 "GET /chat/unread-counts/ HTTP/1.1" 404 9304
WARNING 2026-06-05 09:26:00,758 basehttp 10232 13608 "GET /ws/notifications/?token=eyJhbGciOiJIUzI1NiIsInR5cCI6IkpXVCJ9.eyJ0b2tlbl90eXBlIjoiYWNjZXNzIiwiZXhwIjoxNzgwOTkzNzA0LCJpYXQiOjE3ODA1NjE3MDQsImp0aSI6ImY0Nzk4M2RlZWUzOTQ3OGRiMjIyMzE5ZWQ0NDYzY2ZiIiwidXNlcl9pZCI6IjMifQ.2Jw0cKQIV136ovC-V7bgqKYbuFAA9ksGwhwaeh88WpE HTTP/1.1" 404 9536
WARNING 2026-06-05 09:26:06,853 basehttp 10232 13868 "GET /ws/notifications/?token=eyJhbGciOiJIUzI1NiIsInR5cCI6IkpXVCJ9.eyJ0b2tlbl90eXBlIjoiYWNjZXNzIiwiZXhwIjoxNzgwOTkzNzA0LCJpYXQiOjE3ODA1NjE3MDQsImp0aSI6ImY0Nzk4M2RlZWUzOTQ3OGRiMjIyMzE5ZWQ0NDYzY2ZiIiwidXNlcl9pZCI6IjMifQ.2Jw0cKQIV136ovC-V7bgqKYbuFAA9ksGwhwaeh88WpE HTTP/1.1" 404 9536
WARNING 2026-06-05 09:26:15,088 basehttp 10232 16960 "GET /ws/notifications/?token=eyJhbGciOiJIUzI1NiIsInR5cCI6IkpXVCJ9.eyJ0b2tlbl90eXBlIjoiYWNjZXNzIiwiZXhwIjoxNzgwOTkzNzA0LCJpYXQiOjE3ODA1NjE3MDQsImp0aSI6ImY0Nzk4M2RlZWUzOTQ3OGRiMjIyMzE5ZWQ0NDYzY2ZiIiwidXNlcl9pZCI6IjMifQ.2Jw0cKQIV136ovC-V7bgqKYbuFAA9ksGwhwaeh88WpE HTTP/1.1" 404 9536
WARNING 2026-06-05 09:26:22,820 basehttp 10232 13884 "GET /ws/notifications/?token=eyJhbGciOiJIUzI1NiIsInR5cCI6IkpXVCJ9.eyJ0b2tlbl90eXBlIjoiYWNjZXNzIiwiZXhwIjoxNzgwOTkzNzA0LCJpYXQiOjE3ODA1NjE3MDQsImp0aSI6ImY0Nzk4M2RlZWUzOTQ3OGRiMjIyMzE5ZWQ0NDYzY2ZiIiwidXNlcl9pZCI6IjMifQ.2Jw0cKQIV136ovC-V7bgqKYbuFAA9ksGwhwaeh88WpE HTTP/1.1" 404 9536
WARNING 2026-06-05 09:26:32,396 basehttp 10232 2808 "GET /ws/notifications/?token=eyJhbGciOiJIUzI1NiIsInR5cCI6IkpXVCJ9.eyJ0b2tlbl90eXBlIjoiYWNjZXNzIiwiZXhwIjoxNzgwOTkzNzA0LCJpYXQiOjE3ODA1NjE3MDQsImp0aSI6ImY0Nzk4M2RlZWUzOTQ3OGRiMjIyMzE5ZWQ0NDYzY2ZiIiwidXNlcl9pZCI6IjMifQ.2Jw0cKQIV136ovC-V7bgqKYbuFAA9ksGwhwaeh88WpE HTTP/1.1" 404 9536
WARNING 2026-06-05 09:29:30,688 basehttp 10232 10496 "GET /chat/unread-counts/ HTTP/1.1" 404 9304
WARNING 2026-06-05 09:29:31,747 basehttp 10232 8328 "GET /ws/notifications/?token=eyJhbGciOiJIUzI1NiIsInR5cCI6IkpXVCJ9.eyJ0b2tlbl90eXBlIjoiYWNjZXNzIiwiZXhwIjoxNzgwOTkzNzA0LCJpYXQiOjE3ODA1NjE3MDQsImp0aSI6ImY0Nzk4M2RlZWUzOTQ3OGRiMjIyMzE5ZWQ0NDYzY2ZiIiwidXNlcl9pZCI6IjMifQ.2Jw0cKQIV136ovC-V7bgqKYbuFAA9ksGwhwaeh88WpE HTTP/1.1" 404 9536
WARNING 2026-06-05 09:29:33,724 basehttp 10232 12340 "GET /ws/notifications/?token=eyJhbGciOiJIUzI1NiIsInR5cCI6IkpXVCJ9.eyJ0b2tlbl90eXBlIjoiYWNjZXNzIiwiZXhwIjoxNzgwOTkzNzA0LCJpYXQiOjE3ODA1NjE3MDQsImp0aSI6ImY0Nzk4M2RlZWUzOTQ3OGRiMjIyMzE5ZWQ0NDYzY2ZiIiwidXNlcl9pZCI6IjMifQ.2Jw0cKQIV136ovC-V7bgqKYbuFAA9ksGwhwaeh88WpE HTTP/1.1" 404 9536
WARNING 2026-06-05 09:29:35,727 basehttp 10232 8552 "GET /ws/notifications/?token=eyJhbGciOiJIUzI1NiIsInR5cCI6IkpXVCJ9.eyJ0b2tlbl90eXBlIjoiYWNjZXNzIiwiZXhwIjoxNzgwOTkzNzA0LCJpYXQiOjE3ODA1NjE3MDQsImp0aSI6ImY0Nzk4M2RlZWUzOTQ3OGRiMjIyMzE5ZWQ0NDYzY2ZiIiwidXNlcl9pZCI6IjMifQ.2Jw0cKQIV136ovC-V7bgqKYbuFAA9ksGwhwaeh88WpE HTTP/1.1" 404 9536
WARNING 2026-06-05 09:29:37,746 basehttp 10232 9076 "GET /ws/notifications/?token=eyJhbGciOiJIUzI1NiIsInR5cCI6IkpXVCJ9.eyJ0b2tlbl90eXBlIjoiYWNjZXNzIiwiZXhwIjoxNzgwOTkzNzA0LCJpYXQiOjE3ODA1NjE3MDQsImp0aSI6ImY0Nzk4M2RlZWUzOTQ3OGRiMjIyMzE5ZWQ0NDYzY2ZiIiwidXNlcl9pZCI6IjMifQ.2Jw0cKQIV136ovC-V7bgqKYbuFAA9ksGwhwaeh88WpE HTTP/1.1" 404 9536
WARNING 2026-06-05 09:29:39,725 basehttp 10232 12448 "GET /ws/notifications/?token=eyJhbGciOiJIUzI1NiIsInR5cCI6IkpXVCJ9.eyJ0b2tlbl90eXBlIjoiYWNjZXNzIiwiZXhwIjoxNzgwOTkzNzA0LCJpYXQiOjE3ODA1NjE3MDQsImp0aSI6ImY0Nzk4M2RlZWUzOTQ3OGRiMjIyMzE5ZWQ0NDYzY2ZiIiwidXNlcl9pZCI6IjMifQ.2Jw0cKQIV136ovC-V7bgqKYbuFAA9ksGwhwaeh88WpE HTTP/1.1" 404 9536
WARNING 2026-06-05 09:29:41,749 basehttp 10232 12040 "GET /ws/notifications/?token=eyJhbGciOiJIUzI1NiIsInR5cCI6IkpXVCJ9.eyJ0b2tlbl90eXBlIjoiYWNjZXNzIiwiZXhwIjoxNzgwOTkzNzA0LCJpYXQiOjE3ODA1NjE3MDQsImp0aSI6ImY0Nzk4M2RlZWUzOTQ3OGRiMjIyMzE5ZWQ0NDYzY2ZiIiwidXNlcl9pZCI6IjMifQ.2Jw0cKQIV136ovC-V7bgqKYbuFAA9ksGwhwaeh88WpE HTTP/1.1" 404 9536
WARNING 2026-06-05 09:29:43,755 basehttp 10232 14532 "GET /ws/notifications/?token=eyJhbGciOiJIUzI1NiIsInR5cCI6IkpXVCJ9.eyJ0b2tlbl90eXBlIjoiYWNjZXNzIiwiZXhwIjoxNzgwOTkzNzA0LCJpYXQiOjE3ODA1NjE3MDQsImp0aSI6ImY0Nzk4M2RlZWUzOTQ3OGRiMjIyMzE5ZWQ0NDYzY2ZiIiwidXNlcl9pZCI6IjMifQ.2Jw0cKQIV136ovC-V7bgqKYbuFAA9ksGwhwaeh88WpE HTTP/1.1" 404 9536
WARNING 2026-06-05 09:29:45,727 basehttp 10232 1588 "GET /ws/notifications/?token=eyJhbGciOiJIUzI1NiIsInR5cCI6IkpXVCJ9.eyJ0b2tlbl90eXBlIjoiYWNjZXNzIiwiZXhwIjoxNzgwOTkzNzA0LCJpYXQiOjE3ODA1NjE3MDQsImp0aSI6ImY0Nzk4M2RlZWUzOTQ3OGRiMjIyMzE5ZWQ0NDYzY2ZiIiwidXNlcl9pZCI6IjMifQ.2Jw0cKQIV136ovC-V7bgqKYbuFAA9ksGwhwaeh88WpE HTTP/1.1" 404 9536
WARNING 2026-06-05 09:29:47,747 basehttp 10232 18088 "GET /ws/notifications/?token=eyJhbGciOiJIUzI1NiIsInR5cCI6IkpXVCJ9.eyJ0b2tlbl90eXBlIjoiYWNjZXNzIiwiZXhwIjoxNzgwOTkzNzA0LCJpYXQiOjE3ODA1NjE3MDQsImp0aSI6ImY0Nzk4M2RlZWUzOTQ3OGRiMjIyMzE5ZWQ0NDYzY2ZiIiwidXNlcl9pZCI6IjMifQ.2Jw0cKQIV136ovC-V7bgqKYbuFAA9ksGwhwaeh88WpE HTTP/1.1" 404 9536
WARNING 2026-06-05 09:29:49,751 basehttp 10232 17240 "GET /ws/notifications/?token=eyJhbGciOiJIUzI1NiIsInR5cCI6IkpXVCJ9.eyJ0b2tlbl90eXBlIjoiYWNjZXNzIiwiZXhwIjoxNzgwOTkzNzA0LCJpYXQiOjE3ODA1NjE3MDQsImp0aSI6ImY0Nzk4M2RlZWUzOTQ3OGRiMjIyMzE5ZWQ0NDYzY2ZiIiwidXNlcl9pZCI6IjMifQ.2Jw0cKQIV136ovC-V7bgqKYbuFAA9ksGwhwaeh88WpE HTTP/1.1" 404 9536
WARNING 2026-06-05 09:29:51,773 basehttp 10232 12964 "GET /ws/notifications/?token=eyJhbGciOiJIUzI1NiIsInR5cCI6IkpXVCJ9.eyJ0b2tlbl90eXBlIjoiYWNjZXNzIiwiZXhwIjoxNzgwOTkzNzA0LCJpYXQiOjE3ODA1NjE3MDQsImp0aSI6ImY0Nzk4M2RlZWUzOTQ3OGRiMjIyMzE5ZWQ0NDYzY2ZiIiwidXNlcl9pZCI6IjMifQ.2Jw0cKQIV136ovC-V7bgqKYbuFAA9ksGwhwaeh88WpE HTTP/1.1" 404 9536
WARNING 2026-06-05 09:29:53,792 basehttp 10232 17964 "GET /ws/notifications/?token=eyJhbGciOiJIUzI1NiIsInR5cCI6IkpXVCJ9.eyJ0b2tlbl90eXBlIjoiYWNjZXNzIiwiZXhwIjoxNzgwOTkzNzA0LCJpYXQiOjE3ODA1NjE3MDQsImp0aSI6ImY0Nzk4M2RlZWUzOTQ3OGRiMjIyMzE5ZWQ0NDYzY2ZiIiwidXNlcl9pZCI6IjMifQ.2Jw0cKQIV136ovC-V7bgqKYbuFAA9ksGwhwaeh88WpE HTTP/1.1" 404 9536
WARNING 2026-06-05 09:29:55,719 basehttp 10232 10496 "GET /chat/unread-counts/ HTTP/1.1" 404 9304
WARNING 2026-06-05 09:29:55,944 basehttp 10232 12480 "GET /ws/notifications/?token=eyJhbGciOiJIUzI1NiIsInR5cCI6IkpXVCJ9.eyJ0b2tlbl90eXBlIjoiYWNjZXNzIiwiZXhwIjoxNzgwOTkzNzA0LCJpYXQiOjE3ODA1NjE3MDQsImp0aSI6ImY0Nzk4M2RlZWUzOTQ3OGRiMjIyMzE5ZWQ0NDYzY2ZiIiwidXNlcl9pZCI6IjMifQ.2Jw0cKQIV136ovC-V7bgqKYbuFAA9ksGwhwaeh88WpE HTTP/1.1" 404 9536
WARNING 2026-06-05 09:29:57,876 basehttp 10232 18392 "GET /ws/notifications/?token=eyJhbGciOiJIUzI1NiIsInR5cCI6IkpXVCJ9.eyJ0b2tlbl90eXBlIjoiYWNjZXNzIiwiZXhwIjoxNzgwOTkzNzA0LCJpYXQiOjE3ODA1NjE3MDQsImp0aSI6ImY0Nzk4M2RlZWUzOTQ3OGRiMjIyMzE5ZWQ0NDYzY2ZiIiwidXNlcl9pZCI6IjMifQ.2Jw0cKQIV136ovC-V7bgqKYbuFAA9ksGwhwaeh88WpE HTTP/1.1" 404 9536
WARNING 2026-06-05 09:30:00,887 basehttp 10232 16076 "GET /ws/notifications/?token=eyJhbGciOiJIUzI1NiIsInR5cCI6IkpXVCJ9.eyJ0b2tlbl90eXBlIjoiYWNjZXNzIiwiZXhwIjoxNzgwOTkzNzA0LCJpYXQiOjE3ODA1NjE3MDQsImp0aSI6ImY0Nzk4M2RlZWUzOTQ3OGRiMjIyMzE5ZWQ0NDYzY2ZiIiwidXNlcl9pZCI6IjMifQ.2Jw0cKQIV136ovC-V7bgqKYbuFAA9ksGwhwaeh88WpE HTTP/1.1" 404 9536
WARNING 2026-06-05 09:30:04,791 basehttp 10232 17192 "GET /ws/notifications/?token=eyJhbGciOiJIUzI1NiIsInR5cCI6IkpXVCJ9.eyJ0b2tlbl90eXBlIjoiYWNjZXNzIiwiZXhwIjoxNzgwOTkzNzA0LCJpYXQiOjE3ODA1NjE3MDQsImp0aSI6ImY0Nzk4M2RlZWUzOTQ3OGRiMjIyMzE5ZWQ0NDYzY2ZiIiwidXNlcl9pZCI6IjMifQ.2Jw0cKQIV136ovC-V7bgqKYbuFAA9ksGwhwaeh88WpE HTTP/1.1" 404 9536
WARNING 2026-06-05 09:30:08,854 basehttp 10232 17864 "GET /ws/notifications/?token=eyJhbGciOiJIUzI1NiIsInR5cCI6IkpXVCJ9.eyJ0b2tlbl90eXBlIjoiYWNjZXNzIiwiZXhwIjoxNzgwOTkzNzA0LCJpYXQiOjE3ODA1NjE3MDQsImp0aSI6ImY0Nzk4M2RlZWUzOTQ3OGRiMjIyMzE5ZWQ0NDYzY2ZiIiwidXNlcl9pZCI6IjMifQ.2Jw0cKQIV136ovC-V7bgqKYbuFAA9ksGwhwaeh88WpE HTTP/1.1" 404 9536
WARNING 2026-06-05 09:30:11,730 basehttp 10232 12220 "GET /ws/notifications/?token=eyJhbGciOiJIUzI1NiIsInR5cCI6IkpXVCJ9.eyJ0b2tlbl90eXBlIjoiYWNjZXNzIiwiZXhwIjoxNzgwOTkzNzA0LCJpYXQiOjE3ODA1NjE3MDQsImp0aSI6ImY0Nzk4M2RlZWUzOTQ3OGRiMjIyMzE5ZWQ0NDYzY2ZiIiwidXNlcl9pZCI6IjMifQ.2Jw0cKQIV136ovC-V7bgqKYbuFAA9ksGwhwaeh88WpE HTTP/1.1" 404 9536
WARNING 2026-06-05 09:30:15,647 basehttp 10232 13056 "GET /ws/notifications/?token=eyJhbGciOiJIUzI1NiIsInR5cCI6IkpXVCJ9.eyJ0b2tlbl90eXBlIjoiYWNjZXNzIiwiZXhwIjoxNzgwOTkzNzA0LCJpYXQiOjE3ODA1NjE3MDQsImp0aSI6ImY0Nzk4M2RlZWUzOTQ3OGRiMjIyMzE5ZWQ0NDYzY2ZiIiwidXNlcl9pZCI6IjMifQ.2Jw0cKQIV136ovC-V7bgqKYbuFAA9ksGwhwaeh88WpE HTTP/1.1" 404 9536
WARNING 2026-06-05 09:30:21,197 basehttp 10232 12296 "GET /ws/notifications/?token=eyJhbGciOiJIUzI1NiIsInR5cCI6IkpXVCJ9.eyJ0b2tlbl90eXBlIjoiYWNjZXNzIiwiZXhwIjoxNzgwOTkzNzA0LCJpYXQiOjE3ODA1NjE3MDQsImp0aSI6ImY0Nzk4M2RlZWUzOTQ3OGRiMjIyMzE5ZWQ0NDYzY2ZiIiwidXNlcl9pZCI6IjMifQ.2Jw0cKQIV136ovC-V7bgqKYbuFAA9ksGwhwaeh88WpE HTTP/1.1" 404 9536
WARNING 2026-06-05 09:30:25,813 basehttp 10232 1524 "GET /ws/notifications/?token=eyJhbGciOiJIUzI1NiIsInR5cCI6IkpXVCJ9.eyJ0b2tlbl90eXBlIjoiYWNjZXNzIiwiZXhwIjoxNzgwOTkzNzA0LCJpYXQiOjE3ODA1NjE3MDQsImp0aSI6ImY0Nzk4M2RlZWUzOTQ3OGRiMjIyMzE5ZWQ0NDYzY2ZiIiwidXNlcl9pZCI6IjMifQ.2Jw0cKQIV136ovC-V7bgqKYbuFAA9ksGwhwaeh88WpE HTTP/1.1" 404 9536
WARNING 2026-06-05 09:30:30,215 basehttp 10232 16800 "GET /ws/notifications/?token=eyJhbGciOiJIUzI1NiIsInR5cCI6IkpXVCJ9.eyJ0b2tlbl90eXBlIjoiYWNjZXNzIiwiZXhwIjoxNzgwOTkzNzA0LCJpYXQiOjE3ODA1NjE3MDQsImp0aSI6ImY0Nzk4M2RlZWUzOTQ3OGRiMjIyMzE5ZWQ0NDYzY2ZiIiwidXNlcl9pZCI6IjMifQ.2Jw0cKQIV136ovC-V7bgqKYbuFAA9ksGwhwaeh88WpE HTTP/1.1" 404 9536
WARNING 2026-06-05 09:30:35,682 basehttp 10232 15148 "GET /ws/notifications/?token=eyJhbGciOiJIUzI1NiIsInR5cCI6IkpXVCJ9.eyJ0b2tlbl90eXBlIjoiYWNjZXNzIiwiZXhwIjoxNzgwOTkzNzA0LCJpYXQiOjE3ODA1NjE3MDQsImp0aSI6ImY0Nzk4M2RlZWUzOTQ3OGRiMjIyMzE5ZWQ0NDYzY2ZiIiwidXNlcl9pZCI6IjMifQ.2Jw0cKQIV136ovC-V7bgqKYbuFAA9ksGwhwaeh88WpE HTTP/1.1" 404 9536
WARNING 2026-06-05 09:30:39,094 basehttp 10232 6940 "GET /ws/notifications/?token=eyJhbGciOiJIUzI1NiIsInR5cCI6IkpXVCJ9.eyJ0b2tlbl90eXBlIjoiYWNjZXNzIiwiZXhwIjoxNzgwOTkzNzA0LCJpYXQiOjE3ODA1NjE3MDQsImp0aSI6ImY0Nzk4M2RlZWUzOTQ3OGRiMjIyMzE5ZWQ0NDYzY2ZiIiwidXNlcl9pZCI6IjMifQ.2Jw0cKQIV136ovC-V7bgqKYbuFAA9ksGwhwaeh88WpE HTTP/1.1" 404 9536
WARNING 2026-06-05 09:30:44,513 basehttp 10232 12512 "GET /ws/notifications/?token=eyJhbGciOiJIUzI1NiIsInR5cCI6IkpXVCJ9.eyJ0b2tlbl90eXBlIjoiYWNjZXNzIiwiZXhwIjoxNzgwOTkzNzA0LCJpYXQiOjE3ODA1NjE3MDQsImp0aSI6ImY0Nzk4M2RlZWUzOTQ3OGRiMjIyMzE5ZWQ0NDYzY2ZiIiwidXNlcl9pZCI6IjMifQ.2Jw0cKQIV136ovC-V7bgqKYbuFAA9ksGwhwaeh88WpE HTTP/1.1" 404 9536
WARNING 2026-06-05 09:30:50,133 basehttp 10232 14484 "GET /ws/notifications/?token=eyJhbGciOiJIUzI1NiIsInR5cCI6IkpXVCJ9.eyJ0b2tlbl90eXBlIjoiYWNjZXNzIiwiZXhwIjoxNzgwOTkzNzA0LCJpYXQiOjE3ODA1NjE3MDQsImp0aSI6ImY0Nzk4M2RlZWUzOTQ3OGRiMjIyMzE5ZWQ0NDYzY2ZiIiwidXNlcl9pZCI6IjMifQ.2Jw0cKQIV136ovC-V7bgqKYbuFAA9ksGwhwaeh88WpE HTTP/1.1" 404 9536
WARNING 2026-06-05 09:30:55,717 basehttp 10232 10496 "GET /chat/unread-counts/ HTTP/1.1" 404 9304
WARNING 2026-06-05 09:30:56,394 basehttp 10232 14744 "GET /ws/notifications/?token=eyJhbGciOiJIUzI1NiIsInR5cCI6IkpXVCJ9.eyJ0b2tlbl90eXBlIjoiYWNjZXNzIiwiZXhwIjoxNzgwOTkzNzA0LCJpYXQiOjE3ODA1NjE3MDQsImp0aSI6ImY0Nzk4M2RlZWUzOTQ3OGRiMjIyMzE5ZWQ0NDYzY2ZiIiwidXNlcl9pZCI6IjMifQ.2Jw0cKQIV136ovC-V7bgqKYbuFAA9ksGwhwaeh88WpE HTTP/1.1" 404 9536
WARNING 2026-06-05 09:31:02,076 basehttp 10232 16472 "GET /ws/notifications/?token=eyJhbGciOiJIUzI1NiIsInR5cCI6IkpXVCJ9.eyJ0b2tlbl90eXBlIjoiYWNjZXNzIiwiZXhwIjoxNzgwOTkzNzA0LCJpYXQiOjE3ODA1NjE3MDQsImp0aSI6ImY0Nzk4M2RlZWUzOTQ3OGRiMjIyMzE5ZWQ0NDYzY2ZiIiwidXNlcl9pZCI6IjMifQ.2Jw0cKQIV136ovC-V7bgqKYbuFAA9ksGwhwaeh88WpE HTTP/1.1" 404 9536
WARNING 2026-06-05 09:31:08,284 basehttp 10232 17468 "GET /ws/notifications/?token=eyJhbGciOiJIUzI1NiIsInR5cCI6IkpXVCJ9.eyJ0b2tlbl90eXBlIjoiYWNjZXNzIiwiZXhwIjoxNzgwOTkzNzA0LCJpYXQiOjE3ODA1NjE3MDQsImp0aSI6ImY0Nzk4M2RlZWUzOTQ3OGRiMjIyMzE5ZWQ0NDYzY2ZiIiwidXNlcl9pZCI6IjMifQ.2Jw0cKQIV136ovC-V7bgqKYbuFAA9ksGwhwaeh88WpE HTTP/1.1" 404 9536
WARNING 2026-06-05 09:31:11,103 basehttp 10232 14876 "GET /ws/notifications/?token=eyJhbGciOiJIUzI1NiIsInR5cCI6IkpXVCJ9.eyJ0b2tlbl90eXBlIjoiYWNjZXNzIiwiZXhwIjoxNzgwOTkzNzA0LCJpYXQiOjE3ODA1NjE3MDQsImp0aSI6ImY0Nzk4M2RlZWUzOTQ3OGRiMjIyMzE5ZWQ0NDYzY2ZiIiwidXNlcl9pZCI6IjMifQ.2Jw0cKQIV136ovC-V7bgqKYbuFAA9ksGwhwaeh88WpE HTTP/1.1" 404 9536
INFO 2026-06-05 09:31:11,110 basehttp 10232 14876 - Broken pipe from ('127.0.0.1', 52060)
WARNING 2026-06-05 09:31:17,711 basehttp 10232 18412 "GET /ws/notifications/?token=eyJhbGciOiJIUzI1NiIsInR5cCI6IkpXVCJ9.eyJ0b2tlbl90eXBlIjoiYWNjZXNzIiwiZXhwIjoxNzgwOTkzNzA0LCJpYXQiOjE3ODA1NjE3MDQsImp0aSI6ImY0Nzk4M2RlZWUzOTQ3OGRiMjIyMzE5ZWQ0NDYzY2ZiIiwidXNlcl9pZCI6IjMifQ.2Jw0cKQIV136ovC-V7bgqKYbuFAA9ksGwhwaeh88WpE HTTP/1.1" 404 9536
WARNING 2026-06-05 09:31:21,373 basehttp 10232 14424 "GET /ws/notifications/?token=eyJhbGciOiJIUzI1NiIsInR5cCI6IkpXVCJ9.eyJ0b2tlbl90eXBlIjoiYWNjZXNzIiwiZXhwIjoxNzgwOTkzNzA0LCJpYXQiOjE3ODA1NjE3MDQsImp0aSI6ImY0Nzk4M2RlZWUzOTQ3OGRiMjIyMzE5ZWQ0NDYzY2ZiIiwidXNlcl9pZCI6IjMifQ.2Jw0cKQIV136ovC-V7bgqKYbuFAA9ksGwhwaeh88WpE HTTP/1.1" 404 9536
WARNING 2026-06-05 09:31:25,978 basehttp 10232 17332 "GET /ws/notifications/?token=eyJhbGciOiJIUzI1NiIsInR5cCI6IkpXVCJ9.eyJ0b2tlbl90eXBlIjoiYWNjZXNzIiwiZXhwIjoxNzgwOTkzNzA0LCJpYXQiOjE3ODA1NjE3MDQsImp0aSI6ImY0Nzk4M2RlZWUzOTQ3OGRiMjIyMzE5ZWQ0NDYzY2ZiIiwidXNlcl9pZCI6IjMifQ.2Jw0cKQIV136ovC-V7bgqKYbuFAA9ksGwhwaeh88WpE HTTP/1.1" 404 9536
WARNING 2026-06-05 09:31:31,786 basehttp 10232 11996 "GET /ws/notifications/?token=eyJhbGciOiJIUzI1NiIsInR5cCI6IkpXVCJ9.eyJ0b2tlbl90eXBlIjoiYWNjZXNzIiwiZXhwIjoxNzgwOTkzNzA0LCJpYXQiOjE3ODA1NjE3MDQsImp0aSI6ImY0Nzk4M2RlZWUzOTQ3OGRiMjIyMzE5ZWQ0NDYzY2ZiIiwidXNlcl9pZCI6IjMifQ.2Jw0cKQIV136ovC-V7bgqKYbuFAA9ksGwhwaeh88WpE HTTP/1.1" 404 9536
WARNING 2026-06-05 09:31:38,362 basehttp 10232 17804 "GET /ws/notifications/?token=eyJhbGciOiJIUzI1NiIsInR5cCI6IkpXVCJ9.eyJ0b2tlbl90eXBlIjoiYWNjZXNzIiwiZXhwIjoxNzgwOTkzNzA0LCJpYXQiOjE3ODA1NjE3MDQsImp0aSI6ImY0Nzk4M2RlZWUzOTQ3OGRiMjIyMzE5ZWQ0NDYzY2ZiIiwidXNlcl9pZCI6IjMifQ.2Jw0cKQIV136ovC-V7bgqKYbuFAA9ksGwhwaeh88WpE HTTP/1.1" 404 9536
WARNING 2026-06-05 09:31:42,362 basehttp 10232 5712 "GET /ws/notifications/?token=eyJhbGciOiJIUzI1NiIsInR5cCI6IkpXVCJ9.eyJ0b2tlbl90eXBlIjoiYWNjZXNzIiwiZXhwIjoxNzgwOTkzNzA0LCJpYXQiOjE3ODA1NjE3MDQsImp0aSI6ImY0Nzk4M2RlZWUzOTQ3OGRiMjIyMzE5ZWQ0NDYzY2ZiIiwidXNlcl9pZCI6IjMifQ.2Jw0cKQIV136ovC-V7bgqKYbuFAA9ksGwhwaeh88WpE HTTP/1.1" 404 9536
WARNING 2026-06-05 09:31:47,269 basehttp 10232 17860 "GET /ws/notifications/?token=eyJhbGciOiJIUzI1NiIsInR5cCI6IkpXVCJ9.eyJ0b2tlbl90eXBlIjoiYWNjZXNzIiwiZXhwIjoxNzgwOTkzNzA0LCJpYXQiOjE3ODA1NjE3MDQsImp0aSI6ImY0Nzk4M2RlZWUzOTQ3OGRiMjIyMzE5ZWQ0NDYzY2ZiIiwidXNlcl9pZCI6IjMifQ.2Jw0cKQIV136ovC-V7bgqKYbuFAA9ksGwhwaeh88WpE HTTP/1.1" 404 9536
WARNING 2026-06-05 09:31:53,065 basehttp 10232 17476 "GET /ws/notifications/?token=eyJhbGciOiJIUzI1NiIsInR5cCI6IkpXVCJ9.eyJ0b2tlbl90eXBlIjoiYWNjZXNzIiwiZXhwIjoxNzgwOTkzNzA0LCJpYXQiOjE3ODA1NjE3MDQsImp0aSI6ImY0Nzk4M2RlZWUzOTQ3OGRiMjIyMzE5ZWQ0NDYzY2ZiIiwidXNlcl9pZCI6IjMifQ.2Jw0cKQIV136ovC-V7bgqKYbuFAA9ksGwhwaeh88WpE HTTP/1.1" 404 9536
WARNING 2026-06-05 09:31:55,713 basehttp 10232 10496 "GET /chat/unread-counts/ HTTP/1.1" 404 9304
WARNING 2026-06-05 09:31:57,608 basehttp 10232 13232 "GET /ws/notifications/?token=eyJhbGciOiJIUzI1NiIsInR5cCI6IkpXVCJ9.eyJ0b2tlbl90eXBlIjoiYWNjZXNzIiwiZXhwIjoxNzgwOTkzNzA0LCJpYXQiOjE3ODA1NjE3MDQsImp0aSI6ImY0Nzk4M2RlZWUzOTQ3OGRiMjIyMzE5ZWQ0NDYzY2ZiIiwidXNlcl9pZCI6IjMifQ.2Jw0cKQIV136ovC-V7bgqKYbuFAA9ksGwhwaeh88WpE HTTP/1.1" 404 9536
WARNING 2026-06-05 09:32:00,870 basehttp 10232 8232 "GET /ws/notifications/?token=eyJhbGciOiJIUzI1NiIsInR5cCI6IkpXVCJ9.eyJ0b2tlbl90eXBlIjoiYWNjZXNzIiwiZXhwIjoxNzgwOTkzNzA0LCJpYXQiOjE3ODA1NjE3MDQsImp0aSI6ImY0Nzk4M2RlZWUzOTQ3OGRiMjIyMzE5ZWQ0NDYzY2ZiIiwidXNlcl9pZCI6IjMifQ.2Jw0cKQIV136ovC-V7bgqKYbuFAA9ksGwhwaeh88WpE HTTP/1.1" 404 9536
WARNING 2026-06-05 09:32:05,664 basehttp 10232 12496 "GET /ws/notifications/?token=eyJhbGciOiJIUzI1NiIsInR5cCI6IkpXVCJ9.eyJ0b2tlbl90eXBlIjoiYWNjZXNzIiwiZXhwIjoxNzgwOTkzNzA0LCJpYXQiOjE3ODA1NjE3MDQsImp0aSI6ImY0Nzk4M2RlZWUzOTQ3OGRiMjIyMzE5ZWQ0NDYzY2ZiIiwidXNlcl9pZCI6IjMifQ.2Jw0cKQIV136ovC-V7bgqKYbuFAA9ksGwhwaeh88WpE HTTP/1.1" 404 9536
WARNING 2026-06-05 09:32:08,862 basehttp 10232 17540 "GET /ws/notifications/?token=eyJhbGciOiJIUzI1NiIsInR5cCI6IkpXVCJ9.eyJ0b2tlbl90eXBlIjoiYWNjZXNzIiwiZXhwIjoxNzgwOTkzNzA0LCJpYXQiOjE3ODA1NjE3MDQsImp0aSI6ImY0Nzk4M2RlZWUzOTQ3OGRiMjIyMzE5ZWQ0NDYzY2ZiIiwidXNlcl9pZCI6IjMifQ.2Jw0cKQIV136ovC-V7bgqKYbuFAA9ksGwhwaeh88WpE HTTP/1.1" 404 9536
WARNING 2026-06-05 09:32:13,453 basehttp 10232 13864 "GET /ws/notifications/?token=eyJhbGciOiJIUzI1NiIsInR5cCI6IkpXVCJ9.eyJ0b2tlbl90eXBlIjoiYWNjZXNzIiwiZXhwIjoxNzgwOTkzNzA0LCJpYXQiOjE3ODA1NjE3MDQsImp0aSI6ImY0Nzk4M2RlZWUzOTQ3OGRiMjIyMzE5ZWQ0NDYzY2ZiIiwidXNlcl9pZCI6IjMifQ.2Jw0cKQIV136ovC-V7bgqKYbuFAA9ksGwhwaeh88WpE HTTP/1.1" 404 9536
WARNING 2026-06-05 09:32:17,001 basehttp 10232 18320 "GET /ws/notifications/?token=eyJhbGciOiJIUzI1NiIsInR5cCI6IkpXVCJ9.eyJ0b2tlbl90eXBlIjoiYWNjZXNzIiwiZXhwIjoxNzgwOTkzNzA0LCJpYXQiOjE3ODA1NjE3MDQsImp0aSI6ImY0Nzk4M2RlZWUzOTQ3OGRiMjIyMzE5ZWQ0NDYzY2ZiIiwidXNlcl9pZCI6IjMifQ.2Jw0cKQIV136ovC-V7bgqKYbuFAA9ksGwhwaeh88WpE HTTP/1.1" 404 9536
WARNING 2026-06-05 09:32:23,597 basehttp 10232 9564 "GET /ws/notifications/?token=eyJhbGciOiJIUzI1NiIsInR5cCI6IkpXVCJ9.eyJ0b2tlbl90eXBlIjoiYWNjZXNzIiwiZXhwIjoxNzgwOTkzNzA0LCJpYXQiOjE3ODA1NjE3MDQsImp0aSI6ImY0Nzk4M2RlZWUzOTQ3OGRiMjIyMzE5ZWQ0NDYzY2ZiIiwidXNlcl9pZCI6IjMifQ.2Jw0cKQIV136ovC-V7bgqKYbuFAA9ksGwhwaeh88WpE HTTP/1.1" 404 9536
WARNING 2026-06-05 09:32:26,415 basehttp 10232 13904 "GET /ws/notifications/?token=eyJhbGciOiJIUzI1NiIsInR5cCI6IkpXVCJ9.eyJ0b2tlbl90eXBlIjoiYWNjZXNzIiwiZXhwIjoxNzgwOTkzNzA0LCJpYXQiOjE3ODA1NjE3MDQsImp0aSI6ImY0Nzk4M2RlZWUzOTQ3OGRiMjIyMzE5ZWQ0NDYzY2ZiIiwidXNlcl9pZCI6IjMifQ.2Jw0cKQIV136ovC-V7bgqKYbuFAA9ksGwhwaeh88WpE HTTP/1.1" 404 9536
WARNING 2026-06-05 09:32:31,554 basehttp 10232 16636 "GET /ws/notifications/?token=eyJhbGciOiJIUzI1NiIsInR5cCI6IkpXVCJ9.eyJ0b2tlbl90eXBlIjoiYWNjZXNzIiwiZXhwIjoxNzgwOTkzNzA0LCJpYXQiOjE3ODA1NjE3MDQsImp0aSI6ImY0Nzk4M2RlZWUzOTQ3OGRiMjIyMzE5ZWQ0NDYzY2ZiIiwidXNlcl9pZCI6IjMifQ.2Jw0cKQIV136ovC-V7bgqKYbuFAA9ksGwhwaeh88WpE HTTP/1.1" 404 9536
WARNING 2026-06-05 09:32:36,324 basehttp 10232 13528 "GET /ws/notifications/?token=eyJhbGciOiJIUzI1NiIsInR5cCI6IkpXVCJ9.eyJ0b2tlbl90eXBlIjoiYWNjZXNzIiwiZXhwIjoxNzgwOTkzNzA0LCJpYXQiOjE3ODA1NjE3MDQsImp0aSI6ImY0Nzk4M2RlZWUzOTQ3OGRiMjIyMzE5ZWQ0NDYzY2ZiIiwidXNlcl9pZCI6IjMifQ.2Jw0cKQIV136ovC-V7bgqKYbuFAA9ksGwhwaeh88WpE HTTP/1.1" 404 9536
WARNING 2026-06-05 09:32:40,655 basehttp 10232 14892 "GET /ws/notifications/?token=eyJhbGciOiJIUzI1NiIsInR5cCI6IkpXVCJ9.eyJ0b2tlbl90eXBlIjoiYWNjZXNzIiwiZXhwIjoxNzgwOTkzNzA0LCJpYXQiOjE3ODA1NjE3MDQsImp0aSI6ImY0Nzk4M2RlZWUzOTQ3OGRiMjIyMzE5ZWQ0NDYzY2ZiIiwidXNlcl9pZCI6IjMifQ.2Jw0cKQIV136ovC-V7bgqKYbuFAA9ksGwhwaeh88WpE HTTP/1.1" 404 9536
WARNING 2026-06-05 09:32:46,662 basehttp 10232 10800 "GET /ws/notifications/?token=eyJhbGciOiJIUzI1NiIsInR5cCI6IkpXVCJ9.eyJ0b2tlbl90eXBlIjoiYWNjZXNzIiwiZXhwIjoxNzgwOTkzNzA0LCJpYXQiOjE3ODA1NjE3MDQsImp0aSI6ImY0Nzk4M2RlZWUzOTQ3OGRiMjIyMzE5ZWQ0NDYzY2ZiIiwidXNlcl9pZCI6IjMifQ.2Jw0cKQIV136ovC-V7bgqKYbuFAA9ksGwhwaeh88WpE HTTP/1.1" 404 9536
WARNING 2026-06-05 09:32:50,310 basehttp 10232 4572 "GET /ws/notifications/?token=eyJhbGciOiJIUzI1NiIsInR5cCI6IkpXVCJ9.eyJ0b2tlbl90eXBlIjoiYWNjZXNzIiwiZXhwIjoxNzgwOTkzNzA0LCJpYXQiOjE3ODA1NjE3MDQsImp0aSI6ImY0Nzk4M2RlZWUzOTQ3OGRiMjIyMzE5ZWQ0NDYzY2ZiIiwidXNlcl9pZCI6IjMifQ.2Jw0cKQIV136ovC-V7bgqKYbuFAA9ksGwhwaeh88WpE HTTP/1.1" 404 9536
WARNING 2026-06-05 09:32:53,110 basehttp 10232 12564 "GET /ws/notifications/?token=eyJhbGciOiJIUzI1NiIsInR5cCI6IkpXVCJ9.eyJ0b2tlbl90eXBlIjoiYWNjZXNzIiwiZXhwIjoxNzgwOTkzNzA0LCJpYXQiOjE3ODA1NjE3MDQsImp0aSI6ImY0Nzk4M2RlZWUzOTQ3OGRiMjIyMzE5ZWQ0NDYzY2ZiIiwidXNlcl9pZCI6IjMifQ.2Jw0cKQIV136ovC-V7bgqKYbuFAA9ksGwhwaeh88WpE HTTP/1.1" 404 9536
WARNING 2026-06-05 09:32:55,732 basehttp 10232 10496 "GET /chat/unread-counts/ HTTP/1.1" 404 9304
WARNING 2026-06-05 09:32:58,564 basehttp 10232 2312 "GET /ws/notifications/?token=eyJhbGciOiJIUzI1NiIsInR5cCI6IkpXVCJ9.eyJ0b2tlbl90eXBlIjoiYWNjZXNzIiwiZXhwIjoxNzgwOTkzNzA0LCJpYXQiOjE3ODA1NjE3MDQsImp0aSI6ImY0Nzk4M2RlZWUzOTQ3OGRiMjIyMzE5ZWQ0NDYzY2ZiIiwidXNlcl9pZCI6IjMifQ.2Jw0cKQIV136ovC-V7bgqKYbuFAA9ksGwhwaeh88WpE HTTP/1.1" 404 9536
WARNING 2026-06-05 09:33:04,319 basehttp 10232 12088 "GET /ws/notifications/?token=eyJhbGciOiJIUzI1NiIsInR5cCI6IkpXVCJ9.eyJ0b2tlbl90eXBlIjoiYWNjZXNzIiwiZXhwIjoxNzgwOTkzNzA0LCJpYXQiOjE3ODA1NjE3MDQsImp0aSI6ImY0Nzk4M2RlZWUzOTQ3OGRiMjIyMzE5ZWQ0NDYzY2ZiIiwidXNlcl9pZCI6IjMifQ.2Jw0cKQIV136ovC-V7bgqKYbuFAA9ksGwhwaeh88WpE HTTP/1.1" 404 9536
WARNING 2026-06-05 09:33:07,450 basehttp 10232 10176 "GET /ws/notifications/?token=eyJhbGciOiJIUzI1NiIsInR5cCI6IkpXVCJ9.eyJ0b2tlbl90eXBlIjoiYWNjZXNzIiwiZXhwIjoxNzgwOTkzNzA0LCJpYXQiOjE3ODA1NjE3MDQsImp0aSI6ImY0Nzk4M2RlZWUzOTQ3OGRiMjIyMzE5ZWQ0NDYzY2ZiIiwidXNlcl9pZCI6IjMifQ.2Jw0cKQIV136ovC-V7bgqKYbuFAA9ksGwhwaeh88WpE HTTP/1.1" 404 9536
WARNING 2026-06-05 09:33:10,961 basehttp 10232 10864 "GET /ws/notifications/?token=eyJhbGciOiJIUzI1NiIsInR5cCI6IkpXVCJ9.eyJ0b2tlbl90eXBlIjoiYWNjZXNzIiwiZXhwIjoxNzgwOTkzNzA0LCJpYXQiOjE3ODA1NjE3MDQsImp0aSI6ImY0Nzk4M2RlZWUzOTQ3OGRiMjIyMzE5ZWQ0NDYzY2ZiIiwidXNlcl9pZCI6IjMifQ.2Jw0cKQIV136ovC-V7bgqKYbuFAA9ksGwhwaeh88WpE HTTP/1.1" 404 9536
WARNING 2026-06-05 09:33:15,050 basehttp 10232 16304 "GET /ws/notifications/?token=eyJhbGciOiJIUzI1NiIsInR5cCI6IkpXVCJ9.eyJ0b2tlbl90eXBlIjoiYWNjZXNzIiwiZXhwIjoxNzgwOTkzNzA0LCJpYXQiOjE3ODA1NjE3MDQsImp0aSI6ImY0Nzk4M2RlZWUzOTQ3OGRiMjIyMzE5ZWQ0NDYzY2ZiIiwidXNlcl9pZCI6IjMifQ.2Jw0cKQIV136ovC-V7bgqKYbuFAA9ksGwhwaeh88WpE HTTP/1.1" 404 9536
WARNING 2026-06-05 09:33:21,714 basehttp 10232 17404 "GET /ws/notifications/?token=eyJhbGciOiJIUzI1NiIsInR5cCI6IkpXVCJ9.eyJ0b2tlbl90eXBlIjoiYWNjZXNzIiwiZXhwIjoxNzgwOTkzNzA0LCJpYXQiOjE3ODA1NjE3MDQsImp0aSI6ImY0Nzk4M2RlZWUzOTQ3OGRiMjIyMzE5ZWQ0NDYzY2ZiIiwidXNlcl9pZCI6IjMifQ.2Jw0cKQIV136ovC-V7bgqKYbuFAA9ksGwhwaeh88WpE HTTP/1.1" 404 9536
WARNING 2026-06-05 09:33:25,680 basehttp 10232 2340 "GET /ws/notifications/?token=eyJhbGciOiJIUzI1NiIsInR5cCI6IkpXVCJ9.eyJ0b2tlbl90eXBlIjoiYWNjZXNzIiwiZXhwIjoxNzgwOTkzNzA0LCJpYXQiOjE3ODA1NjE3MDQsImp0aSI6ImY0Nzk4M2RlZWUzOTQ3OGRiMjIyMzE5ZWQ0NDYzY2ZiIiwidXNlcl9pZCI6IjMifQ.2Jw0cKQIV136ovC-V7bgqKYbuFAA9ksGwhwaeh88WpE HTTP/1.1" 404 9536
WARNING 2026-06-05 09:33:30,152 basehttp 10232 10648 "GET /ws/notifications/?token=eyJhbGciOiJIUzI1NiIsInR5cCI6IkpXVCJ9.eyJ0b2tlbl90eXBlIjoiYWNjZXNzIiwiZXhwIjoxNzgwOTkzNzA0LCJpYXQiOjE3ODA1NjE3MDQsImp0aSI6ImY0Nzk4M2RlZWUzOTQ3OGRiMjIyMzE5ZWQ0NDYzY2ZiIiwidXNlcl9pZCI6IjMifQ.2Jw0cKQIV136ovC-V7bgqKYbuFAA9ksGwhwaeh88WpE HTTP/1.1" 404 9536
WARNING 2026-06-05 09:33:33,629 basehttp 10232 10980 "GET /ws/notifications/?token=eyJhbGciOiJIUzI1NiIsInR5cCI6IkpXVCJ9.eyJ0b2tlbl90eXBlIjoiYWNjZXNzIiwiZXhwIjoxNzgwOTkzNzA0LCJpYXQiOjE3ODA1NjE3MDQsImp0aSI6ImY0Nzk4M2RlZWUzOTQ3OGRiMjIyMzE5ZWQ0NDYzY2ZiIiwidXNlcl9pZCI6IjMifQ.2Jw0cKQIV136ovC-V7bgqKYbuFAA9ksGwhwaeh88WpE HTTP/1.1" 404 9536
WARNING 2026-06-05 09:33:38,331 basehttp 10232 15512 "GET /ws/notifications/?token=eyJhbGciOiJIUzI1NiIsInR5cCI6IkpXVCJ9.eyJ0b2tlbl90eXBlIjoiYWNjZXNzIiwiZXhwIjoxNzgwOTkzNzA0LCJpYXQiOjE3ODA1NjE3MDQsImp0aSI6ImY0Nzk4M2RlZWUzOTQ3OGRiMjIyMzE5ZWQ0NDYzY2ZiIiwidXNlcl9pZCI6IjMifQ.2Jw0cKQIV136ovC-V7bgqKYbuFAA9ksGwhwaeh88WpE HTTP/1.1" 404 9536
WARNING 2026-06-05 09:33:42,092 basehttp 10232 17004 "GET /ws/notifications/?token=eyJhbGciOiJIUzI1NiIsInR5cCI6IkpXVCJ9.eyJ0b2tlbl90eXBlIjoiYWNjZXNzIiwiZXhwIjoxNzgwOTkzNzA0LCJpYXQiOjE3ODA1NjE3MDQsImp0aSI6ImY0Nzk4M2RlZWUzOTQ3OGRiMjIyMzE5ZWQ0NDYzY2ZiIiwidXNlcl9pZCI6IjMifQ.2Jw0cKQIV136ovC-V7bgqKYbuFAA9ksGwhwaeh88WpE HTTP/1.1" 404 9536
WARNING 2026-06-05 09:33:45,656 basehttp 10232 10280 "GET /ws/notifications/?token=eyJhbGciOiJIUzI1NiIsInR5cCI6IkpXVCJ9.eyJ0b2tlbl90eXBlIjoiYWNjZXNzIiwiZXhwIjoxNzgwOTkzNzA0LCJpYXQiOjE3ODA1NjE3MDQsImp0aSI6ImY0Nzk4M2RlZWUzOTQ3OGRiMjIyMzE5ZWQ0NDYzY2ZiIiwidXNlcl9pZCI6IjMifQ.2Jw0cKQIV136ovC-V7bgqKYbuFAA9ksGwhwaeh88WpE HTTP/1.1" 404 9536
WARNING 2026-06-05 09:33:49,725 basehttp 10232 16400 "GET /ws/notifications/?token=eyJhbGciOiJIUzI1NiIsInR5cCI6IkpXVCJ9.eyJ0b2tlbl90eXBlIjoiYWNjZXNzIiwiZXhwIjoxNzgwOTkzNzA0LCJpYXQiOjE3ODA1NjE3MDQsImp0aSI6ImY0Nzk4M2RlZWUzOTQ3OGRiMjIyMzE5ZWQ0NDYzY2ZiIiwidXNlcl9pZCI6IjMifQ.2Jw0cKQIV136ovC-V7bgqKYbuFAA9ksGwhwaeh88WpE HTTP/1.1" 404 9536
WARNING 2026-06-05 09:33:54,989 basehttp 10232 13236 "GET /ws/notifications/?token=eyJhbGciOiJIUzI1NiIsInR5cCI6IkpXVCJ9.eyJ0b2tlbl90eXBlIjoiYWNjZXNzIiwiZXhwIjoxNzgwOTkzNzA0LCJpYXQiOjE3ODA1NjE3MDQsImp0aSI6ImY0Nzk4M2RlZWUzOTQ3OGRiMjIyMzE5ZWQ0NDYzY2ZiIiwidXNlcl9pZCI6IjMifQ.2Jw0cKQIV136ovC-V7bgqKYbuFAA9ksGwhwaeh88WpE HTTP/1.1" 404 9536
WARNING 2026-06-05 09:33:55,725 basehttp 10232 10496 "GET /chat/unread-counts/ HTTP/1.1" 404 9304
WARNING 2026-06-05 09:33:57,893 basehttp 10232 18276 "GET /ws/notifications/?token=eyJhbGciOiJIUzI1NiIsInR5cCI6IkpXVCJ9.eyJ0b2tlbl90eXBlIjoiYWNjZXNzIiwiZXhwIjoxNzgwOTkzNzA0LCJpYXQiOjE3ODA1NjE3MDQsImp0aSI6ImY0Nzk4M2RlZWUzOTQ3OGRiMjIyMzE5ZWQ0NDYzY2ZiIiwidXNlcl9pZCI6IjMifQ.2Jw0cKQIV136ovC-V7bgqKYbuFAA9ksGwhwaeh88WpE HTTP/1.1" 404 9536
WARNING 2026-06-05 09:34:01,085 basehttp 10232 15572 "GET /ws/notifications/?token=eyJhbGciOiJIUzI1NiIsInR5cCI6IkpXVCJ9.eyJ0b2tlbl90eXBlIjoiYWNjZXNzIiwiZXhwIjoxNzgwOTkzNzA0LCJpYXQiOjE3ODA1NjE3MDQsImp0aSI6ImY0Nzk4M2RlZWUzOTQ3OGRiMjIyMzE5ZWQ0NDYzY2ZiIiwidXNlcl9pZCI6IjMifQ.2Jw0cKQIV136ovC-V7bgqKYbuFAA9ksGwhwaeh88WpE HTTP/1.1" 404 9536
WARNING 2026-06-05 09:34:07,291 basehttp 10232 11196 "GET /ws/notifications/?token=eyJhbGciOiJIUzI1NiIsInR5cCI6IkpXVCJ9.eyJ0b2tlbl90eXBlIjoiYWNjZXNzIiwiZXhwIjoxNzgwOTkzNzA0LCJpYXQiOjE3ODA1NjE3MDQsImp0aSI6ImY0Nzk4M2RlZWUzOTQ3OGRiMjIyMzE5ZWQ0NDYzY2ZiIiwidXNlcl9pZCI6IjMifQ.2Jw0cKQIV136ovC-V7bgqKYbuFAA9ksGwhwaeh88WpE HTTP/1.1" 404 9536
WARNING 2026-06-05 09:34:12,646 basehttp 10232 12348 "GET /ws/notifications/?token=eyJhbGciOiJIUzI1NiIsInR5cCI6IkpXVCJ9.eyJ0b2tlbl90eXBlIjoiYWNjZXNzIiwiZXhwIjoxNzgwOTkzNzA0LCJpYXQiOjE3ODA1NjE3MDQsImp0aSI6ImY0Nzk4M2RlZWUzOTQ3OGRiMjIyMzE5ZWQ0NDYzY2ZiIiwidXNlcl9pZCI6IjMifQ.2Jw0cKQIV136ovC-V7bgqKYbuFAA9ksGwhwaeh88WpE HTTP/1.1" 404 9536
WARNING 2026-06-05 09:34:15,983 basehttp 10232 15248 "GET /ws/notifications/?token=eyJhbGciOiJIUzI1NiIsInR5cCI6IkpXVCJ9.eyJ0b2tlbl90eXBlIjoiYWNjZXNzIiwiZXhwIjoxNzgwOTkzNzA0LCJpYXQiOjE3ODA1NjE3MDQsImp0aSI6ImY0Nzk4M2RlZWUzOTQ3OGRiMjIyMzE5ZWQ0NDYzY2ZiIiwidXNlcl9pZCI6IjMifQ.2Jw0cKQIV136ovC-V7bgqKYbuFAA9ksGwhwaeh88WpE HTTP/1.1" 404 9536
WARNING 2026-06-05 09:34:22,415 basehttp 10232 7076 "GET /ws/notifications/?token=eyJhbGciOiJIUzI1NiIsInR5cCI6IkpXVCJ9.eyJ0b2tlbl90eXBlIjoiYWNjZXNzIiwiZXhwIjoxNzgwOTkzNzA0LCJpYXQiOjE3ODA1NjE3MDQsImp0aSI6ImY0Nzk4M2RlZWUzOTQ3OGRiMjIyMzE5ZWQ0NDYzY2ZiIiwidXNlcl9pZCI6IjMifQ.2Jw0cKQIV136ovC-V7bgqKYbuFAA9ksGwhwaeh88WpE HTTP/1.1" 404 9536
WARNING 2026-06-05 09:34:27,882 basehttp 10232 1620 "GET /ws/notifications/?token=eyJhbGciOiJIUzI1NiIsInR5cCI6IkpXVCJ9.eyJ0b2tlbl90eXBlIjoiYWNjZXNzIiwiZXhwIjoxNzgwOTkzNzA0LCJpYXQiOjE3ODA1NjE3MDQsImp0aSI6ImY0Nzk4M2RlZWUzOTQ3OGRiMjIyMzE5ZWQ0NDYzY2ZiIiwidXNlcl9pZCI6IjMifQ.2Jw0cKQIV136ovC-V7bgqKYbuFAA9ksGwhwaeh88WpE HTTP/1.1" 404 9536
WARNING 2026-06-05 09:34:31,802 basehttp 10232 16048 "GET /ws/notifications/?token=eyJhbGciOiJIUzI1NiIsInR5cCI6IkpXVCJ9.eyJ0b2tlbl90eXBlIjoiYWNjZXNzIiwiZXhwIjoxNzgwOTkzNzA0LCJpYXQiOjE3ODA1NjE3MDQsImp0aSI6ImY0Nzk4M2RlZWUzOTQ3OGRiMjIyMzE5ZWQ0NDYzY2ZiIiwidXNlcl9pZCI6IjMifQ.2Jw0cKQIV136ovC-V7bgqKYbuFAA9ksGwhwaeh88WpE HTTP/1.1" 404 9536
WARNING 2026-06-05 09:34:36,421 basehttp 10232 8076 "GET /ws/notifications/?token=eyJhbGciOiJIUzI1NiIsInR5cCI6IkpXVCJ9.eyJ0b2tlbl90eXBlIjoiYWNjZXNzIiwiZXhwIjoxNzgwOTkzNzA0LCJpYXQiOjE3ODA1NjE3MDQsImp0aSI6ImY0Nzk4M2RlZWUzOTQ3OGRiMjIyMzE5ZWQ0NDYzY2ZiIiwidXNlcl9pZCI6IjMifQ.2Jw0cKQIV136ovC-V7bgqKYbuFAA9ksGwhwaeh88WpE HTTP/1.1" 404 9536
WARNING 2026-06-05 09:34:41,020 basehttp 10232 13940 "GET /ws/notifications/?token=eyJhbGciOiJIUzI1NiIsInR5cCI6IkpXVCJ9.eyJ0b2tlbl90eXBlIjoiYWNjZXNzIiwiZXhwIjoxNzgwOTkzNzA0LCJpYXQiOjE3ODA1NjE3MDQsImp0aSI6ImY0Nzk4M2RlZWUzOTQ3OGRiMjIyMzE5ZWQ0NDYzY2ZiIiwidXNlcl9pZCI6IjMifQ.2Jw0cKQIV136ovC-V7bgqKYbuFAA9ksGwhwaeh88WpE HTTP/1.1" 404 9536
WARNING 2026-06-05 09:34:43,790 basehttp 10232 4104 "GET /ws/notifications/?token=eyJhbGciOiJIUzI1NiIsInR5cCI6IkpXVCJ9.eyJ0b2tlbl90eXBlIjoiYWNjZXNzIiwiZXhwIjoxNzgwOTkzNzA0LCJpYXQiOjE3ODA1NjE3MDQsImp0aSI6ImY0Nzk4M2RlZWUzOTQ3OGRiMjIyMzE5ZWQ0NDYzY2ZiIiwidXNlcl9pZCI6IjMifQ.2Jw0cKQIV136ovC-V7bgqKYbuFAA9ksGwhwaeh88WpE HTTP/1.1" 404 9536
WARNING 2026-06-05 09:34:49,426 basehttp 10232 6364 "GET /ws/notifications/?token=eyJhbGciOiJIUzI1NiIsInR5cCI6IkpXVCJ9.eyJ0b2tlbl90eXBlIjoiYWNjZXNzIiwiZXhwIjoxNzgwOTkzNzA0LCJpYXQiOjE3ODA1NjE3MDQsImp0aSI6ImY0Nzk4M2RlZWUzOTQ3OGRiMjIyMzE5ZWQ0NDYzY2ZiIiwidXNlcl9pZCI6IjMifQ.2Jw0cKQIV136ovC-V7bgqKYbuFAA9ksGwhwaeh88WpE HTTP/1.1" 404 9536
WARNING 2026-06-05 09:34:51,836 basehttp 10232 18076 "GET /ws/notifications/?token=eyJhbGciOiJIUzI1NiIsInR5cCI6IkpXVCJ9.eyJ0b2tlbl90eXBlIjoiYWNjZXNzIiwiZXhwIjoxNzgwOTkzNzA0LCJpYXQiOjE3ODA1NjE3MDQsImp0aSI6ImY0Nzk4M2RlZWUzOTQ3OGRiMjIyMzE5ZWQ0NDYzY2ZiIiwidXNlcl9pZCI6IjMifQ.2Jw0cKQIV136ovC-V7bgqKYbuFAA9ksGwhwaeh88WpE HTTP/1.1" 404 9536
WARNING 2026-06-05 09:34:55,710 basehttp 10232 10496 "GET /chat/unread-counts/ HTTP/1.1" 404 9304
WARNING 2026-06-05 09:34:57,228 basehttp 10232 11924 "GET /ws/notifications/?token=eyJhbGciOiJIUzI1NiIsInR5cCI6IkpXVCJ9.eyJ0b2tlbl90eXBlIjoiYWNjZXNzIiwiZXhwIjoxNzgwOTkzNzA0LCJpYXQiOjE3ODA1NjE3MDQsImp0aSI6ImY0Nzk4M2RlZWUzOTQ3OGRiMjIyMzE5ZWQ0NDYzY2ZiIiwidXNlcl9pZCI6IjMifQ.2Jw0cKQIV136ovC-V7bgqKYbuFAA9ksGwhwaeh88WpE HTTP/1.1" 404 9536
WARNING 2026-06-05 09:35:03,629 basehttp 10232 13968 "GET /ws/notifications/?token=eyJhbGciOiJIUzI1NiIsInR5cCI6IkpXVCJ9.eyJ0b2tlbl90eXBlIjoiYWNjZXNzIiwiZXhwIjoxNzgwOTkzNzA0LCJpYXQiOjE3ODA1NjE3MDQsImp0aSI6ImY0Nzk4M2RlZWUzOTQ3OGRiMjIyMzE5ZWQ0NDYzY2ZiIiwidXNlcl9pZCI6IjMifQ.2Jw0cKQIV136ovC-V7bgqKYbuFAA9ksGwhwaeh88WpE HTTP/1.1" 404 9536
WARNING 2026-06-05 09:35:08,577 basehttp 10232 12912 "GET /ws/notifications/?token=eyJhbGciOiJIUzI1NiIsInR5cCI6IkpXVCJ9.eyJ0b2tlbl90eXBlIjoiYWNjZXNzIiwiZXhwIjoxNzgwOTkzNzA0LCJpYXQiOjE3ODA1NjE3MDQsImp0aSI6ImY0Nzk4M2RlZWUzOTQ3OGRiMjIyMzE5ZWQ0NDYzY2ZiIiwidXNlcl9pZCI6IjMifQ.2Jw0cKQIV136ovC-V7bgqKYbuFAA9ksGwhwaeh88WpE HTTP/1.1" 404 9536
WARNING 2026-06-05 09:35:13,872 basehttp 10232 10564 "GET /ws/notifications/?token=eyJhbGciOiJIUzI1NiIsInR5cCI6IkpXVCJ9.eyJ0b2tlbl90eXBlIjoiYWNjZXNzIiwiZXhwIjoxNzgwOTkzNzA0LCJpYXQiOjE3ODA1NjE3MDQsImp0aSI6ImY0Nzk4M2RlZWUzOTQ3OGRiMjIyMzE5ZWQ0NDYzY2ZiIiwidXNlcl9pZCI6IjMifQ.2Jw0cKQIV136ovC-V7bgqKYbuFAA9ksGwhwaeh88WpE HTTP/1.1" 404 9536
WARNING 2026-06-05 09:35:18,538 basehttp 10232 2084 "GET /ws/notifications/?token=eyJhbGciOiJIUzI1NiIsInR5cCI6IkpXVCJ9.eyJ0b2tlbl90eXBlIjoiYWNjZXNzIiwiZXhwIjoxNzgwOTkzNzA0LCJpYXQiOjE3ODA1NjE3MDQsImp0aSI6ImY0Nzk4M2RlZWUzOTQ3OGRiMjIyMzE5ZWQ0NDYzY2ZiIiwidXNlcl9pZCI6IjMifQ.2Jw0cKQIV136ovC-V7bgqKYbuFAA9ksGwhwaeh88WpE HTTP/1.1" 404 9536
WARNING 2026-06-05 09:35:23,344 basehttp 10232 17568 "GET /ws/notifications/?token=eyJhbGciOiJIUzI1NiIsInR5cCI6IkpXVCJ9.eyJ0b2tlbl90eXBlIjoiYWNjZXNzIiwiZXhwIjoxNzgwOTkzNzA0LCJpYXQiOjE3ODA1NjE3MDQsImp0aSI6ImY0Nzk4M2RlZWUzOTQ3OGRiMjIyMzE5ZWQ0NDYzY2ZiIiwidXNlcl9pZCI6IjMifQ.2Jw0cKQIV136ovC-V7bgqKYbuFAA9ksGwhwaeh88WpE HTTP/1.1" 404 9536
WARNING 2026-06-05 09:35:27,206 basehttp 10232 14064 "GET /ws/notifications/?token=eyJhbGciOiJIUzI1NiIsInR5cCI6IkpXVCJ9.eyJ0b2tlbl90eXBlIjoiYWNjZXNzIiwiZXhwIjoxNzgwOTkzNzA0LCJpYXQiOjE3ODA1NjE3MDQsImp0aSI6ImY0Nzk4M2RlZWUzOTQ3OGRiMjIyMzE5ZWQ0NDYzY2ZiIiwidXNlcl9pZCI6IjMifQ.2Jw0cKQIV136ovC-V7bgqKYbuFAA9ksGwhwaeh88WpE HTTP/1.1" 404 9536
WARNING 2026-06-05 09:35:30,502 basehttp 10232 13172 "GET /ws/notifications/?token=eyJhbGciOiJIUzI1NiIsInR5cCI6IkpXVCJ9.eyJ0b2tlbl90eXBlIjoiYWNjZXNzIiwiZXhwIjoxNzgwOTkzNzA0LCJpYXQiOjE3ODA1NjE3MDQsImp0aSI6ImY0Nzk4M2RlZWUzOTQ3OGRiMjIyMzE5ZWQ0NDYzY2ZiIiwidXNlcl9pZCI6IjMifQ.2Jw0cKQIV136ovC-V7bgqKYbuFAA9ksGwhwaeh88WpE HTTP/1.1" 404 9536
WARNING 2026-06-05 09:35:36,458 basehttp 10232 4512 "GET /ws/notifications/?token=eyJhbGciOiJIUzI1NiIsInR5cCI6IkpXVCJ9.eyJ0b2tlbl90eXBlIjoiYWNjZXNzIiwiZXhwIjoxNzgwOTkzNzA0LCJpYXQiOjE3ODA1NjE3MDQsImp0aSI6ImY0Nzk4M2RlZWUzOTQ3OGRiMjIyMzE5ZWQ0NDYzY2ZiIiwidXNlcl9pZCI6IjMifQ.2Jw0cKQIV136ovC-V7bgqKYbuFAA9ksGwhwaeh88WpE HTTP/1.1" 404 9536
WARNING 2026-06-05 09:35:41,783 basehttp 10232 16476 "GET /ws/notifications/?token=eyJhbGciOiJIUzI1NiIsInR5cCI6IkpXVCJ9.eyJ0b2tlbl90eXBlIjoiYWNjZXNzIiwiZXhwIjoxNzgwOTkzNzA0LCJpYXQiOjE3ODA1NjE3MDQsImp0aSI6ImY0Nzk4M2RlZWUzOTQ3OGRiMjIyMzE5ZWQ0NDYzY2ZiIiwidXNlcl9pZCI6IjMifQ.2Jw0cKQIV136ovC-V7bgqKYbuFAA9ksGwhwaeh88WpE HTTP/1.1" 404 9536
WARNING 2026-06-05 09:35:44,798 basehttp 10232 14776 "GET /ws/notifications/?token=eyJhbGciOiJIUzI1NiIsInR5cCI6IkpXVCJ9.eyJ0b2tlbl90eXBlIjoiYWNjZXNzIiwiZXhwIjoxNzgwOTkzNzA0LCJpYXQiOjE3ODA1NjE3MDQsImp0aSI6ImY0Nzk4M2RlZWUzOTQ3OGRiMjIyMzE5ZWQ0NDYzY2ZiIiwidXNlcl9pZCI6IjMifQ.2Jw0cKQIV136ovC-V7bgqKYbuFAA9ksGwhwaeh88WpE HTTP/1.1" 404 9536
WARNING 2026-06-05 09:35:49,226 basehttp 10232 5452 "GET /ws/notifications/?token=eyJhbGciOiJIUzI1NiIsInR5cCI6IkpXVCJ9.eyJ0b2tlbl90eXBlIjoiYWNjZXNzIiwiZXhwIjoxNzgwOTkzNzA0LCJpYXQiOjE3ODA1NjE3MDQsImp0aSI6ImY0Nzk4M2RlZWUzOTQ3OGRiMjIyMzE5ZWQ0NDYzY2ZiIiwidXNlcl9pZCI6IjMifQ.2Jw0cKQIV136ovC-V7bgqKYbuFAA9ksGwhwaeh88WpE HTTP/1.1" 404 9536
WARNING 2026-06-05 09:35:53,498 basehttp 10232 12428 "GET /ws/notifications/?token=eyJhbGciOiJIUzI1NiIsInR5cCI6IkpXVCJ9.eyJ0b2tlbl90eXBlIjoiYWNjZXNzIiwiZXhwIjoxNzgwOTkzNzA0LCJpYXQiOjE3ODA1NjE3MDQsImp0aSI6ImY0Nzk4M2RlZWUzOTQ3OGRiMjIyMzE5ZWQ0NDYzY2ZiIiwidXNlcl9pZCI6IjMifQ.2Jw0cKQIV136ovC-V7bgqKYbuFAA9ksGwhwaeh88WpE HTTP/1.1" 404 9536
WARNING 2026-06-05 09:35:55,728 basehttp 10232 10496 "GET /chat/unread-counts/ HTTP/1.1" 404 9304
WARNING 2026-06-05 09:35:58,706 basehttp 10232 3980 "GET /ws/notifications/?token=eyJhbGciOiJIUzI1NiIsInR5cCI6IkpXVCJ9.eyJ0b2tlbl90eXBlIjoiYWNjZXNzIiwiZXhwIjoxNzgwOTkzNzA0LCJpYXQiOjE3ODA1NjE3MDQsImp0aSI6ImY0Nzk4M2RlZWUzOTQ3OGRiMjIyMzE5ZWQ0NDYzY2ZiIiwidXNlcl9pZCI6IjMifQ.2Jw0cKQIV136ovC-V7bgqKYbuFAA9ksGwhwaeh88WpE HTTP/1.1" 404 9536
WARNING 2026-06-05 09:36:03,566 basehttp 10232 15496 "GET /ws/notifications/?token=eyJhbGciOiJIUzI1NiIsInR5cCI6IkpXVCJ9.eyJ0b2tlbl90eXBlIjoiYWNjZXNzIiwiZXhwIjoxNzgwOTkzNzA0LCJpYXQiOjE3ODA1NjE3MDQsImp0aSI6ImY0Nzk4M2RlZWUzOTQ3OGRiMjIyMzE5ZWQ0NDYzY2ZiIiwidXNlcl9pZCI6IjMifQ.2Jw0cKQIV136ovC-V7bgqKYbuFAA9ksGwhwaeh88WpE HTTP/1.1" 404 9536
WARNING 2026-06-05 09:36:05,928 basehttp 10232 17368 "GET /ws/notifications/?token=eyJhbGciOiJIUzI1NiIsInR5cCI6IkpXVCJ9.eyJ0b2tlbl90eXBlIjoiYWNjZXNzIiwiZXhwIjoxNzgwOTkzNzA0LCJpYXQiOjE3ODA1NjE3MDQsImp0aSI6ImY0Nzk4M2RlZWUzOTQ3OGRiMjIyMzE5ZWQ0NDYzY2ZiIiwidXNlcl9pZCI6IjMifQ.2Jw0cKQIV136ovC-V7bgqKYbuFAA9ksGwhwaeh88WpE HTTP/1.1" 404 9536
WARNING 2026-06-05 09:36:09,298 basehttp 10232 8680 "GET /ws/notifications/?token=eyJhbGciOiJIUzI1NiIsInR5cCI6IkpXVCJ9.eyJ0b2tlbl90eXBlIjoiYWNjZXNzIiwiZXhwIjoxNzgwOTkzNzA0LCJpYXQiOjE3ODA1NjE3MDQsImp0aSI6ImY0Nzk4M2RlZWUzOTQ3OGRiMjIyMzE5ZWQ0NDYzY2ZiIiwidXNlcl9pZCI6IjMifQ.2Jw0cKQIV136ovC-V7bgqKYbuFAA9ksGwhwaeh88WpE HTTP/1.1" 404 9536
INFO 2026-06-06 11:28:45,939 autoreload 15704 15708 Watching for file changes with StatReloader
INFO 2026-06-06 11:38:40,845 autoreload 10316 13836 Watching for file changes with StatReloader
INFO 2026-06-06 11:38:58,866 views 10316 14128 
==================================================
INFO 2026-06-06 11:38:58,867 views 10316 14128 PASSWORD RESET OTP REQUEST
INFO 2026-06-06 11:38:58,867 views 10316 14128 ==================================================
INFO 2026-06-06 11:38:58,874 views 10316 14128 User found: Prince MUGABE
INFO 2026-06-06 11:38:58,874 views 10316 14128 Generated OTP: 335735 for user: p.mugabe@admin_codepulse_africa_ltd.com
INFO 2026-06-06 11:38:58,875 utils 10316 14128 OTP stored in cache with key: reset_otp_p.mugabe@admin_codepulse_africa_ltd.com
INFO 2026-06-06 11:38:58,876 views 10316 14128 OTP stored with cache key: reset_otp_p.mugabe@admin_codepulse_africa_ltd.com
INFO 2026-06-06 11:38:58,876 views 10316 14128 Attempting to send OTP email to princemugabe568@gmail.com...
ERROR 2026-06-06 11:39:03,017 utils 10316 14128 Failed to send OTP email to princemugabe568@gmail.com: (535, b'5.7.8 Username and Password not accepted. For more information, go to\n5.7.8  https://support.google.com/mail/?p=BadCredentials 5b1f17b1804b1-490c2d2d11asm138542115e9.1 - gsmtp')
ERROR 2026-06-06 11:39:03,018 views 10316 14128 ERROR: Failed to send OTP email. Please try again.
ERROR 2026-06-06 11:39:03,359 basehttp 10316 14128 "POST /auth/password-reset/request-otp/ HTTP/1.1" 500 55
INFO 2026-06-06 11:44:14,069 autoreload 10316 13836 E:\DJANGO\FINAL YEAR PROJECTS\Bertrand\backend\backend\settings.py changed, reloading.
INFO 2026-06-06 11:44:21,364 autoreload 16204 6156 Watching for file changes with StatReloader
INFO 2026-06-06 11:44:36,617 views 16204 8820 
==================================================
INFO 2026-06-06 11:44:36,617 views 16204 8820 PASSWORD RESET OTP REQUEST
INFO 2026-06-06 11:44:36,617 views 16204 8820 ==================================================
INFO 2026-06-06 11:44:36,623 views 16204 8820 User found: Prince MUGABE
INFO 2026-06-06 11:44:36,623 views 16204 8820 Generated OTP: 437990 for user: p.mugabe@admin_codepulse_africa_ltd.com
INFO 2026-06-06 11:44:36,624 utils 16204 8820 OTP stored in cache with key: reset_otp_p.mugabe@admin_codepulse_africa_ltd.com
INFO 2026-06-06 11:44:36,625 views 16204 8820 OTP stored with cache key: reset_otp_p.mugabe@admin_codepulse_africa_ltd.com
INFO 2026-06-06 11:44:36,625 views 16204 8820 Attempting to send OTP email to princemugabe568@gmail.com...
INFO 2026-06-06 11:44:42,261 utils 16204 8820 OTP email sent successfully to princemugabe568@gmail.com
INFO 2026-06-06 11:44:42,648 views 16204 8820 SUCCESS: OTP sent to princemugabe568@gmail.com
INFO 2026-06-06 11:44:42,649 views 16204 8820 ==================================================

INFO 2026-06-06 11:44:42,651 basehttp 16204 8820 "POST /auth/password-reset/request-otp/ HTTP/1.1" 200 189
INFO 2026-06-06 11:45:30,299 basehttp 16204 8820 "OPTIONS /auth/password-reset/verify-otp/ HTTP/1.1" 200 0
INFO 2026-06-06 11:45:30,306 views 16204 8820 
==================================================
INFO 2026-06-06 11:45:30,307 views 16204 8820 VERIFY RESET OTP
INFO 2026-06-06 11:45:30,310 views 16204 8820 ==================================================
INFO 2026-06-06 11:45:30,311 views 16204 8820 Verifying OTP for: p.mugabe@admin_codepulse_africa_ltd.com
ERROR 2026-06-06 11:45:30,317 views 16204 8820 ERROR: OTP verification failed - OTP has expired or was not found. Please request a new OTP.
WARNING 2026-06-06 11:45:30,329 basehttp 16204 8820 "POST /auth/password-reset/verify-otp/ HTTP/1.1" 400 71
INFO 2026-06-06 11:45:34,789 views 16204 8820 
==================================================
INFO 2026-06-06 11:45:34,789 views 16204 8820 PASSWORD RESET OTP REQUEST
INFO 2026-06-06 11:45:34,789 views 16204 8820 ==================================================
INFO 2026-06-06 11:45:34,794 views 16204 8820 User found: Prince MUGABE
INFO 2026-06-06 11:45:34,795 views 16204 8820 Generated OTP: 520856 for user: p.mugabe@admin_codepulse_africa_ltd.com
INFO 2026-06-06 11:45:34,796 utils 16204 8820 OTP stored in cache with key: reset_otp_p.mugabe@admin_codepulse_africa_ltd.com
INFO 2026-06-06 11:45:34,796 views 16204 8820 OTP stored with cache key: reset_otp_p.mugabe@admin_codepulse_africa_ltd.com
INFO 2026-06-06 11:45:34,797 views 16204 8820 Attempting to send OTP email to princemugabe568@gmail.com...
INFO 2026-06-06 11:45:39,800 utils 16204 8820 OTP email sent successfully to princemugabe568@gmail.com
INFO 2026-06-06 11:45:39,805 views 16204 8820 SUCCESS: OTP sent to princemugabe568@gmail.com
INFO 2026-06-06 11:45:39,805 views 16204 8820 ==================================================

INFO 2026-06-06 11:45:39,807 basehttp 16204 8820 "POST /auth/password-reset/request-otp/ HTTP/1.1" 200 189
INFO 2026-06-06 11:45:51,265 views 16204 8820 
==================================================
INFO 2026-06-06 11:45:51,266 views 16204 8820 VERIFY RESET OTP
INFO 2026-06-06 11:45:51,266 views 16204 8820 ==================================================
INFO 2026-06-06 11:45:51,267 views 16204 8820 Verifying OTP for: p.mugabe@admin_codepulse_africa_ltd.com
INFO 2026-06-06 11:45:51,276 views 16204 8820 SUCCESS: OTP verified for p.mugabe@admin_codepulse_africa_ltd.com
INFO 2026-06-06 11:45:51,277 views 16204 8820 ==================================================

INFO 2026-06-06 11:45:51,279 basehttp 16204 8820 "POST /auth/password-reset/verify-otp/ HTTP/1.1" 200 151
INFO 2026-06-06 11:46:04,251 basehttp 16204 8820 "OPTIONS /auth/password-reset/confirm/ HTTP/1.1" 200 0
INFO 2026-06-06 11:46:04,259 views 16204 8820 
==================================================
INFO 2026-06-06 11:46:04,259 views 16204 8820 PASSWORD RESET WITH OTP
INFO 2026-06-06 11:46:04,260 views 16204 8820 ==================================================
INFO 2026-06-06 11:46:04,264 views 16204 8820 User found: Prince MUGABE
INFO 2026-06-06 11:46:05,249 views 16204 8820 SUCCESS: Password updated for user: p.mugabe@admin_codepulse_africa_ltd.com
INFO 2026-06-06 11:46:12,296 views 16204 8820 SUCCESS: Confirmation email sent to princemugabe568@gmail.com
INFO 2026-06-06 11:46:12,300 views 16204 8820 ==================================================

INFO 2026-06-06 11:46:12,301 basehttp 16204 8820 "POST /auth/password-reset/confirm/ HTTP/1.1" 200 117
INFO 2026-06-06 11:46:35,043 basehttp 16204 8820 "OPTIONS /auth/login/ HTTP/1.1" 200 0
INFO 2026-06-06 11:46:36,147 basehttp 16204 8820 "POST /auth/login/ HTTP/1.1" 200 904
INFO 2026-06-06 11:46:36,296 basehttp 16204 8820 "OPTIONS /dashboard/?range=week HTTP/1.1" 200 0
INFO 2026-06-06 11:46:36,301 basehttp 16204 16972 "OPTIONS /dashboard/?range=week HTTP/1.1" 200 0
INFO 2026-06-06 11:46:36,544 basehttp 16204 16972 "GET /dashboard/?range=week HTTP/1.1" 200 14200
INFO 2026-06-06 11:46:36,812 basehttp 16204 8820 "GET /dashboard/?range=week HTTP/1.1" 200 14105
INFO 2026-06-06 11:46:50,204 basehttp 16204 8820 "OPTIONS /profile/ HTTP/1.1" 200 0
INFO 2026-06-06 11:46:50,220 basehttp 16204 8820 "GET /profile/ HTTP/1.1" 200 376
INFO 2026-06-06 11:46:50,313 basehttp 16204 16972 "GET /profile/ HTTP/1.1" 200 376
INFO 2026-06-06 12:06:22,748 basehttp 16204 14820 "OPTIONS /request/all/? HTTP/1.1" 200 0
INFO 2026-06-06 12:06:22,748 basehttp 16204 11404 "OPTIONS /request/all/? HTTP/1.1" 200 0
INFO 2026-06-06 12:06:22,773 basehttp 16204 14820 "GET /request/all/? HTTP/1.1" 200 25
INFO 2026-06-06 12:06:22,817 basehttp 16204 14820 "OPTIONS /users/ HTTP/1.1" 200 0
INFO 2026-06-06 12:06:22,864 basehttp 16204 11404 "GET /request/all/? HTTP/1.1" 200 25
INFO 2026-06-06 12:06:22,875 basehttp 16204 14820 "GET /users/ HTTP/1.1" 200 2044
INFO 2026-06-06 12:06:22,906 basehttp 16204 14820 "OPTIONS /request/stats/ HTTP/1.1" 200 0
INFO 2026-06-06 12:06:22,964 basehttp 16204 11404 "GET /users/ HTTP/1.1" 200 2044
INFO 2026-06-06 12:06:22,989 basehttp 16204 14820 "GET /request/stats/ HTTP/1.1" 200 79
INFO 2026-06-06 12:06:23,034 basehttp 16204 11404 "GET /request/stats/ HTTP/1.1" 200 79
INFO 2026-06-06 12:06:48,837 basehttp 16204 11404 "OPTIONS /report/available/ HTTP/1.1" 200 0
INFO 2026-06-06 12:06:48,853 basehttp 16204 14820 "OPTIONS /departments/all/ HTTP/1.1" 200 0
INFO 2026-06-06 12:06:48,853 basehttp 16204 11404 "OPTIONS /report/available/ HTTP/1.1" 200 0
INFO 2026-06-06 12:06:48,897 basehttp 16204 3816 "OPTIONS /departments/all/ HTTP/1.1" 200 0
INFO 2026-06-06 12:06:48,927 basehttp 16204 11404 "GET /departments/all/ HTTP/1.1" 200 1250
INFO 2026-06-06 12:06:48,935 basehttp 16204 12772 "GET /report/available/ HTTP/1.1" 200 714
INFO 2026-06-06 12:06:48,978 basehttp 16204 14820 "GET /users/ HTTP/1.1" 200 2044
INFO 2026-06-06 12:06:49,025 basehttp 16204 3816 "GET /departments/all/ HTTP/1.1" 200 1250
INFO 2026-06-06 12:06:49,032 basehttp 16204 11292 "GET /report/available/ HTTP/1.1" 200 714
INFO 2026-06-06 12:06:49,071 basehttp 16204 12772 "GET /users/ HTTP/1.1" 200 2044
INFO 2026-06-06 12:08:59,924 basehttp 16204 12772 "OPTIONS /performance/my-performance/?days=30 HTTP/1.1" 200 0
INFO 2026-06-06 12:08:59,924 basehttp 16204 11292 "OPTIONS /performance/my-performance/?days=30 HTTP/1.1" 200 0
INFO 2026-06-06 12:09:00,357 basehttp 16204 11292 "GET /performance/my-performance/?days=30 HTTP/1.1" 200 3523
INFO 2026-06-06 12:09:00,705 basehttp 16204 12772 "GET /performance/my-performance/?days=30 HTTP/1.1" 200 3523
INFO 2026-06-06 12:09:01,005 basehttp 16204 11292 "GET /performance/my-performance/?days=30 HTTP/1.1" 200 3523
INFO 2026-06-06 12:09:01,270 basehttp 16204 12772 "GET /performance/my-performance/?days=30 HTTP/1.1" 200 3523
INFO 2026-06-06 12:09:06,338 basehttp 16204 12772 "OPTIONS /performance/all/?days=30&page=1&limit=12 HTTP/1.1" 200 0
INFO 2026-06-06 12:09:06,453 basehttp 16204 12772 "GET /performance/all/?days=30&page=1&limit=12 HTTP/1.1" 200 2071
INFO 2026-06-06 12:09:07,617 basehttp 16204 12772 "OPTIONS /performance/organization/?days=30 HTTP/1.1" 200 0
INFO 2026-06-06 12:09:07,617 basehttp 16204 11292 "OPTIONS /performance/departments/summaries/?days=30 HTTP/1.1" 200 0
INFO 2026-06-06 12:09:07,981 basehttp 16204 12772 "GET /performance/departments/summaries/?days=30 HTTP/1.1" 200 1067
INFO 2026-06-06 12:09:08,125 basehttp 16204 11292 "GET /performance/organization/?days=30 HTTP/1.1" 200 1946
INFO 2026-06-06 13:43:41,489 basehttp 16204 16792 "GET /profile/ HTTP/1.1" 200 376
INFO 2026-06-06 13:43:41,989 basehttp 16204 15732 "GET /profile/ HTTP/1.1" 200 376
INFO 2026-06-06 13:43:43,371 basehttp 16204 16792 "GET /performance/my-performance/?days=30 HTTP/1.1" 200 3523
INFO 2026-06-06 13:43:43,834 basehttp 16204 15732 "GET /performance/my-performance/?days=30 HTTP/1.1" 200 3523
INFO 2026-06-06 13:43:44,312 basehttp 16204 16792 "GET /performance/my-performance/?days=30 HTTP/1.1" 200 3523
INFO 2026-06-06 13:43:44,728 basehttp 16204 15732 "GET /performance/my-performance/?days=30 HTTP/1.1" 200 3523
INFO 2026-06-06 13:43:45,134 basehttp 16204 16792 "GET /performance/my-performance/?days=30 HTTP/1.1" 200 3523
INFO 2026-06-06 13:43:45,395 basehttp 16204 15732 "GET /performance/my-performance/?days=30 HTTP/1.1" 200 3523
